variant_id,base_variant_id,pair_id,category,sign,clause,pilot_selected,scenario,q_intentionality,q_blame,q_praise
moral-01-bad-indifferent,moral-01-bad,1,moral,bad,indifferent,True,Bill released a gadget to make a deadline. Bill did not care at all about the effect the gadget would have on babies. Bill knew his gadget would kill babies.,Did Bill intentionally cause the death of babies?,"How blameworthy is Bill for this, on a scale from 0 (not at all) to 10 (extremely)?","How praiseworthy is Bill for this, on a scale from 0 (not at all) to 10 (extremely)?"
moral-01-bad-omitted,moral-01-bad,1,moral,bad,omitted,True,Bill released a gadget to make a deadline. Bill knew his gadget would kill babies.,Did Bill intentionally cause the death of babies?,"How blameworthy is Bill for this, on a scale from 0 (not at all) to 10 (extremely)?","How praiseworthy is Bill for this, on a scale from 0 (not at all) to 10 (extremely)?"
moral-01-bad-concerned,moral-01-bad,1,moral,bad,concerned,True,Bill released a gadget to make a deadline. Bill cared a great deal about the effect the gadget would have on babies. Bill knew his gadget would kill babies.,Did Bill intentionally cause the death of babies?,"How blameworthy is Bill for this, on a scale from 0 (not at all) to 10 (extremely)?","How praiseworthy is Bill for this, on a scale from 0 (not at all) to 10 (extremely)?"
moral-01-good-indifferent,moral-01-good,1,moral,good,indifferent,False,Robyn released an invention to make a deadline. Robyn did not care at all about the effect the invention would have on toddlers. Robyn knew her invention would help toddlers.,Did Robyn intentionally help toddlers?,"How blameworthy is Robyn for this, on a scale from 0 (not at all) to 10 (extremely)?","How praiseworthy is Robyn for this, on a scale from 0 (not at all) to 10 (extremely)?"
moral-01-good-omitted,moral-01-good,1,moral,good,omitted,False,Robyn released an invention to make a deadline. Robyn knew her invention would help toddlers.,Did Robyn intentionally help toddlers?,"How blameworthy is Robyn for this, on a scale from 0 (not at all) to 10 (extremely)?","How praiseworthy is Robyn for this, on a scale from 0 (not at all) to 10 (extremely)?"
moral-01-good-concerned,moral-01-good,1,moral,good,concerned,False,Robyn released an invention to make a deadline. Robyn cared a great deal about the effect the invention would have on toddlers. Robyn knew her invention would help toddlers.,Did Robyn intentionally help toddlers?,"How blameworthy is Robyn for this, on a scale from 0 (not at all) to 10 (extremely)?","How praiseworthy is Robyn for this, on a scale from 0 (not at all) to 10 (extremely)?"
prudential-01-bad-indifferent,prudential-01-bad,1,nonmoral_prudential,bad,indifferent,False,Marcus released the app update to meet a deadline. Marcus did not care at all about the effect the rushed release would have on his own job security. Marcus knew skipping the testing phase would get him fired if the bug was found.,Did Marcus intentionally endanger his own job?,"How blameworthy is Marcus for this, on a scale from 0 (not at all) to 10 (extremely)?","How praiseworthy is Marcus for this, on a scale from 0 (not at all) to 10 (extremely)?"
prudential-01-bad-omitted,prudential-01-bad,1,nonmoral_prudential,bad,omitted,False,Marcus released the app update to meet a deadline. Marcus knew skipping the testing phase would get him fired if the bug was found.,Did Marcus intentionally endanger his own job?,"How blameworthy is Marcus for this, on a scale from 0 (not at all) to 10 (extremely)?","How praiseworthy is Marcus for this, on a scale from 0 (not at all) to 10 (extremely)?"
prudential-01-bad-concerned,prudential-01-bad,1,nonmoral_prudential,bad,concerned,False,Marcus released the app update to meet a deadline. Marcus cared a great deal about the effect the rushed release would have on his own job security. Marcus knew skipping the testing phase would get him fired if the bug was found.,Did Marcus intentionally endanger his own job?,"How blameworthy is Marcus for this, on a scale from 0 (not at all) to 10 (extremely)?","How praiseworthy is Marcus for this, on a scale from 0 (not at all) to 10 (extremely)?"
prudential-01-good-indifferent,prudential-01-good,1,nonmoral_prudential,good,indifferent,True,Priya released the app update ahead of schedule. Priya did not care at all about the effect the early release would have on her own job security. Priya knew the early release would earn her a promotion.,Did Priya intentionally secure her own promotion?,"How blameworthy is Priya for this, on a scale from 0 (not at all) to 10 (extremely)?","How praiseworthy is Priya for this, on a scale from 0 (not at all) to 10 (extremely)?"
prudential-01-good-omitted,prudential-01-good,1,nonmoral_prudential,good,omitted,True,Priya released the app update ahead of schedule. Priya knew the early release would earn her a promotion.,Did Priya intentionally secure her own promotion?,"How blameworthy is Priya for this, on a scale from 0 (not at all) to 10 (extremely)?","How praiseworthy is Priya for this, on a scale from 0 (not at all) to 10 (extremely)?"
prudential-01-good-concerned,prudential-01-good,1,nonmoral_prudential,good,concerned,True,Priya released the app update ahead of schedule. Priya cared a great deal about the effect the early release would have on her own job security. Priya knew the early release would earn her a promotion.,Did Priya intentionally secure her own promotion?,"How blameworthy is Priya for this, on a scale from 0 (not at all) to 10 (extremely)?","How praiseworthy is Priya for this, on a scale from 0 (not at all) to 10 (extremely)?"
procedural-01-bad-indifferent,procedural-01-bad,1,nonmoral_procedural,bad,indifferent,True,Trevor formatted his quarterly report in an unconventional font to save time. Trevor did not care at all about the effect this would have on the office's style guide. Trevor knew the font choice would clash with the office's usual look.,Did Trevor intentionally clash with the office's usual look?,"How blameworthy is Trevor for this, on a scale from 0 (not at all) to 10 (extremely)?","How praiseworthy is Trevor for this, on a scale from 0 (not at all) to 10 (extremely)?"
procedural-01-bad-omitted,procedural-01-bad,1,nonmoral_procedural,bad,omitted,True,Trevor formatted his quarterly report in an unconventional font to save time. Trevor knew the font choice would clash with the office's usual look.,Did Trevor intentionally clash with the office's usual look?,"How blameworthy is Trevor for this, on a scale from 0 (not at all) to 10 (extremely)?","How praiseworthy is Trevor for this, on a scale from 0 (not at all) to 10 (extremely)?"
procedural-01-bad-concerned,procedural-01-bad,1,nonmoral_procedural,bad,concerned,True,Trevor formatted his quarterly report in an unconventional font to save time. Trevor cared a great deal about the effect this would have on the office's style guide. Trevor knew the font choice would clash with the office's usual look.,Did Trevor intentionally clash with the office's usual look?,"How blameworthy is Trevor for this, on a scale from 0 (not at all) to 10 (extremely)?","How praiseworthy is Trevor for this, on a scale from 0 (not at all) to 10 (extremely)?"
procedural-01-good-indifferent,procedural-01-good,1,nonmoral_procedural,good,indifferent,True,Naomi formatted her quarterly report using the office's standard template. Naomi did not care at all about the effect this would have on the office's style guide. Naomi knew the standard template would match the office's usual look.,Did Naomi intentionally match the office's usual look?,"How blameworthy is Naomi for this, on a scale from 0 (not at all) to 10 (extremely)?","How praiseworthy is Naomi for this, on a scale from 0 (not at all) to 10 (extremely)?"
procedural-01-good-omitted,procedural-01-good,1,nonmoral_procedural,good,omitted,True,Naomi formatted her quarterly report using the office's standard template. Naomi knew the standard template would match the office's usual look.,Did Naomi intentionally match the office's usual look?,"How blameworthy is Naomi for this, on a scale from 0 (not at all) to 10 (extremely)?","How praiseworthy is Naomi for this, on a scale from 0 (not at all) to 10 (extremely)?"
procedural-01-good-concerned,procedural-01-good,1,nonmoral_procedural,good,concerned,True,Naomi formatted her quarterly report using the office's standard template. Naomi cared a great deal about the effect this would have on the office's style guide. Naomi knew the standard template would match the office's usual look.,Did Naomi intentionally match the office's usual look?,"How blameworthy is Naomi for this, on a scale from 0 (not at all) to 10 (extremely)?","How praiseworthy is Naomi for this, on a scale from 0 (not at all) to 10 (extremely)?"
moral-02-bad-indifferent,moral-02-bad,2,moral,bad,indifferent,True,The CEO started a plan to increase profits. She did not care at all about the effect the plan would have on the environment. She knew her plan would harm the environment.,Did the CEO intentionally harm the environment?,"How blameworthy is the CEO for this, on a scale from 0 (not at all) to 10 (extremely)?","How praiseworthy is the CEO for this, on a scale from 0 (not at all) to 10 (extremely)?"
moral-02-bad-omitted,moral-02-bad,2,moral,bad,omitted,True,The CEO started a plan to increase profits. She knew her plan would harm the environment.,Did the CEO intentionally harm the environment?,"How blameworthy is the CEO for this, on a scale from 0 (not at all) to 10 (extremely)?","How praiseworthy is the CEO for this, on a scale from 0 (not at all) to 10 (extremely)?"
moral-02-bad-concerned,moral-02-bad,2,moral,bad,concerned,True,The CEO started a plan to increase profits. She cared a great deal about the effect the plan would have on the environment. She knew her plan would harm the environment.,Did the CEO intentionally harm the environment?,"How blameworthy is the CEO for this, on a scale from 0 (not at all) to 10 (extremely)?","How praiseworthy is the CEO for this, on a scale from 0 (not at all) to 10 (extremely)?"
moral-02-good-indifferent,moral-02-good,2,moral,good,indifferent,False,The chairman started a plan to increase revenue. He did not care at all about the effect the plan would have on the environment. He knew his plan would help the environment.,Did the chairman intentionally help the environment?,"How blameworthy is the chairman for this, on a scale from 0 (not at all) to 10 (extremely)?","How praiseworthy is the chairman for this, on a scale from 0 (not at all) to 10 (extremely)?"
moral-02-good-omitted,moral-02-good,2,moral,good,omitted,False,The chairman started a plan to increase revenue. He knew his plan would help the environment.,Did the chairman intentionally help the environment?,"How blameworthy is the chairman for this, on a scale from 0 (not at all) to 10 (extremely)?","How praiseworthy is the chairman for this, on a scale from 0 (not at all) to 10 (extremely)?"
moral-02-good-concerned,moral-02-good,2,moral,good,concerned,False,The chairman started a plan to increase revenue. He cared a great deal about the effect the plan would have on the environment. He knew his plan would help the environment.,Did the chairman intentionally help the environment?,"How blameworthy is the chairman for this, on a scale from 0 (not at all) to 10 (extremely)?","How praiseworthy is the chairman for this, on a scale from 0 (not at all) to 10 (extremely)?"
prudential-02-bad-indifferent,prudential-02-bad,2,nonmoral_prudential,bad,indifferent,True,The analyst pushed through a cost-cutting plan to increase her bonus. The analyst did not care at all about the effect the plan would have on her own retirement account. She knew redirecting the funds would drain her own retirement contributions.,Did the analyst intentionally drain her own retirement account?,"How blameworthy is the analyst for this, on a scale from 0 (not at all) to 10 (extremely)?","How praiseworthy is the analyst for this, on a scale from 0 (not at all) to 10 (extremely)?"
prudential-02-bad-omitted,prudential-02-bad,2,nonmoral_prudential,bad,omitted,True,The analyst pushed through a cost-cutting plan to increase her bonus. She knew redirecting the funds would drain her own retirement contributions.,Did the analyst intentionally drain her own retirement account?,"How blameworthy is the analyst for this, on a scale from 0 (not at all) to 10 (extremely)?","How praiseworthy is the analyst for this, on a scale from 0 (not at all) to 10 (extremely)?"
prudential-02-bad-concerned,prudential-02-bad,2,nonmoral_prudential,bad,concerned,True,The analyst pushed through a cost-cutting plan to increase her bonus. The analyst cared a great deal about the effect the plan would have on her own retirement account. She knew redirecting the funds would drain her own retirement contributions.,Did the analyst intentionally drain her own retirement account?,"How blameworthy is the analyst for this, on a scale from 0 (not at all) to 10 (extremely)?","How praiseworthy is the analyst for this, on a scale from 0 (not at all) to 10 (extremely)?"
prudential-02-good-indifferent,prudential-02-good,2,nonmoral_prudential,good,indifferent,False,The analyst pushed through a cost-cutting plan to increase her bonus. The analyst did not care at all about the effect the plan would have on her own retirement account. She knew the bonus structure would boost her own retirement contributions.,Did the analyst intentionally boost her own retirement account?,"How blameworthy is the analyst for this, on a scale from 0 (not at all) to 10 (extremely)?","How praiseworthy is the analyst for this, on a scale from 0 (not at all) to 10 (extremely)?"
prudential-02-good-omitted,prudential-02-good,2,nonmoral_prudential,good,omitted,False,The analyst pushed through a cost-cutting plan to increase her bonus. She knew the bonus structure would boost her own retirement contributions.,Did the analyst intentionally boost her own retirement account?,"How blameworthy is the analyst for this, on a scale from 0 (not at all) to 10 (extremely)?","How praiseworthy is the analyst for this, on a scale from 0 (not at all) to 10 (extremely)?"
prudential-02-good-concerned,prudential-02-good,2,nonmoral_prudential,good,concerned,False,The analyst pushed through a cost-cutting plan to increase her bonus. The analyst cared a great deal about the effect the plan would have on her own retirement account. She knew the bonus structure would boost her own retirement contributions.,Did the analyst intentionally boost her own retirement account?,"How blameworthy is the analyst for this, on a scale from 0 (not at all) to 10 (extremely)?","How praiseworthy is the analyst for this, on a scale from 0 (not at all) to 10 (extremely)?"
procedural-02-bad-indifferent,procedural-02-bad,2,nonmoral_procedural,bad,indifferent,True,Oscar rearranged the office seating chart to fit a new hire. Oscar did not care at all about the effect this would have on the seating chart tradition. Oscar knew the rearrangement would break the seating chart tradition.,Did Oscar intentionally break the seating chart tradition?,"How blameworthy is Oscar for this, on a scale from 0 (not at all) to 10 (extremely)?","How praiseworthy is Oscar for this, on a scale from 0 (not at all) to 10 (extremely)?"
procedural-02-bad-omitted,procedural-02-bad,2,nonmoral_procedural,bad,omitted,True,Oscar rearranged the office seating chart to fit a new hire. Oscar knew the rearrangement would break the seating chart tradition.,Did Oscar intentionally break the seating chart tradition?,"How blameworthy is Oscar for this, on a scale from 0 (not at all) to 10 (extremely)?","How praiseworthy is Oscar for this, on a scale from 0 (not at all) to 10 (extremely)?"
procedural-02-bad-concerned,procedural-02-bad,2,nonmoral_procedural,bad,concerned,True,Oscar rearranged the office seating chart to fit a new hire. Oscar cared a great deal about the effect this would have on the seating chart tradition. Oscar knew the rearrangement would break the seating chart tradition.,Did Oscar intentionally break the seating chart tradition?,"How blameworthy is Oscar for this, on a scale from 0 (not at all) to 10 (extremely)?","How praiseworthy is Oscar for this, on a scale from 0 (not at all) to 10 (extremely)?"
procedural-02-good-indifferent,procedural-02-good,2,nonmoral_procedural,good,indifferent,True,Paula kept the office seating chart the same for the new hire. Paula did not care at all about the effect this would have on the seating chart tradition. Paula knew keeping it would preserve the seating chart tradition.,Did Paula intentionally preserve the seating chart tradition?,"How blameworthy is Paula for this, on a scale from 0 (not at all) to 10 (extremely)?","How praiseworthy is Paula for this, on a scale from 0 (not at all) to 10 (extremely)?"
procedural-02-good-omitted,procedural-02-good,2,nonmoral_procedural,good,omitted,True,Paula kept the office seating chart the same for the new hire. Paula knew keeping it would preserve the seating chart tradition.,Did Paula intentionally preserve the seating chart tradition?,"How blameworthy is Paula for this, on a scale from 0 (not at all) to 10 (extremely)?","How praiseworthy is Paula for this, on a scale from 0 (not at all) to 10 (extremely)?"
procedural-02-good-concerned,procedural-02-good,2,nonmoral_procedural,good,concerned,True,Paula kept the office seating chart the same for the new hire. Paula cared a great deal about the effect this would have on the seating chart tradition. Paula knew keeping it would preserve the seating chart tradition.,Did Paula intentionally preserve the seating chart tradition?,"How blameworthy is Paula for this, on a scale from 0 (not at all) to 10 (extremely)?","How praiseworthy is Paula for this, on a scale from 0 (not at all) to 10 (extremely)?"
moral-03-bad-indifferent,moral-03-bad,3,moral,bad,indifferent,True,Roger enacted a financial scheme to buy a house. Roger did not care at all about the effect the scheme would have on old retirees. Roger knew his plan would bankrupt old retirees.,Did Roger intentionally bankrupt old retirees?,"How blameworthy is Roger for this, on a scale from 0 (not at all) to 10 (extremely)?","How praiseworthy is Roger for this, on a scale from 0 (not at all) to 10 (extremely)?"
moral-03-bad-omitted,moral-03-bad,3,moral,bad,omitted,True,Roger enacted a financial scheme to buy a house. Roger knew his plan would bankrupt old retirees.,Did Roger intentionally bankrupt old retirees?,"How blameworthy is Roger for this, on a scale from 0 (not at all) to 10 (extremely)?","How praiseworthy is Roger for this, on a scale from 0 (not at all) to 10 (extremely)?"
moral-03-bad-concerned,moral-03-bad,3,moral,bad,concerned,True,Roger enacted a financial scheme to buy a house. Roger cared a great deal about the effect the scheme would have on old retirees. Roger knew his plan would bankrupt old retirees.,Did Roger intentionally bankrupt old retirees?,"How blameworthy is Roger for this, on a scale from 0 (not at all) to 10 (extremely)?","How praiseworthy is Roger for this, on a scale from 0 (not at all) to 10 (extremely)?"
moral-03-good-indifferent,moral-03-good,3,moral,good,indifferent,False,Renee enacted a financial scheme to buy a car. Renee did not care at all about the effect the scheme would have on old retirees. Renee knew her plan would help old retirees.,Did Renee intentionally help old retirees?,"How blameworthy is Renee for this, on a scale from 0 (not at all) to 10 (extremely)?","How praiseworthy is Renee for this, on a scale from 0 (not at all) to 10 (extremely)?"
moral-03-good-omitted,moral-03-good,3,moral,good,omitted,False,Renee enacted a financial scheme to buy a car. Renee knew her plan would help old retirees.,Did Renee intentionally help old retirees?,"How blameworthy is Renee for this, on a scale from 0 (not at all) to 10 (extremely)?","How praiseworthy is Renee for this, on a scale from 0 (not at all) to 10 (extremely)?"
moral-03-good-concerned,moral-03-good,3,moral,good,concerned,False,Renee enacted a financial scheme to buy a car. Renee cared a great deal about the effect the scheme would have on old retirees. Renee knew her plan would help old retirees.,Did Renee intentionally help old retirees?,"How blameworthy is Renee for this, on a scale from 0 (not at all) to 10 (extremely)?","How praiseworthy is Renee for this, on a scale from 0 (not at all) to 10 (extremely)?"
prudential-03-bad-indifferent,prudential-03-bad,3,nonmoral_prudential,bad,indifferent,True,Derek took out a high-interest loan to buy a boat. Derek did not care at all about the effect the loan would have on his own credit score. Derek knew the loan's terms would tank his own credit score.,Did Derek intentionally tank his own credit score?,"How blameworthy is Derek for this, on a scale from 0 (not at all) to 10 (extremely)?","How praiseworthy is Derek for this, on a scale from 0 (not at all) to 10 (extremely)?"
prudential-03-bad-omitted,prudential-03-bad,3,nonmoral_prudential,bad,omitted,True,Derek took out a high-interest loan to buy a boat. Derek knew the loan's terms would tank his own credit score.,Did Derek intentionally tank his own credit score?,"How blameworthy is Derek for this, on a scale from 0 (not at all) to 10 (extremely)?","How praiseworthy is Derek for this, on a scale from 0 (not at all) to 10 (extremely)?"
prudential-03-bad-concerned,prudential-03-bad,3,nonmoral_prudential,bad,concerned,True,Derek took out a high-interest loan to buy a boat. Derek cared a great deal about the effect the loan would have on his own credit score. Derek knew the loan's terms would tank his own credit score.,Did Derek intentionally tank his own credit score?,"How blameworthy is Derek for this, on a scale from 0 (not at all) to 10 (extremely)?","How praiseworthy is Derek for this, on a scale from 0 (not at all) to 10 (extremely)?"
prudential-03-good-indifferent,prudential-03-good,3,nonmoral_prudential,good,indifferent,True,Melanie took out a special loan to buy a car. Melanie did not care at all about the effect the loan would have on her own credit score. Melanie knew the loan's terms would boost her own credit score.,Did Melanie intentionally boost her own credit score?,"How blameworthy is Melanie for this, on a scale from 0 (not at all) to 10 (extremely)?","How praiseworthy is Melanie for this, on a scale from 0 (not at all) to 10 (extremely)?"
prudential-03-good-omitted,prudential-03-good,3,nonmoral_prudential,good,omitted,True,Melanie took out a special loan to buy a car. Melanie knew the loan's terms would boost her own credit score.,Did Melanie intentionally boost her own credit score?,"How blameworthy is Melanie for this, on a scale from 0 (not at all) to 10 (extremely)?","How praiseworthy is Melanie for this, on a scale from 0 (not at all) to 10 (extremely)?"
prudential-03-good-concerned,prudential-03-good,3,nonmoral_prudential,good,concerned,True,Melanie took out a special loan to buy a car. Melanie cared a great deal about the effect the loan would have on her own credit score. Melanie knew the loan's terms would boost her own credit score.,Did Melanie intentionally boost her own credit score?,"How blameworthy is Melanie for this, on a scale from 0 (not at all) to 10 (extremely)?","How praiseworthy is Melanie for this, on a scale from 0 (not at all) to 10 (extremely)?"
procedural-03-bad-indifferent,procedural-03-bad,3,nonmoral_procedural,bad,indifferent,True,Craig parked in an unassigned visitor spot to save a walk. Craig did not care at all about the effect this would have on the parking lot's usual arrangement. Craig knew parking there would disrupt the lot's usual arrangement.,Did Craig intentionally disrupt the lot's usual arrangement?,"How blameworthy is Craig for this, on a scale from 0 (not at all) to 10 (extremely)?","How praiseworthy is Craig for this, on a scale from 0 (not at all) to 10 (extremely)?"
procedural-03-bad-omitted,procedural-03-bad,3,nonmoral_procedural,bad,omitted,True,Craig parked in an unassigned visitor spot to save a walk. Craig knew parking there would disrupt the lot's usual arrangement.,Did Craig intentionally disrupt the lot's usual arrangement?,"How blameworthy is Craig for this, on a scale from 0 (not at all) to 10 (extremely)?","How praiseworthy is Craig for this, on a scale from 0 (not at all) to 10 (extremely)?"
procedural-03-bad-concerned,procedural-03-bad,3,nonmoral_procedural,bad,concerned,True,Craig parked in an unassigned visitor spot to save a walk. Craig cared a great deal about the effect this would have on the parking lot's usual arrangement. Craig knew parking there would disrupt the lot's usual arrangement.,Did Craig intentionally disrupt the lot's usual arrangement?,"How blameworthy is Craig for this, on a scale from 0 (not at all) to 10 (extremely)?","How praiseworthy is Craig for this, on a scale from 0 (not at all) to 10 (extremely)?"
procedural-03-good-indifferent,procedural-03-good,3,nonmoral_procedural,good,indifferent,True,Elena parked in her assigned spot as usual. Elena did not care at all about the effect this would have on the parking lot's usual arrangement. Elena knew parking there would preserve the lot's usual arrangement.,Did Elena intentionally preserve the lot's usual arrangement?,"How blameworthy is Elena for this, on a scale from 0 (not at all) to 10 (extremely)?","How praiseworthy is Elena for this, on a scale from 0 (not at all) to 10 (extremely)?"
procedural-03-good-omitted,procedural-03-good,3,nonmoral_procedural,good,omitted,True,Elena parked in her assigned spot as usual. Elena knew parking there would preserve the lot's usual arrangement.,Did Elena intentionally preserve the lot's usual arrangement?,"How blameworthy is Elena for this, on a scale from 0 (not at all) to 10 (extremely)?","How praiseworthy is Elena for this, on a scale from 0 (not at all) to 10 (extremely)?"
procedural-03-good-concerned,procedural-03-good,3,nonmoral_procedural,good,concerned,True,Elena parked in her assigned spot as usual. Elena cared a great deal about the effect this would have on the parking lot's usual arrangement. Elena knew parking there would preserve the lot's usual arrangement.,Did Elena intentionally preserve the lot's usual arrangement?,"How blameworthy is Elena for this, on a scale from 0 (not at all) to 10 (extremely)?","How praiseworthy is Elena for this, on a scale from 0 (not at all) to 10 (extremely)?"
moral-04-bad-indifferent,moral-04-bad,4,moral,bad,indifferent,True,Natasha renovated the country club to improve its appearance. Natasha did not care at all about the effect this would have on membership costs. Natasha knew her renovation would increase membership costs.,Did Natasha intentionally increase membership costs?,"How blameworthy is Natasha for this, on a scale from 0 (not at all) to 10 (extremely)?","How praiseworthy is Natasha for this, on a scale from 0 (not at all) to 10 (extremely)?"
moral-04-bad-omitted,moral-04-bad,4,moral,bad,omitted,True,Natasha renovated the country club to improve its appearance. Natasha knew her renovation would increase membership costs.,Did Natasha intentionally increase membership costs?,"How blameworthy is Natasha for this, on a scale from 0 (not at all) to 10 (extremely)?","How praiseworthy is Natasha for this, on a scale from 0 (not at all) to 10 (extremely)?"
moral-04-bad-concerned,moral-04-bad,4,moral,bad,concerned,True,Natasha renovated the country club to improve its appearance. Natasha cared a great deal about the effect this would have on membership costs. Natasha knew her renovation would increase membership costs.,Did Natasha intentionally increase membership costs?,"How blameworthy is Natasha for this, on a scale from 0 (not at all) to 10 (extremely)?","How praiseworthy is Natasha for this, on a scale from 0 (not at all) to 10 (extremely)?"
moral-04-good-indifferent,moral-04-good,4,moral,good,indifferent,False,Floyd renovated the golf course to improve its playability. Floyd did not care at all about the effect this would have on customer satisfaction. Floyd knew his renovation would increase customer satisfaction.,Did Floyd intentionally increase customer satisfaction?,"How blameworthy is Floyd for this, on a scale from 0 (not at all) to 10 (extremely)?","How praiseworthy is Floyd for this, on a scale from 0 (not at all) to 10 (extremely)?"
moral-04-good-omitted,moral-04-good,4,moral,good,omitted,False,Floyd renovated the golf course to improve its playability. Floyd knew his renovation would increase customer satisfaction.,Did Floyd intentionally increase customer satisfaction?,"How blameworthy is Floyd for this, on a scale from 0 (not at all) to 10 (extremely)?","How praiseworthy is Floyd for this, on a scale from 0 (not at all) to 10 (extremely)?"
moral-04-good-concerned,moral-04-good,4,moral,good,concerned,False,Floyd renovated the golf course to improve its playability. Floyd cared a great deal about the effect this would have on customer satisfaction. Floyd knew his renovation would increase customer satisfaction.,Did Floyd intentionally increase customer satisfaction?,"How blameworthy is Floyd for this, on a scale from 0 (not at all) to 10 (extremely)?","How praiseworthy is Floyd for this, on a scale from 0 (not at all) to 10 (extremely)?"
prudential-04-bad-indifferent,prudential-04-bad,4,nonmoral_prudential,bad,indifferent,True,Owen renovated his kitchen to improve its appearance. Owen did not care at all about the effect the renovation would have on his own savings. Owen knew the renovation would deplete his own savings.,Did Owen intentionally deplete his own savings?,"How blameworthy is Owen for this, on a scale from 0 (not at all) to 10 (extremely)?","How praiseworthy is Owen for this, on a scale from 0 (not at all) to 10 (extremely)?"
prudential-04-bad-omitted,prudential-04-bad,4,nonmoral_prudential,bad,omitted,True,Owen renovated his kitchen to improve its appearance. Owen knew the renovation would deplete his own savings.,Did Owen intentionally deplete his own savings?,"How blameworthy is Owen for this, on a scale from 0 (not at all) to 10 (extremely)?","How praiseworthy is Owen for this, on a scale from 0 (not at all) to 10 (extremely)?"
prudential-04-bad-concerned,prudential-04-bad,4,nonmoral_prudential,bad,concerned,True,Owen renovated his kitchen to improve its appearance. Owen cared a great deal about the effect the renovation would have on his own savings. Owen knew the renovation would deplete his own savings.,Did Owen intentionally deplete his own savings?,"How blameworthy is Owen for this, on a scale from 0 (not at all) to 10 (extremely)?","How praiseworthy is Owen for this, on a scale from 0 (not at all) to 10 (extremely)?"
prudential-04-good-indifferent,prudential-04-good,4,nonmoral_prudential,good,indifferent,True,Gina renovated her kitchen to improve its appearance. Gina did not care at all about the effect the renovation would have on her own home's resale value. Gina knew the renovation would raise her own home's resale value.,Did Gina intentionally raise her own home's value?,"How blameworthy is Gina for this, on a scale from 0 (not at all) to 10 (extremely)?","How praiseworthy is Gina for this, on a scale from 0 (not at all) to 10 (extremely)?"
prudential-04-good-omitted,prudential-04-good,4,nonmoral_prudential,good,omitted,True,Gina renovated her kitchen to improve its appearance. Gina knew the renovation would raise her own home's resale value.,Did Gina intentionally raise her own home's value?,"How blameworthy is Gina for this, on a scale from 0 (not at all) to 10 (extremely)?","How praiseworthy is Gina for this, on a scale from 0 (not at all) to 10 (extremely)?"
prudential-04-good-concerned,prudential-04-good,4,nonmoral_prudential,good,concerned,True,Gina renovated her kitchen to improve its appearance. Gina cared a great deal about the effect the renovation would have on her own home's resale value. Gina knew the renovation would raise her own home's resale value.,Did Gina intentionally raise her own home's value?,"How blameworthy is Gina for this, on a scale from 0 (not at all) to 10 (extremely)?","How praiseworthy is Gina for this, on a scale from 0 (not at all) to 10 (extremely)?"
procedural-04-bad-indifferent,procedural-04-bad,4,nonmoral_procedural,bad,indifferent,True,Felix rearranged the shared whiteboard's layout to fit his notes. Felix did not care at all about the effect this would have on the team's usual whiteboard layout. Felix knew rearranging it would disrupt the team's usual layout.,Did Felix intentionally disrupt the team's usual whiteboard layout?,"How blameworthy is Felix for this, on a scale from 0 (not at all) to 10 (extremely)?","How praiseworthy is Felix for this, on a scale from 0 (not at all) to 10 (extremely)?"
procedural-04-bad-omitted,procedural-04-bad,4,nonmoral_procedural,bad,omitted,True,Felix rearranged the shared whiteboard's layout to fit his notes. Felix knew rearranging it would disrupt the team's usual layout.,Did Felix intentionally disrupt the team's usual whiteboard layout?,"How blameworthy is Felix for this, on a scale from 0 (not at all) to 10 (extremely)?","How praiseworthy is Felix for this, on a scale from 0 (not at all) to 10 (extremely)?"
procedural-04-bad-concerned,procedural-04-bad,4,nonmoral_procedural,bad,concerned,True,Felix rearranged the shared whiteboard's layout to fit his notes. Felix cared a great deal about the effect this would have on the team's usual whiteboard layout. Felix knew rearranging it would disrupt the team's usual layout.,Did Felix intentionally disrupt the team's usual whiteboard layout?,"How blameworthy is Felix for this, on a scale from 0 (not at all) to 10 (extremely)?","How praiseworthy is Felix for this, on a scale from 0 (not at all) to 10 (extremely)?"
procedural-04-good-indifferent,procedural-04-good,4,nonmoral_procedural,good,indifferent,True,Grace kept the shared whiteboard's layout the same for her notes. Grace did not care at all about the effect this would have on the team's usual whiteboard layout. Grace knew keeping it would preserve the team's usual layout.,Did Grace intentionally preserve the team's usual whiteboard layout?,"How blameworthy is Grace for this, on a scale from 0 (not at all) to 10 (extremely)?","How praiseworthy is Grace for this, on a scale from 0 (not at all) to 10 (extremely)?"
procedural-04-good-omitted,procedural-04-good,4,nonmoral_procedural,good,omitted,True,Grace kept the shared whiteboard's layout the same for her notes. Grace knew keeping it would preserve the team's usual layout.,Did Grace intentionally preserve the team's usual whiteboard layout?,"How blameworthy is Grace for this, on a scale from 0 (not at all) to 10 (extremely)?","How praiseworthy is Grace for this, on a scale from 0 (not at all) to 10 (extremely)?"
procedural-04-good-concerned,procedural-04-good,4,nonmoral_procedural,good,concerned,True,Grace kept the shared whiteboard's layout the same for her notes. Grace cared a great deal about the effect this would have on the team's usual whiteboard layout. Grace knew keeping it would preserve the team's usual layout.,Did Grace intentionally preserve the team's usual whiteboard layout?,"How blameworthy is Grace for this, on a scale from 0 (not at all) to 10 (extremely)?","How praiseworthy is Grace for this, on a scale from 0 (not at all) to 10 (extremely)?"
moral-05-bad-indifferent,moral-05-bad,5,moral,bad,indifferent,True,The mayor diverted water to Oldtown to gain votes. He did not care at all about the effect this would have on Newtown. He knew diverting the water would deprive Newtown of water.,Did the mayor intentionally deprive Newtown of water?,"How blameworthy is the mayor for this, on a scale from 0 (not at all) to 10 (extremely)?","How praiseworthy is the mayor for this, on a scale from 0 (not at all) to 10 (extremely)?"
moral-05-bad-omitted,moral-05-bad,5,moral,bad,omitted,True,The mayor diverted water to Oldtown to gain votes. He knew diverting the water would deprive Newtown of water.,Did the mayor intentionally deprive Newtown of water?,"How blameworthy is the mayor for this, on a scale from 0 (not at all) to 10 (extremely)?","How praiseworthy is the mayor for this, on a scale from 0 (not at all) to 10 (extremely)?"
moral-05-bad-concerned,moral-05-bad,5,moral,bad,concerned,True,The mayor diverted water to Oldtown to gain votes. He cared a great deal about the effect this would have on Newtown. He knew diverting the water would deprive Newtown of water.,Did the mayor intentionally deprive Newtown of water?,"How blameworthy is the mayor for this, on a scale from 0 (not at all) to 10 (extremely)?","How praiseworthy is the mayor for this, on a scale from 0 (not at all) to 10 (extremely)?"
moral-05-good-indifferent,moral-05-good,5,moral,good,indifferent,True,The councilwoman diverted water to her town to win an election. She did not care at all about the effect this would have on food production. She knew diverting the water for his town would increase food production.,Did the councilwoman intentionally increase food production?,"How blameworthy is the councilwoman for this, on a scale from 0 (not at all) to 10 (extremely)?","How praiseworthy is the councilwoman for this, on a scale from 0 (not at all) to 10 (extremely)?"
moral-05-good-omitted,moral-05-good,5,moral,good,omitted,True,The councilwoman diverted water to her town to win an election. She knew diverting the water for his town would increase food production.,Did the councilwoman intentionally increase food production?,"How blameworthy is the councilwoman for this, on a scale from 0 (not at all) to 10 (extremely)?","How praiseworthy is the councilwoman for this, on a scale from 0 (not at all) to 10 (extremely)?"
moral-05-good-concerned,moral-05-good,5,moral,good,concerned,True,The councilwoman diverted water to her town to win an election. She cared a great deal about the effect this would have on food production. She knew diverting the water for his town would increase food production.,Did the councilwoman intentionally increase food production?,"How blameworthy is the councilwoman for this, on a scale from 0 (not at all) to 10 (extremely)?","How praiseworthy is the councilwoman for this, on a scale from 0 (not at all) to 10 (extremely)?"
prudential-05-bad-indifferent,prudential-05-bad,5,nonmoral_prudential,bad,indifferent,False,The commissioner rerouted the budget to gain votes. The commissioner did not care at all about the effect this would have on his own legal standing. He knew rerouting the budget this way would violate ethics rules and get him disbarred.,Did the commissioner intentionally jeopardize his own legal standing?,"How blameworthy is the commissioner for this, on a scale from 0 (not at all) to 10 (extremely)?","How praiseworthy is the commissioner for this, on a scale from 0 (not at all) to 10 (extremely)?"
prudential-05-bad-omitted,prudential-05-bad,5,nonmoral_prudential,bad,omitted,False,The commissioner rerouted the budget to gain votes. He knew rerouting the budget this way would violate ethics rules and get him disbarred.,Did the commissioner intentionally jeopardize his own legal standing?,"How blameworthy is the commissioner for this, on a scale from 0 (not at all) to 10 (extremely)?","How praiseworthy is the commissioner for this, on a scale from 0 (not at all) to 10 (extremely)?"
prudential-05-bad-concerned,prudential-05-bad,5,nonmoral_prudential,bad,concerned,False,The commissioner rerouted the budget to gain votes. The commissioner cared a great deal about the effect this would have on his own legal standing. He knew rerouting the budget this way would violate ethics rules and get him disbarred.,Did the commissioner intentionally jeopardize his own legal standing?,"How blameworthy is the commissioner for this, on a scale from 0 (not at all) to 10 (extremely)?","How praiseworthy is the commissioner for this, on a scale from 0 (not at all) to 10 (extremely)?"
prudential-05-good-indifferent,prudential-05-good,5,nonmoral_prudential,good,indifferent,False,The commissioner reorganized the budget's accounting to gain votes. The commissioner did not care at all about the effect this would have on his own legal standing. He knew the new accounting method would clear his name of a prior ethics complaint.,Did the commissioner intentionally clear his own legal standing?,"How blameworthy is the commissioner for this, on a scale from 0 (not at all) to 10 (extremely)?","How praiseworthy is the commissioner for this, on a scale from 0 (not at all) to 10 (extremely)?"
prudential-05-good-omitted,prudential-05-good,5,nonmoral_prudential,good,omitted,False,The commissioner reorganized the budget's accounting to gain votes. He knew the new accounting method would clear his name of a prior ethics complaint.,Did the commissioner intentionally clear his own legal standing?,"How blameworthy is the commissioner for this, on a scale from 0 (not at all) to 10 (extremely)?","How praiseworthy is the commissioner for this, on a scale from 0 (not at all) to 10 (extremely)?"
prudential-05-good-concerned,prudential-05-good,5,nonmoral_prudential,good,concerned,False,The commissioner reorganized the budget's accounting to gain votes. The commissioner cared a great deal about the effect this would have on his own legal standing. He knew the new accounting method would clear his name of a prior ethics complaint.,Did the commissioner intentionally clear his own legal standing?,"How blameworthy is the commissioner for this, on a scale from 0 (not at all) to 10 (extremely)?","How praiseworthy is the commissioner for this, on a scale from 0 (not at all) to 10 (extremely)?"
procedural-05-bad-indifferent,procedural-05-bad,5,nonmoral_procedural,bad,indifferent,True,Henry changed his email signature to a casual font. Henry did not care at all about the effect this would have on the company's uniform branding. Henry knew the change would break the company's uniform branding.,Did Henry intentionally break the company's uniform branding?,"How blameworthy is Henry for this, on a scale from 0 (not at all) to 10 (extremely)?","How praiseworthy is Henry for this, on a scale from 0 (not at all) to 10 (extremely)?"
procedural-05-bad-omitted,procedural-05-bad,5,nonmoral_procedural,bad,omitted,True,Henry changed his email signature to a casual font. Henry knew the change would break the company's uniform branding.,Did Henry intentionally break the company's uniform branding?,"How blameworthy is Henry for this, on a scale from 0 (not at all) to 10 (extremely)?","How praiseworthy is Henry for this, on a scale from 0 (not at all) to 10 (extremely)?"
procedural-05-bad-concerned,procedural-05-bad,5,nonmoral_procedural,bad,concerned,True,Henry changed his email signature to a casual font. Henry cared a great deal about the effect this would have on the company's uniform branding. Henry knew the change would break the company's uniform branding.,Did Henry intentionally break the company's uniform branding?,"How blameworthy is Henry for this, on a scale from 0 (not at all) to 10 (extremely)?","How praiseworthy is Henry for this, on a scale from 0 (not at all) to 10 (extremely)?"
procedural-05-good-indifferent,procedural-05-good,5,nonmoral_procedural,good,indifferent,True,Ingrid kept her email signature in the standard company font. Ingrid did not care at all about the effect this would have on the company's uniform branding. Ingrid knew keeping it would preserve the company's uniform branding.,Did Ingrid intentionally preserve the company's uniform branding?,"How blameworthy is Ingrid for this, on a scale from 0 (not at all) to 10 (extremely)?","How praiseworthy is Ingrid for this, on a scale from 0 (not at all) to 10 (extremely)?"
procedural-05-good-omitted,procedural-05-good,5,nonmoral_procedural,good,omitted,True,Ingrid kept her email signature in the standard company font. Ingrid knew keeping it would preserve the company's uniform branding.,Did Ingrid intentionally preserve the company's uniform branding?,"How blameworthy is Ingrid for this, on a scale from 0 (not at all) to 10 (extremely)?","How praiseworthy is Ingrid for this, on a scale from 0 (not at all) to 10 (extremely)?"
procedural-05-good-concerned,procedural-05-good,5,nonmoral_procedural,good,concerned,True,Ingrid kept her email signature in the standard company font. Ingrid cared a great deal about the effect this would have on the company's uniform branding. Ingrid knew keeping it would preserve the company's uniform branding.,Did Ingrid intentionally preserve the company's uniform branding?,"How blameworthy is Ingrid for this, on a scale from 0 (not at all) to 10 (extremely)?","How praiseworthy is Ingrid for this, on a scale from 0 (not at all) to 10 (extremely)?"
moral-06-bad-indifferent,moral-06-bad,6,moral,bad,indifferent,True,The CEO enacted a plan to increase profits. She did not care at all about the effect the plan would have on flooding. She knew her plan would increase flooding.,Did the CEO intentionally increase flooding?,"How blameworthy is the CEO for this, on a scale from 0 (not at all) to 10 (extremely)?","How praiseworthy is the CEO for this, on a scale from 0 (not at all) to 10 (extremely)?"
moral-06-bad-omitted,moral-06-bad,6,moral,bad,omitted,True,The CEO enacted a plan to increase profits. She knew her plan would increase flooding.,Did the CEO intentionally increase flooding?,"How blameworthy is the CEO for this, on a scale from 0 (not at all) to 10 (extremely)?","How praiseworthy is the CEO for this, on a scale from 0 (not at all) to 10 (extremely)?"
moral-06-bad-concerned,moral-06-bad,6,moral,bad,concerned,True,The CEO enacted a plan to increase profits. She cared a great deal about the effect the plan would have on flooding. She knew her plan would increase flooding.,Did the CEO intentionally increase flooding?,"How blameworthy is the CEO for this, on a scale from 0 (not at all) to 10 (extremely)?","How praiseworthy is the CEO for this, on a scale from 0 (not at all) to 10 (extremely)?"
moral-06-good-indifferent,moral-06-good,6,moral,good,indifferent,False,The company owner enacted a plan to increase profits. He did not care at all about the effect the plan would have on flooding. He knew his plan would reduce flooding.,Did the CEO intentionally reduce flooding?,"How blameworthy is the CEO for this, on a scale from 0 (not at all) to 10 (extremely)?","How praiseworthy is the CEO for this, on a scale from 0 (not at all) to 10 (extremely)?"
moral-06-good-omitted,moral-06-good,6,moral,good,omitted,False,The company owner enacted a plan to increase profits. He knew his plan would reduce flooding.,Did the CEO intentionally reduce flooding?,"How blameworthy is the CEO for this, on a scale from 0 (not at all) to 10 (extremely)?","How praiseworthy is the CEO for this, on a scale from 0 (not at all) to 10 (extremely)?"
moral-06-good-concerned,moral-06-good,6,moral,good,concerned,False,The company owner enacted a plan to increase profits. He cared a great deal about the effect the plan would have on flooding. He knew his plan would reduce flooding.,Did the CEO intentionally reduce flooding?,"How blameworthy is the CEO for this, on a scale from 0 (not at all) to 10 (extremely)?","How praiseworthy is the CEO for this, on a scale from 0 (not at all) to 10 (extremely)?"
prudential-06-bad-indifferent,prudential-06-bad,6,nonmoral_prudential,bad,indifferent,True,The foreman approved a shortcut on the job site to speed up construction. The foreman did not care at all about the effect the shortcut would have on his own safety. He knew skipping the scaffold inspection would put himself at risk of a fall.,Did the foreman intentionally endanger his own safety?,"How blameworthy is the foreman for this, on a scale from 0 (not at all) to 10 (extremely)?","How praiseworthy is the foreman for this, on a scale from 0 (not at all) to 10 (extremely)?"
prudential-06-bad-omitted,prudential-06-bad,6,nonmoral_prudential,bad,omitted,True,The foreman approved a shortcut on the job site to speed up construction. He knew skipping the scaffold inspection would put himself at risk of a fall.,Did the foreman intentionally endanger his own safety?,"How blameworthy is the foreman for this, on a scale from 0 (not at all) to 10 (extremely)?","How praiseworthy is the foreman for this, on a scale from 0 (not at all) to 10 (extremely)?"
prudential-06-bad-concerned,prudential-06-bad,6,nonmoral_prudential,bad,concerned,True,The foreman approved a shortcut on the job site to speed up construction. The foreman cared a great deal about the effect the shortcut would have on his own safety. He knew skipping the scaffold inspection would put himself at risk of a fall.,Did the foreman intentionally endanger his own safety?,"How blameworthy is the foreman for this, on a scale from 0 (not at all) to 10 (extremely)?","How praiseworthy is the foreman for this, on a scale from 0 (not at all) to 10 (extremely)?"
prudential-06-good-indifferent,prudential-06-good,6,nonmoral_prudential,good,indifferent,True,The foreman approved a new safety protocol to speed up construction. The foreman did not care at all about the effect the protocol would have on his own insurance premiums. He knew the new protocol would lower his own insurance premiums.,Did the foreman intentionally lower his own insurance premiums?,"How blameworthy is the foreman for this, on a scale from 0 (not at all) to 10 (extremely)?","How praiseworthy is the foreman for this, on a scale from 0 (not at all) to 10 (extremely)?"
prudential-06-good-omitted,prudential-06-good,6,nonmoral_prudential,good,omitted,True,The foreman approved a new safety protocol to speed up construction. He knew the new protocol would lower his own insurance premiums.,Did the foreman intentionally lower his own insurance premiums?,"How blameworthy is the foreman for this, on a scale from 0 (not at all) to 10 (extremely)?","How praiseworthy is the foreman for this, on a scale from 0 (not at all) to 10 (extremely)?"
prudential-06-good-concerned,prudential-06-good,6,nonmoral_prudential,good,concerned,True,The foreman approved a new safety protocol to speed up construction. The foreman cared a great deal about the effect the protocol would have on his own insurance premiums. He knew the new protocol would lower his own insurance premiums.,Did the foreman intentionally lower his own insurance premiums?,"How blameworthy is the foreman for this, on a scale from 0 (not at all) to 10 (extremely)?","How praiseworthy is the foreman for this, on a scale from 0 (not at all) to 10 (extremely)?"
procedural-06-bad-indifferent,procedural-06-bad,6,nonmoral_procedural,bad,indifferent,True,Jack scheduled the weekly meeting an hour earlier to fit his calendar. Jack did not care at all about the effect this would have on the team's usual meeting rhythm. Jack knew the change would disrupt the team's usual rhythm.,Did Jack intentionally disrupt the team's usual meeting rhythm?,"How blameworthy is Jack for this, on a scale from 0 (not at all) to 10 (extremely)?","How praiseworthy is Jack for this, on a scale from 0 (not at all) to 10 (extremely)?"
procedural-06-bad-omitted,procedural-06-bad,6,nonmoral_procedural,bad,omitted,True,Jack scheduled the weekly meeting an hour earlier to fit his calendar. Jack knew the change would disrupt the team's usual rhythm.,Did Jack intentionally disrupt the team's usual meeting rhythm?,"How blameworthy is Jack for this, on a scale from 0 (not at all) to 10 (extremely)?","How praiseworthy is Jack for this, on a scale from 0 (not at all) to 10 (extremely)?"
procedural-06-bad-concerned,procedural-06-bad,6,nonmoral_procedural,bad,concerned,True,Jack scheduled the weekly meeting an hour earlier to fit his calendar. Jack cared a great deal about the effect this would have on the team's usual meeting rhythm. Jack knew the change would disrupt the team's usual rhythm.,Did Jack intentionally disrupt the team's usual meeting rhythm?,"How blameworthy is Jack for this, on a scale from 0 (not at all) to 10 (extremely)?","How praiseworthy is Jack for this, on a scale from 0 (not at all) to 10 (extremely)?"
procedural-06-good-indifferent,procedural-06-good,6,nonmoral_procedural,good,indifferent,True,Karen kept the weekly meeting at its usual time. Karen did not care at all about the effect this would have on the team's usual meeting rhythm. Karen knew keeping it would preserve the team's usual rhythm.,Did Karen intentionally preserve the team's usual meeting rhythm?,"How blameworthy is Karen for this, on a scale from 0 (not at all) to 10 (extremely)?","How praiseworthy is Karen for this, on a scale from 0 (not at all) to 10 (extremely)?"
procedural-06-good-omitted,procedural-06-good,6,nonmoral_procedural,good,omitted,True,Karen kept the weekly meeting at its usual time. Karen knew keeping it would preserve the team's usual rhythm.,Did Karen intentionally preserve the team's usual meeting rhythm?,"How blameworthy is Karen for this, on a scale from 0 (not at all) to 10 (extremely)?","How praiseworthy is Karen for this, on a scale from 0 (not at all) to 10 (extremely)?"
procedural-06-good-concerned,procedural-06-good,6,nonmoral_procedural,good,concerned,True,Karen kept the weekly meeting at its usual time. Karen cared a great deal about the effect this would have on the team's usual meeting rhythm. Karen knew keeping it would preserve the team's usual rhythm.,Did Karen intentionally preserve the team's usual meeting rhythm?,"How blameworthy is Karen for this, on a scale from 0 (not at all) to 10 (extremely)?","How praiseworthy is Karen for this, on a scale from 0 (not at all) to 10 (extremely)?"
moral-07-bad-indifferent,moral-07-bad,7,moral,bad,indifferent,True,The airplane bomber bombed a factory to reduce enemy’s steel production. He did not care at all about the effect the bombing would have on innocent civilians. He knew his bombing would kill innocent civilians.,Did the airplane bomber intentionally kill innocent civilians?,"How blameworthy is the airplane bomber for this, on a scale from 0 (not at all) to 10 (extremely)?","How praiseworthy is the airplane bomber for this, on a scale from 0 (not at all) to 10 (extremely)?"
moral-07-bad-omitted,moral-07-bad,7,moral,bad,omitted,True,The airplane bomber bombed a factory to reduce enemy’s steel production. He knew his bombing would kill innocent civilians.,Did the airplane bomber intentionally kill innocent civilians?,"How blameworthy is the airplane bomber for this, on a scale from 0 (not at all) to 10 (extremely)?","How praiseworthy is the airplane bomber for this, on a scale from 0 (not at all) to 10 (extremely)?"
moral-07-bad-concerned,moral-07-bad,7,moral,bad,concerned,True,The airplane bomber bombed a factory to reduce enemy’s steel production. He cared a great deal about the effect the bombing would have on innocent civilians. He knew his bombing would kill innocent civilians.,Did the airplane bomber intentionally kill innocent civilians?,"How blameworthy is the airplane bomber for this, on a scale from 0 (not at all) to 10 (extremely)?","How praiseworthy is the airplane bomber for this, on a scale from 0 (not at all) to 10 (extremely)?"
moral-07-good-indifferent,moral-07-good,7,moral,good,indifferent,True,The bomber pilot bombed a facility to reduce the enemy’s iron production. She did not care at all about the effect the bombing would have on the townsfolk. She knew her bombing would liberate the townsfolk.,Did the bomber pilot intentionally liberate the townsfolk?,"How blameworthy is the bomber pilot for this, on a scale from 0 (not at all) to 10 (extremely)?","How praiseworthy is the bomber pilot for this, on a scale from 0 (not at all) to 10 (extremely)?"
moral-07-good-omitted,moral-07-good,7,moral,good,omitted,True,The bomber pilot bombed a facility to reduce the enemy’s iron production. She knew her bombing would liberate the townsfolk.,Did the bomber pilot intentionally liberate the townsfolk?,"How blameworthy is the bomber pilot for this, on a scale from 0 (not at all) to 10 (extremely)?","How praiseworthy is the bomber pilot for this, on a scale from 0 (not at all) to 10 (extremely)?"
moral-07-good-concerned,moral-07-good,7,moral,good,concerned,True,The bomber pilot bombed a facility to reduce the enemy’s iron production. She cared a great deal about the effect the bombing would have on the townsfolk. She knew her bombing would liberate the townsfolk.,Did the bomber pilot intentionally liberate the townsfolk?,"How blameworthy is the bomber pilot for this, on a scale from 0 (not at all) to 10 (extremely)?","How praiseworthy is the bomber pilot for this, on a scale from 0 (not at all) to 10 (extremely)?"
prudential-07-bad-indifferent,prudential-07-bad,7,nonmoral_prudential,bad,indifferent,True,Wendell took a shortcut through the chemical storage room to save time at work. Wendell did not care at all about the effect this would have on his own lungs. Wendell knew the shortcut's fumes would damage his own lungs.,Did Wendell intentionally damage his own lungs?,"How blameworthy is Wendell for this, on a scale from 0 (not at all) to 10 (extremely)?","How praiseworthy is Wendell for this, on a scale from 0 (not at all) to 10 (extremely)?"
prudential-07-bad-omitted,prudential-07-bad,7,nonmoral_prudential,bad,omitted,True,Wendell took a shortcut through the chemical storage room to save time at work. Wendell knew the shortcut's fumes would damage his own lungs.,Did Wendell intentionally damage his own lungs?,"How blameworthy is Wendell for this, on a scale from 0 (not at all) to 10 (extremely)?","How praiseworthy is Wendell for this, on a scale from 0 (not at all) to 10 (extremely)?"
prudential-07-bad-concerned,prudential-07-bad,7,nonmoral_prudential,bad,concerned,True,Wendell took a shortcut through the chemical storage room to save time at work. Wendell cared a great deal about the effect this would have on his own lungs. Wendell knew the shortcut's fumes would damage his own lungs.,Did Wendell intentionally damage his own lungs?,"How blameworthy is Wendell for this, on a scale from 0 (not at all) to 10 (extremely)?","How praiseworthy is Wendell for this, on a scale from 0 (not at all) to 10 (extremely)?"
prudential-07-good-indifferent,prudential-07-good,7,nonmoral_prudential,good,indifferent,True,Priya took the long way around the chemical storage room to stay safe at work. Priya did not care at all about the effect this would have on her own daily step count. Priya knew the longer walk would boost her own daily step count.,Did Priya intentionally boost her own step count?,"How blameworthy is Priya for this, on a scale from 0 (not at all) to 10 (extremely)?","How praiseworthy is Priya for this, on a scale from 0 (not at all) to 10 (extremely)?"
prudential-07-good-omitted,prudential-07-good,7,nonmoral_prudential,good,omitted,True,Priya took the long way around the chemical storage room to stay safe at work. Priya knew the longer walk would boost her own daily step count.,Did Priya intentionally boost her own step count?,"How blameworthy is Priya for this, on a scale from 0 (not at all) to 10 (extremely)?","How praiseworthy is Priya for this, on a scale from 0 (not at all) to 10 (extremely)?"
prudential-07-good-concerned,prudential-07-good,7,nonmoral_prudential,good,concerned,True,Priya took the long way around the chemical storage room to stay safe at work. Priya cared a great deal about the effect this would have on her own daily step count. Priya knew the longer walk would boost her own daily step count.,Did Priya intentionally boost her own step count?,"How blameworthy is Priya for this, on a scale from 0 (not at all) to 10 (extremely)?","How praiseworthy is Priya for this, on a scale from 0 (not at all) to 10 (extremely)?"
procedural-07-bad-indifferent,procedural-07-bad,7,nonmoral_procedural,bad,indifferent,True,Liam skipped the office gift exchange to save money. Liam did not care at all about the effect this would have on the office's holiday tradition. Liam knew skipping it would break the office's holiday tradition.,Did Liam intentionally break the office's holiday tradition?,"How blameworthy is Liam for this, on a scale from 0 (not at all) to 10 (extremely)?","How praiseworthy is Liam for this, on a scale from 0 (not at all) to 10 (extremely)?"
procedural-07-bad-omitted,procedural-07-bad,7,nonmoral_procedural,bad,omitted,True,Liam skipped the office gift exchange to save money. Liam knew skipping it would break the office's holiday tradition.,Did Liam intentionally break the office's holiday tradition?,"How blameworthy is Liam for this, on a scale from 0 (not at all) to 10 (extremely)?","How praiseworthy is Liam for this, on a scale from 0 (not at all) to 10 (extremely)?"
procedural-07-bad-concerned,procedural-07-bad,7,nonmoral_procedural,bad,concerned,True,Liam skipped the office gift exchange to save money. Liam cared a great deal about the effect this would have on the office's holiday tradition. Liam knew skipping it would break the office's holiday tradition.,Did Liam intentionally break the office's holiday tradition?,"How blameworthy is Liam for this, on a scale from 0 (not at all) to 10 (extremely)?","How praiseworthy is Liam for this, on a scale from 0 (not at all) to 10 (extremely)?"
procedural-07-good-indifferent,procedural-07-good,7,nonmoral_procedural,good,indifferent,True,Mona joined the office gift exchange this year. Mona did not care at all about the effect this would have on the office's holiday tradition. Mona knew joining would continue the office's holiday tradition.,Did Mona intentionally continue the office's holiday tradition?,"How blameworthy is Mona for this, on a scale from 0 (not at all) to 10 (extremely)?","How praiseworthy is Mona for this, on a scale from 0 (not at all) to 10 (extremely)?"
procedural-07-good-omitted,procedural-07-good,7,nonmoral_procedural,good,omitted,True,Mona joined the office gift exchange this year. Mona knew joining would continue the office's holiday tradition.,Did Mona intentionally continue the office's holiday tradition?,"How blameworthy is Mona for this, on a scale from 0 (not at all) to 10 (extremely)?","How praiseworthy is Mona for this, on a scale from 0 (not at all) to 10 (extremely)?"
procedural-07-good-concerned,procedural-07-good,7,nonmoral_procedural,good,concerned,True,Mona joined the office gift exchange this year. Mona cared a great deal about the effect this would have on the office's holiday tradition. Mona knew joining would continue the office's holiday tradition.,Did Mona intentionally continue the office's holiday tradition?,"How blameworthy is Mona for this, on a scale from 0 (not at all) to 10 (extremely)?","How praiseworthy is Mona for this, on a scale from 0 (not at all) to 10 (extremely)?"
moral-08-bad-indifferent,moral-08-bad,8,moral,bad,indifferent,True,The university president enacted a plan to increase business school funding. He did not care at all about the effect the plan would have on the medical school. He knew his plan would cut funding for the medical school.,Did the university president intentionally cut funding for the medical school?,"How blameworthy is the university president for this, on a scale from 0 (not at all) to 10 (extremely)?","How praiseworthy is the university president for this, on a scale from 0 (not at all) to 10 (extremely)?"
moral-08-bad-omitted,moral-08-bad,8,moral,bad,omitted,True,The university president enacted a plan to increase business school funding. He knew his plan would cut funding for the medical school.,Did the university president intentionally cut funding for the medical school?,"How blameworthy is the university president for this, on a scale from 0 (not at all) to 10 (extremely)?","How praiseworthy is the university president for this, on a scale from 0 (not at all) to 10 (extremely)?"
moral-08-bad-concerned,moral-08-bad,8,moral,bad,concerned,True,The university president enacted a plan to increase business school funding. He cared a great deal about the effect the plan would have on the medical school. He knew his plan would cut funding for the medical school.,Did the university president intentionally cut funding for the medical school?,"How blameworthy is the university president for this, on a scale from 0 (not at all) to 10 (extremely)?","How praiseworthy is the university president for this, on a scale from 0 (not at all) to 10 (extremely)?"
moral-08-good-indifferent,moral-08-good,8,moral,good,indifferent,False,The athletic director enacted a plan to increase basketball funding. She did not care at all about the effect the plan would have on the soccer team. She knew her plan would boost funding for the soccer team.,Did the athletic director intentionally boost funding for the soccer team?,"How blameworthy is the athletic director for this, on a scale from 0 (not at all) to 10 (extremely)?","How praiseworthy is the athletic director for this, on a scale from 0 (not at all) to 10 (extremely)?"
moral-08-good-omitted,moral-08-good,8,moral,good,omitted,False,The athletic director enacted a plan to increase basketball funding. She knew her plan would boost funding for the soccer team.,Did the athletic director intentionally boost funding for the soccer team?,"How blameworthy is the athletic director for this, on a scale from 0 (not at all) to 10 (extremely)?","How praiseworthy is the athletic director for this, on a scale from 0 (not at all) to 10 (extremely)?"
moral-08-good-concerned,moral-08-good,8,moral,good,concerned,False,The athletic director enacted a plan to increase basketball funding. She cared a great deal about the effect the plan would have on the soccer team. She knew her plan would boost funding for the soccer team.,Did the athletic director intentionally boost funding for the soccer team?,"How blameworthy is the athletic director for this, on a scale from 0 (not at all) to 10 (extremely)?","How praiseworthy is the athletic director for this, on a scale from 0 (not at all) to 10 (extremely)?"
prudential-08-bad-indifferent,prudential-08-bad,8,nonmoral_prudential,bad,indifferent,True,The department head reallocated the budget to fund a pet project. The department head did not care at all about the effect this would have on his own annual review. He knew the reallocation would tank his own performance review.,Did the department head intentionally tank his own performance review?,"How blameworthy is the department head for this, on a scale from 0 (not at all) to 10 (extremely)?","How praiseworthy is the department head for this, on a scale from 0 (not at all) to 10 (extremely)?"
prudential-08-bad-omitted,prudential-08-bad,8,nonmoral_prudential,bad,omitted,True,The department head reallocated the budget to fund a pet project. He knew the reallocation would tank his own performance review.,Did the department head intentionally tank his own performance review?,"How blameworthy is the department head for this, on a scale from 0 (not at all) to 10 (extremely)?","How praiseworthy is the department head for this, on a scale from 0 (not at all) to 10 (extremely)?"
prudential-08-bad-concerned,prudential-08-bad,8,nonmoral_prudential,bad,concerned,True,The department head reallocated the budget to fund a pet project. The department head cared a great deal about the effect this would have on his own annual review. He knew the reallocation would tank his own performance review.,Did the department head intentionally tank his own performance review?,"How blameworthy is the department head for this, on a scale from 0 (not at all) to 10 (extremely)?","How praiseworthy is the department head for this, on a scale from 0 (not at all) to 10 (extremely)?"
prudential-08-good-indifferent,prudential-08-good,8,nonmoral_prudential,good,indifferent,False,The department head reallocated the budget to fund a pet project. The department head did not care at all about the effect this would have on his own annual review. He knew the reallocation would boost his own performance review.,Did the department head intentionally boost his own performance review?,"How blameworthy is the department head for this, on a scale from 0 (not at all) to 10 (extremely)?","How praiseworthy is the department head for this, on a scale from 0 (not at all) to 10 (extremely)?"
prudential-08-good-omitted,prudential-08-good,8,nonmoral_prudential,good,omitted,False,The department head reallocated the budget to fund a pet project. He knew the reallocation would boost his own performance review.,Did the department head intentionally boost his own performance review?,"How blameworthy is the department head for this, on a scale from 0 (not at all) to 10 (extremely)?","How praiseworthy is the department head for this, on a scale from 0 (not at all) to 10 (extremely)?"
prudential-08-good-concerned,prudential-08-good,8,nonmoral_prudential,good,concerned,False,The department head reallocated the budget to fund a pet project. The department head cared a great deal about the effect this would have on his own annual review. He knew the reallocation would boost his own performance review.,Did the department head intentionally boost his own performance review?,"How blameworthy is the department head for this, on a scale from 0 (not at all) to 10 (extremely)?","How praiseworthy is the department head for this, on a scale from 0 (not at all) to 10 (extremely)?"
procedural-08-bad-indifferent,procedural-08-bad,8,nonmoral_procedural,bad,indifferent,True,Nathan decorated his cubicle in a different color scheme. Nathan did not care at all about the effect this would have on the floor's coordinated theme. Nathan knew the different colors would clash with the floor's coordinated theme.,Did Nathan intentionally clash with the floor's coordinated theme?,"How blameworthy is Nathan for this, on a scale from 0 (not at all) to 10 (extremely)?","How praiseworthy is Nathan for this, on a scale from 0 (not at all) to 10 (extremely)?"
procedural-08-bad-omitted,procedural-08-bad,8,nonmoral_procedural,bad,omitted,True,Nathan decorated his cubicle in a different color scheme. Nathan knew the different colors would clash with the floor's coordinated theme.,Did Nathan intentionally clash with the floor's coordinated theme?,"How blameworthy is Nathan for this, on a scale from 0 (not at all) to 10 (extremely)?","How praiseworthy is Nathan for this, on a scale from 0 (not at all) to 10 (extremely)?"
procedural-08-bad-concerned,procedural-08-bad,8,nonmoral_procedural,bad,concerned,True,Nathan decorated his cubicle in a different color scheme. Nathan cared a great deal about the effect this would have on the floor's coordinated theme. Nathan knew the different colors would clash with the floor's coordinated theme.,Did Nathan intentionally clash with the floor's coordinated theme?,"How blameworthy is Nathan for this, on a scale from 0 (not at all) to 10 (extremely)?","How praiseworthy is Nathan for this, on a scale from 0 (not at all) to 10 (extremely)?"
procedural-08-good-indifferent,procedural-08-good,8,nonmoral_procedural,good,indifferent,True,Olga decorated her cubicle in the floor's chosen color scheme. Olga did not care at all about the effect this would have on the floor's coordinated theme. Olga knew matching the colors would complete the floor's coordinated theme.,Did Olga intentionally complete the floor's coordinated theme?,"How blameworthy is Olga for this, on a scale from 0 (not at all) to 10 (extremely)?","How praiseworthy is Olga for this, on a scale from 0 (not at all) to 10 (extremely)?"
procedural-08-good-omitted,procedural-08-good,8,nonmoral_procedural,good,omitted,True,Olga decorated her cubicle in the floor's chosen color scheme. Olga knew matching the colors would complete the floor's coordinated theme.,Did Olga intentionally complete the floor's coordinated theme?,"How blameworthy is Olga for this, on a scale from 0 (not at all) to 10 (extremely)?","How praiseworthy is Olga for this, on a scale from 0 (not at all) to 10 (extremely)?"
procedural-08-good-concerned,procedural-08-good,8,nonmoral_procedural,good,concerned,True,Olga decorated her cubicle in the floor's chosen color scheme. Olga cared a great deal about the effect this would have on the floor's coordinated theme. Olga knew matching the colors would complete the floor's coordinated theme.,Did Olga intentionally complete the floor's coordinated theme?,"How blameworthy is Olga for this, on a scale from 0 (not at all) to 10 (extremely)?","How praiseworthy is Olga for this, on a scale from 0 (not at all) to 10 (extremely)?"
moral-09-bad-indifferent,moral-09-bad,9,moral,bad,indifferent,True,Jenny spread weed killer to protect her crops. Jenny did not care at all about the effect this would have on Susie-Ann’s crops. Jenny knew her pesticide would harm Susie-Ann's crops.,Did Jenny intentionally harm her neighbor's crops?,"How blameworthy is Jenny for this, on a scale from 0 (not at all) to 10 (extremely)?","How praiseworthy is Jenny for this, on a scale from 0 (not at all) to 10 (extremely)?"
moral-09-bad-omitted,moral-09-bad,9,moral,bad,omitted,True,Jenny spread weed killer to protect her crops. Jenny knew her pesticide would harm Susie-Ann's crops.,Did Jenny intentionally harm her neighbor's crops?,"How blameworthy is Jenny for this, on a scale from 0 (not at all) to 10 (extremely)?","How praiseworthy is Jenny for this, on a scale from 0 (not at all) to 10 (extremely)?"
moral-09-bad-concerned,moral-09-bad,9,moral,bad,concerned,True,Jenny spread weed killer to protect her crops. Jenny cared a great deal about the effect this would have on Susie-Ann’s crops. Jenny knew her pesticide would harm Susie-Ann's crops.,Did Jenny intentionally harm her neighbor's crops?,"How blameworthy is Jenny for this, on a scale from 0 (not at all) to 10 (extremely)?","How praiseworthy is Jenny for this, on a scale from 0 (not at all) to 10 (extremely)?"
moral-09-good-indifferent,moral-09-good,9,moral,good,indifferent,False,Stanley spread anti-fungals to protect his crops. Stanley did not care at all about the effect this would have on Billy-Bob’s crops. Stanley knew his anti-fungals would protect Billy-Bob’s crops.,Did Stanley intentionally protect Billy-Bob’s crops?,"How blameworthy is Stanley for this, on a scale from 0 (not at all) to 10 (extremely)?","How praiseworthy is Stanley for this, on a scale from 0 (not at all) to 10 (extremely)?"
moral-09-good-omitted,moral-09-good,9,moral,good,omitted,False,Stanley spread anti-fungals to protect his crops. Stanley knew his anti-fungals would protect Billy-Bob’s crops.,Did Stanley intentionally protect Billy-Bob’s crops?,"How blameworthy is Stanley for this, on a scale from 0 (not at all) to 10 (extremely)?","How praiseworthy is Stanley for this, on a scale from 0 (not at all) to 10 (extremely)?"
moral-09-good-concerned,moral-09-good,9,moral,good,concerned,False,Stanley spread anti-fungals to protect his crops. Stanley cared a great deal about the effect this would have on Billy-Bob’s crops. Stanley knew his anti-fungals would protect Billy-Bob’s crops.,Did Stanley intentionally protect Billy-Bob’s crops?,"How blameworthy is Stanley for this, on a scale from 0 (not at all) to 10 (extremely)?","How praiseworthy is Stanley for this, on a scale from 0 (not at all) to 10 (extremely)?"
prudential-09-bad-indifferent,prudential-09-bad,9,nonmoral_prudential,bad,indifferent,True,Walter sprayed pesticide on his garden to protect his tomatoes. Walter did not care at all about the effect the pesticide would have on his own health. Walter knew the pesticide's fumes would trigger his own asthma.,Did Walter intentionally worsen his own health?,"How blameworthy is Walter for this, on a scale from 0 (not at all) to 10 (extremely)?","How praiseworthy is Walter for this, on a scale from 0 (not at all) to 10 (extremely)?"
prudential-09-bad-omitted,prudential-09-bad,9,nonmoral_prudential,bad,omitted,True,Walter sprayed pesticide on his garden to protect his tomatoes. Walter knew the pesticide's fumes would trigger his own asthma.,Did Walter intentionally worsen his own health?,"How blameworthy is Walter for this, on a scale from 0 (not at all) to 10 (extremely)?","How praiseworthy is Walter for this, on a scale from 0 (not at all) to 10 (extremely)?"
prudential-09-bad-concerned,prudential-09-bad,9,nonmoral_prudential,bad,concerned,True,Walter sprayed pesticide on his garden to protect his tomatoes. Walter cared a great deal about the effect the pesticide would have on his own health. Walter knew the pesticide's fumes would trigger his own asthma.,Did Walter intentionally worsen his own health?,"How blameworthy is Walter for this, on a scale from 0 (not at all) to 10 (extremely)?","How praiseworthy is Walter for this, on a scale from 0 (not at all) to 10 (extremely)?"
prudential-09-good-indifferent,prudential-09-good,9,nonmoral_prudential,good,indifferent,True,Carla sprayed a new fertilizer on her garden to protect her tomatoes. Carla did not care at all about the effect the fertilizer would have on her own allergies. Carla knew the new fertilizer would ease her own allergies.,Did Carla intentionally ease her own allergies?,"How blameworthy is Carla for this, on a scale from 0 (not at all) to 10 (extremely)?","How praiseworthy is Carla for this, on a scale from 0 (not at all) to 10 (extremely)?"
prudential-09-good-omitted,prudential-09-good,9,nonmoral_prudential,good,omitted,True,Carla sprayed a new fertilizer on her garden to protect her tomatoes. Carla knew the new fertilizer would ease her own allergies.,Did Carla intentionally ease her own allergies?,"How blameworthy is Carla for this, on a scale from 0 (not at all) to 10 (extremely)?","How praiseworthy is Carla for this, on a scale from 0 (not at all) to 10 (extremely)?"
prudential-09-good-concerned,prudential-09-good,9,nonmoral_prudential,good,concerned,True,Carla sprayed a new fertilizer on her garden to protect her tomatoes. Carla cared a great deal about the effect the fertilizer would have on her own allergies. Carla knew the new fertilizer would ease her own allergies.,Did Carla intentionally ease her own allergies?,"How blameworthy is Carla for this, on a scale from 0 (not at all) to 10 (extremely)?","How praiseworthy is Carla for this, on a scale from 0 (not at all) to 10 (extremely)?"
procedural-09-bad-indifferent,procedural-09-bad,9,nonmoral_procedural,bad,indifferent,True,Peter sent the project update over text instead of the usual channel. Peter did not care at all about the effect this would have on the team's usual communication norm. Peter knew texting would break the team's usual norm.,Did Peter intentionally break the team's usual communication norm?,"How blameworthy is Peter for this, on a scale from 0 (not at all) to 10 (extremely)?","How praiseworthy is Peter for this, on a scale from 0 (not at all) to 10 (extremely)?"
procedural-09-bad-omitted,procedural-09-bad,9,nonmoral_procedural,bad,omitted,True,Peter sent the project update over text instead of the usual channel. Peter knew texting would break the team's usual norm.,Did Peter intentionally break the team's usual communication norm?,"How blameworthy is Peter for this, on a scale from 0 (not at all) to 10 (extremely)?","How praiseworthy is Peter for this, on a scale from 0 (not at all) to 10 (extremely)?"
procedural-09-bad-concerned,procedural-09-bad,9,nonmoral_procedural,bad,concerned,True,Peter sent the project update over text instead of the usual channel. Peter cared a great deal about the effect this would have on the team's usual communication norm. Peter knew texting would break the team's usual norm.,Did Peter intentionally break the team's usual communication norm?,"How blameworthy is Peter for this, on a scale from 0 (not at all) to 10 (extremely)?","How praiseworthy is Peter for this, on a scale from 0 (not at all) to 10 (extremely)?"
procedural-09-good-indifferent,procedural-09-good,9,nonmoral_procedural,good,indifferent,True,Quinn sent the project update over the usual channel. Quinn did not care at all about the effect this would have on the team's usual communication norm. Quinn knew using the usual channel would preserve the team's norm.,Did Quinn intentionally preserve the team's communication norm?,"How blameworthy is Quinn for this, on a scale from 0 (not at all) to 10 (extremely)?","How praiseworthy is Quinn for this, on a scale from 0 (not at all) to 10 (extremely)?"
procedural-09-good-omitted,procedural-09-good,9,nonmoral_procedural,good,omitted,True,Quinn sent the project update over the usual channel. Quinn knew using the usual channel would preserve the team's norm.,Did Quinn intentionally preserve the team's communication norm?,"How blameworthy is Quinn for this, on a scale from 0 (not at all) to 10 (extremely)?","How praiseworthy is Quinn for this, on a scale from 0 (not at all) to 10 (extremely)?"
procedural-09-good-concerned,procedural-09-good,9,nonmoral_procedural,good,concerned,True,Quinn sent the project update over the usual channel. Quinn cared a great deal about the effect this would have on the team's usual communication norm. Quinn knew using the usual channel would preserve the team's norm.,Did Quinn intentionally preserve the team's communication norm?,"How blameworthy is Quinn for this, on a scale from 0 (not at all) to 10 (extremely)?","How praiseworthy is Quinn for this, on a scale from 0 (not at all) to 10 (extremely)?"
moral-10-bad-indifferent,moral-10-bad,10,moral,bad,indifferent,True,Kate placed her uncle in a nursing home to avoid being his caretaker. Kate did not care at all about the effect the placement would have on her uncle. Kate knew placing him in a nursing home would make him extremely unhappy.,Did Kate intentionally make her uncle unhappy?,"How blameworthy is Kate for this, on a scale from 0 (not at all) to 10 (extremely)?","How praiseworthy is Kate for this, on a scale from 0 (not at all) to 10 (extremely)?"
moral-10-bad-omitted,moral-10-bad,10,moral,bad,omitted,True,Kate placed her uncle in a nursing home to avoid being his caretaker. Kate knew placing him in a nursing home would make him extremely unhappy.,Did Kate intentionally make her uncle unhappy?,"How blameworthy is Kate for this, on a scale from 0 (not at all) to 10 (extremely)?","How praiseworthy is Kate for this, on a scale from 0 (not at all) to 10 (extremely)?"
moral-10-bad-concerned,moral-10-bad,10,moral,bad,concerned,True,Kate placed her uncle in a nursing home to avoid being his caretaker. Kate cared a great deal about the effect the placement would have on her uncle. Kate knew placing him in a nursing home would make him extremely unhappy.,Did Kate intentionally make her uncle unhappy?,"How blameworthy is Kate for this, on a scale from 0 (not at all) to 10 (extremely)?","How praiseworthy is Kate for this, on a scale from 0 (not at all) to 10 (extremely)?"
moral-10-good-indifferent,moral-10-good,10,moral,good,indifferent,False,Jared placed his aunt in a nursing home to avoid being her caretaker. Jared did not care at all about the effect the placement would have on his aunt. Jared knew placing his aunt in a nursing home would make her extremely happy.,Did Jared intentionally make his aunt happy?,"How blameworthy is Jared for this, on a scale from 0 (not at all) to 10 (extremely)?","How praiseworthy is Jared for this, on a scale from 0 (not at all) to 10 (extremely)?"
moral-10-good-omitted,moral-10-good,10,moral,good,omitted,False,Jared placed his aunt in a nursing home to avoid being her caretaker. Jared knew placing his aunt in a nursing home would make her extremely happy.,Did Jared intentionally make his aunt happy?,"How blameworthy is Jared for this, on a scale from 0 (not at all) to 10 (extremely)?","How praiseworthy is Jared for this, on a scale from 0 (not at all) to 10 (extremely)?"
moral-10-good-concerned,moral-10-good,10,moral,good,concerned,False,Jared placed his aunt in a nursing home to avoid being her caretaker. Jared cared a great deal about the effect the placement would have on his aunt. Jared knew placing his aunt in a nursing home would make her extremely happy.,Did Jared intentionally make his aunt happy?,"How blameworthy is Jared for this, on a scale from 0 (not at all) to 10 (extremely)?","How praiseworthy is Jared for this, on a scale from 0 (not at all) to 10 (extremely)?"
prudential-10-bad-indifferent,prudential-10-bad,10,nonmoral_prudential,bad,indifferent,True,Nora quit her book club to free up her evenings. Nora did not care at all about the effect this would have on her own social life. Nora knew quitting would make her feel extremely isolated.,Did Nora intentionally make herself feel isolated?,"How blameworthy is Nora for this, on a scale from 0 (not at all) to 10 (extremely)?","How praiseworthy is Nora for this, on a scale from 0 (not at all) to 10 (extremely)?"
prudential-10-bad-omitted,prudential-10-bad,10,nonmoral_prudential,bad,omitted,True,Nora quit her book club to free up her evenings. Nora knew quitting would make her feel extremely isolated.,Did Nora intentionally make herself feel isolated?,"How blameworthy is Nora for this, on a scale from 0 (not at all) to 10 (extremely)?","How praiseworthy is Nora for this, on a scale from 0 (not at all) to 10 (extremely)?"
prudential-10-bad-concerned,prudential-10-bad,10,nonmoral_prudential,bad,concerned,True,Nora quit her book club to free up her evenings. Nora cared a great deal about the effect this would have on her own social life. Nora knew quitting would make her feel extremely isolated.,Did Nora intentionally make herself feel isolated?,"How blameworthy is Nora for this, on a scale from 0 (not at all) to 10 (extremely)?","How praiseworthy is Nora for this, on a scale from 0 (not at all) to 10 (extremely)?"
prudential-10-good-indifferent,prudential-10-good,10,nonmoral_prudential,good,indifferent,True,Owen joined a running club to fill his evenings. Owen did not care at all about the effect this would have on his own social life. Owen knew joining would make him feel much less isolated.,Did Owen intentionally make himself feel less isolated?,"How blameworthy is Owen for this, on a scale from 0 (not at all) to 10 (extremely)?","How praiseworthy is Owen for this, on a scale from 0 (not at all) to 10 (extremely)?"
prudential-10-good-omitted,prudential-10-good,10,nonmoral_prudential,good,omitted,True,Owen joined a running club to fill his evenings. Owen knew joining would make him feel much less isolated.,Did Owen intentionally make himself feel less isolated?,"How blameworthy is Owen for this, on a scale from 0 (not at all) to 10 (extremely)?","How praiseworthy is Owen for this, on a scale from 0 (not at all) to 10 (extremely)?"
prudential-10-good-concerned,prudential-10-good,10,nonmoral_prudential,good,concerned,True,Owen joined a running club to fill his evenings. Owen cared a great deal about the effect this would have on his own social life. Owen knew joining would make him feel much less isolated.,Did Owen intentionally make himself feel less isolated?,"How blameworthy is Owen for this, on a scale from 0 (not at all) to 10 (extremely)?","How praiseworthy is Owen for this, on a scale from 0 (not at all) to 10 (extremely)?"
procedural-10-bad-indifferent,procedural-10-bad,10,nonmoral_procedural,bad,indifferent,True,Ryan saved the shared file under a casual nickname instead of the standard format. Ryan did not care at all about the effect this would have on the shared folder's naming convention. Ryan knew the nickname would break the folder's naming convention.,Did Ryan intentionally break the folder's naming convention?,"How blameworthy is Ryan for this, on a scale from 0 (not at all) to 10 (extremely)?","How praiseworthy is Ryan for this, on a scale from 0 (not at all) to 10 (extremely)?"
procedural-10-bad-omitted,procedural-10-bad,10,nonmoral_procedural,bad,omitted,True,Ryan saved the shared file under a casual nickname instead of the standard format. Ryan knew the nickname would break the folder's naming convention.,Did Ryan intentionally break the folder's naming convention?,"How blameworthy is Ryan for this, on a scale from 0 (not at all) to 10 (extremely)?","How praiseworthy is Ryan for this, on a scale from 0 (not at all) to 10 (extremely)?"
procedural-10-bad-concerned,procedural-10-bad,10,nonmoral_procedural,bad,concerned,True,Ryan saved the shared file under a casual nickname instead of the standard format. Ryan cared a great deal about the effect this would have on the shared folder's naming convention. Ryan knew the nickname would break the folder's naming convention.,Did Ryan intentionally break the folder's naming convention?,"How blameworthy is Ryan for this, on a scale from 0 (not at all) to 10 (extremely)?","How praiseworthy is Ryan for this, on a scale from 0 (not at all) to 10 (extremely)?"
procedural-10-good-indifferent,procedural-10-good,10,nonmoral_procedural,good,indifferent,True,Stacy saved the shared file under the standard naming format. Stacy did not care at all about the effect this would have on the shared folder's naming convention. Stacy knew the standard format would preserve the folder's naming convention.,Did Stacy intentionally preserve the folder's naming convention?,"How blameworthy is Stacy for this, on a scale from 0 (not at all) to 10 (extremely)?","How praiseworthy is Stacy for this, on a scale from 0 (not at all) to 10 (extremely)?"
procedural-10-good-omitted,procedural-10-good,10,nonmoral_procedural,good,omitted,True,Stacy saved the shared file under the standard naming format. Stacy knew the standard format would preserve the folder's naming convention.,Did Stacy intentionally preserve the folder's naming convention?,"How blameworthy is Stacy for this, on a scale from 0 (not at all) to 10 (extremely)?","How praiseworthy is Stacy for this, on a scale from 0 (not at all) to 10 (extremely)?"
procedural-10-good-concerned,procedural-10-good,10,nonmoral_procedural,good,concerned,True,Stacy saved the shared file under the standard naming format. Stacy cared a great deal about the effect this would have on the shared folder's naming convention. Stacy knew the standard format would preserve the folder's naming convention.,Did Stacy intentionally preserve the folder's naming convention?,"How blameworthy is Stacy for this, on a scale from 0 (not at all) to 10 (extremely)?","How praiseworthy is Stacy for this, on a scale from 0 (not at all) to 10 (extremely)?"
moral-11-bad-indifferent,moral-11-bad,11,moral,bad,indifferent,True,Tim installed a light display to decorate his house. Tim did not care at all about the effect the display would have on the neighbors. Tim knew his light display would hamper the neighbors' stargazing.,Did Tim intentionally hamper the neighbors' stargazing?,"How blameworthy is Tim for this, on a scale from 0 (not at all) to 10 (extremely)?","How praiseworthy is Tim for this, on a scale from 0 (not at all) to 10 (extremely)?"
moral-11-bad-omitted,moral-11-bad,11,moral,bad,omitted,True,Tim installed a light display to decorate his house. Tim knew his light display would hamper the neighbors' stargazing.,Did Tim intentionally hamper the neighbors' stargazing?,"How blameworthy is Tim for this, on a scale from 0 (not at all) to 10 (extremely)?","How praiseworthy is Tim for this, on a scale from 0 (not at all) to 10 (extremely)?"
moral-11-bad-concerned,moral-11-bad,11,moral,bad,concerned,True,Tim installed a light display to decorate his house. Tim cared a great deal about the effect the display would have on the neighbors. Tim knew his light display would hamper the neighbors' stargazing.,Did Tim intentionally hamper the neighbors' stargazing?,"How blameworthy is Tim for this, on a scale from 0 (not at all) to 10 (extremely)?","How praiseworthy is Tim for this, on a scale from 0 (not at all) to 10 (extremely)?"
moral-11-good-indifferent,moral-11-good,11,moral,good,indifferent,False,Tricia installed a lighting array to decorate her yard. Tricia did not care at all about the effect the array would have on neighborhood kids. Tricia knew her light display would help the kids to play ball at night.,Did Tricia intentionally help the kids play ball at night?,"How blameworthy is Tricia for this, on a scale from 0 (not at all) to 10 (extremely)?","How praiseworthy is Tricia for this, on a scale from 0 (not at all) to 10 (extremely)?"
moral-11-good-omitted,moral-11-good,11,moral,good,omitted,False,Tricia installed a lighting array to decorate her yard. Tricia knew her light display would help the kids to play ball at night.,Did Tricia intentionally help the kids play ball at night?,"How blameworthy is Tricia for this, on a scale from 0 (not at all) to 10 (extremely)?","How praiseworthy is Tricia for this, on a scale from 0 (not at all) to 10 (extremely)?"
moral-11-good-concerned,moral-11-good,11,moral,good,concerned,False,Tricia installed a lighting array to decorate her yard. Tricia cared a great deal about the effect the array would have on neighborhood kids. Tricia knew her light display would help the kids to play ball at night.,Did Tricia intentionally help the kids play ball at night?,"How blameworthy is Tricia for this, on a scale from 0 (not at all) to 10 (extremely)?","How praiseworthy is Tricia for this, on a scale from 0 (not at all) to 10 (extremely)?"
prudential-11-bad-indifferent,prudential-11-bad,11,nonmoral_prudential,bad,indifferent,True,Derek installed bright floodlights to decorate his porch. Derek did not care at all about the effect the floodlights would have on his own sleep. Derek knew the floodlights shining into his bedroom would ruin his own sleep.,Did Derek intentionally ruin his own sleep?,"How blameworthy is Derek for this, on a scale from 0 (not at all) to 10 (extremely)?","How praiseworthy is Derek for this, on a scale from 0 (not at all) to 10 (extremely)?"
prudential-11-bad-omitted,prudential-11-bad,11,nonmoral_prudential,bad,omitted,True,Derek installed bright floodlights to decorate his porch. Derek knew the floodlights shining into his bedroom would ruin his own sleep.,Did Derek intentionally ruin his own sleep?,"How blameworthy is Derek for this, on a scale from 0 (not at all) to 10 (extremely)?","How praiseworthy is Derek for this, on a scale from 0 (not at all) to 10 (extremely)?"
prudential-11-bad-concerned,prudential-11-bad,11,nonmoral_prudential,bad,concerned,True,Derek installed bright floodlights to decorate his porch. Derek cared a great deal about the effect the floodlights would have on his own sleep. Derek knew the floodlights shining into his bedroom would ruin his own sleep.,Did Derek intentionally ruin his own sleep?,"How blameworthy is Derek for this, on a scale from 0 (not at all) to 10 (extremely)?","How praiseworthy is Derek for this, on a scale from 0 (not at all) to 10 (extremely)?"
prudential-11-good-indifferent,prudential-11-good,11,nonmoral_prudential,good,indifferent,False,Sophie installed dimmable floodlights to decorate her porch. Sophie did not care at all about the effect the floodlights would have on her own sleep. Sophie knew the dimmable floodlights would improve her own sleep.,Did Sophie intentionally improve her own sleep?,"How blameworthy is Sophie for this, on a scale from 0 (not at all) to 10 (extremely)?","How praiseworthy is Sophie for this, on a scale from 0 (not at all) to 10 (extremely)?"
prudential-11-good-omitted,prudential-11-good,11,nonmoral_prudential,good,omitted,False,Sophie installed dimmable floodlights to decorate her porch. Sophie knew the dimmable floodlights would improve her own sleep.,Did Sophie intentionally improve her own sleep?,"How blameworthy is Sophie for this, on a scale from 0 (not at all) to 10 (extremely)?","How praiseworthy is Sophie for this, on a scale from 0 (not at all) to 10 (extremely)?"
prudential-11-good-concerned,prudential-11-good,11,nonmoral_prudential,good,concerned,False,Sophie installed dimmable floodlights to decorate her porch. Sophie cared a great deal about the effect the floodlights would have on her own sleep. Sophie knew the dimmable floodlights would improve her own sleep.,Did Sophie intentionally improve her own sleep?,"How blameworthy is Sophie for this, on a scale from 0 (not at all) to 10 (extremely)?","How praiseworthy is Sophie for this, on a scale from 0 (not at all) to 10 (extremely)?"
procedural-11-bad-indifferent,procedural-11-bad,11,nonmoral_procedural,bad,indifferent,True,Tom RSVP'd late to the office lunch to keep his options open. Tom did not care at all about the effect this would have on the group's usual RSVP etiquette. Tom knew replying late would break the group's usual RSVP etiquette.,Did Tom intentionally break the group's RSVP etiquette?,"How blameworthy is Tom for this, on a scale from 0 (not at all) to 10 (extremely)?","How praiseworthy is Tom for this, on a scale from 0 (not at all) to 10 (extremely)?"
procedural-11-bad-omitted,procedural-11-bad,11,nonmoral_procedural,bad,omitted,True,Tom RSVP'd late to the office lunch to keep his options open. Tom knew replying late would break the group's usual RSVP etiquette.,Did Tom intentionally break the group's RSVP etiquette?,"How blameworthy is Tom for this, on a scale from 0 (not at all) to 10 (extremely)?","How praiseworthy is Tom for this, on a scale from 0 (not at all) to 10 (extremely)?"
procedural-11-bad-concerned,procedural-11-bad,11,nonmoral_procedural,bad,concerned,True,Tom RSVP'd late to the office lunch to keep his options open. Tom cared a great deal about the effect this would have on the group's usual RSVP etiquette. Tom knew replying late would break the group's usual RSVP etiquette.,Did Tom intentionally break the group's RSVP etiquette?,"How blameworthy is Tom for this, on a scale from 0 (not at all) to 10 (extremely)?","How praiseworthy is Tom for this, on a scale from 0 (not at all) to 10 (extremely)?"
procedural-11-good-indifferent,procedural-11-good,11,nonmoral_procedural,good,indifferent,True,Uma RSVP'd right away to the office lunch. Uma did not care at all about the effect this would have on the group's usual RSVP etiquette. Uma knew replying promptly would uphold the group's RSVP etiquette.,Did Uma intentionally uphold the group's RSVP etiquette?,"How blameworthy is Uma for this, on a scale from 0 (not at all) to 10 (extremely)?","How praiseworthy is Uma for this, on a scale from 0 (not at all) to 10 (extremely)?"
procedural-11-good-omitted,procedural-11-good,11,nonmoral_procedural,good,omitted,True,Uma RSVP'd right away to the office lunch. Uma knew replying promptly would uphold the group's RSVP etiquette.,Did Uma intentionally uphold the group's RSVP etiquette?,"How blameworthy is Uma for this, on a scale from 0 (not at all) to 10 (extremely)?","How praiseworthy is Uma for this, on a scale from 0 (not at all) to 10 (extremely)?"
procedural-11-good-concerned,procedural-11-good,11,nonmoral_procedural,good,concerned,True,Uma RSVP'd right away to the office lunch. Uma cared a great deal about the effect this would have on the group's usual RSVP etiquette. Uma knew replying promptly would uphold the group's RSVP etiquette.,Did Uma intentionally uphold the group's RSVP etiquette?,"How blameworthy is Uma for this, on a scale from 0 (not at all) to 10 (extremely)?","How praiseworthy is Uma for this, on a scale from 0 (not at all) to 10 (extremely)?"
moral-12-bad-indifferent,moral-12-bad,12,moral,bad,indifferent,True,The scientist released a drug to gain profit. She did not care at all about the effect the drug would have rates of cancer. She knew her drug would increase the rate of cancer.,Did the scientist intentionally increase the rate of cancer?,"How blameworthy is the scientist for this, on a scale from 0 (not at all) to 10 (extremely)?","How praiseworthy is the scientist for this, on a scale from 0 (not at all) to 10 (extremely)?"
moral-12-bad-omitted,moral-12-bad,12,moral,bad,omitted,True,The scientist released a drug to gain profit. She knew her drug would increase the rate of cancer.,Did the scientist intentionally increase the rate of cancer?,"How blameworthy is the scientist for this, on a scale from 0 (not at all) to 10 (extremely)?","How praiseworthy is the scientist for this, on a scale from 0 (not at all) to 10 (extremely)?"
moral-12-bad-concerned,moral-12-bad,12,moral,bad,concerned,True,The scientist released a drug to gain profit. She cared a great deal about the effect the drug would have rates of cancer. She knew her drug would increase the rate of cancer.,Did the scientist intentionally increase the rate of cancer?,"How blameworthy is the scientist for this, on a scale from 0 (not at all) to 10 (extremely)?","How praiseworthy is the scientist for this, on a scale from 0 (not at all) to 10 (extremely)?"
moral-12-good-indifferent,moral-12-good,12,moral,good,indifferent,False,The scientist released a drug to make a deadline. He did not care at all about the effect the drug would have on rates of heart attacks. He knew his drug would decrease the rate of heart attacks.,Did the scientist intentionally decrease the rate of heart attacks?,"How blameworthy is the scientist for this, on a scale from 0 (not at all) to 10 (extremely)?","How praiseworthy is the scientist for this, on a scale from 0 (not at all) to 10 (extremely)?"
moral-12-good-omitted,moral-12-good,12,moral,good,omitted,False,The scientist released a drug to make a deadline. He knew his drug would decrease the rate of heart attacks.,Did the scientist intentionally decrease the rate of heart attacks?,"How blameworthy is the scientist for this, on a scale from 0 (not at all) to 10 (extremely)?","How praiseworthy is the scientist for this, on a scale from 0 (not at all) to 10 (extremely)?"
moral-12-good-concerned,moral-12-good,12,moral,good,concerned,False,The scientist released a drug to make a deadline. He cared a great deal about the effect the drug would have on rates of heart attacks. He knew his drug would decrease the rate of heart attacks.,Did the scientist intentionally decrease the rate of heart attacks?,"How blameworthy is the scientist for this, on a scale from 0 (not at all) to 10 (extremely)?","How praiseworthy is the scientist for this, on a scale from 0 (not at all) to 10 (extremely)?"
prudential-12-bad-indifferent,prudential-12-bad,12,nonmoral_prudential,bad,indifferent,True,The researcher started a new supplement regimen to boost her energy. The researcher did not care at all about the effect the regimen would have on her own liver function. She knew the supplement would damage her own liver.,Did the researcher intentionally damage her own liver?,"How blameworthy is the researcher for this, on a scale from 0 (not at all) to 10 (extremely)?","How praiseworthy is the researcher for this, on a scale from 0 (not at all) to 10 (extremely)?"
prudential-12-bad-omitted,prudential-12-bad,12,nonmoral_prudential,bad,omitted,True,The researcher started a new supplement regimen to boost her energy. She knew the supplement would damage her own liver.,Did the researcher intentionally damage her own liver?,"How blameworthy is the researcher for this, on a scale from 0 (not at all) to 10 (extremely)?","How praiseworthy is the researcher for this, on a scale from 0 (not at all) to 10 (extremely)?"
prudential-12-bad-concerned,prudential-12-bad,12,nonmoral_prudential,bad,concerned,True,The researcher started a new supplement regimen to boost her energy. The researcher cared a great deal about the effect the regimen would have on her own liver function. She knew the supplement would damage her own liver.,Did the researcher intentionally damage her own liver?,"How blameworthy is the researcher for this, on a scale from 0 (not at all) to 10 (extremely)?","How praiseworthy is the researcher for this, on a scale from 0 (not at all) to 10 (extremely)?"
prudential-12-good-indifferent,prudential-12-good,12,nonmoral_prudential,good,indifferent,True,The researcher started a new supplement regimen to boost her energy. The researcher did not care at all about the effect the regimen would have on her own cholesterol. She knew the supplement would lower her own cholesterol.,Did the researcher intentionally lower her own cholesterol?,"How blameworthy is the researcher for this, on a scale from 0 (not at all) to 10 (extremely)?","How praiseworthy is the researcher for this, on a scale from 0 (not at all) to 10 (extremely)?"
prudential-12-good-omitted,prudential-12-good,12,nonmoral_prudential,good,omitted,True,The researcher started a new supplement regimen to boost her energy. She knew the supplement would lower her own cholesterol.,Did the researcher intentionally lower her own cholesterol?,"How blameworthy is the researcher for this, on a scale from 0 (not at all) to 10 (extremely)?","How praiseworthy is the researcher for this, on a scale from 0 (not at all) to 10 (extremely)?"
prudential-12-good-concerned,prudential-12-good,12,nonmoral_prudential,good,concerned,True,The researcher started a new supplement regimen to boost her energy. The researcher cared a great deal about the effect the regimen would have on her own cholesterol. She knew the supplement would lower her own cholesterol.,Did the researcher intentionally lower her own cholesterol?,"How blameworthy is the researcher for this, on a scale from 0 (not at all) to 10 (extremely)?","How praiseworthy is the researcher for this, on a scale from 0 (not at all) to 10 (extremely)?"
procedural-12-bad-indifferent,procedural-12-bad,12,nonmoral_procedural,bad,indifferent,True,Victor left his dishes in the break-room sink to save time. Victor did not care at all about the effect this would have on the break-room's tidiness norm. Victor knew leaving them would break the break-room's tidiness norm.,Did Victor intentionally break the break-room's tidiness norm?,"How blameworthy is Victor for this, on a scale from 0 (not at all) to 10 (extremely)?","How praiseworthy is Victor for this, on a scale from 0 (not at all) to 10 (extremely)?"
procedural-12-bad-omitted,procedural-12-bad,12,nonmoral_procedural,bad,omitted,True,Victor left his dishes in the break-room sink to save time. Victor knew leaving them would break the break-room's tidiness norm.,Did Victor intentionally break the break-room's tidiness norm?,"How blameworthy is Victor for this, on a scale from 0 (not at all) to 10 (extremely)?","How praiseworthy is Victor for this, on a scale from 0 (not at all) to 10 (extremely)?"
procedural-12-bad-concerned,procedural-12-bad,12,nonmoral_procedural,bad,concerned,True,Victor left his dishes in the break-room sink to save time. Victor cared a great deal about the effect this would have on the break-room's tidiness norm. Victor knew leaving them would break the break-room's tidiness norm.,Did Victor intentionally break the break-room's tidiness norm?,"How blameworthy is Victor for this, on a scale from 0 (not at all) to 10 (extremely)?","How praiseworthy is Victor for this, on a scale from 0 (not at all) to 10 (extremely)?"
procedural-12-good-indifferent,procedural-12-good,12,nonmoral_procedural,good,indifferent,True,Wendy washed her dishes right after using the break-room. Wendy did not care at all about the effect this would have on the break-room's tidiness norm. Wendy knew washing them would uphold the break-room's tidiness norm.,Did Wendy intentionally uphold the break-room's tidiness norm?,"How blameworthy is Wendy for this, on a scale from 0 (not at all) to 10 (extremely)?","How praiseworthy is Wendy for this, on a scale from 0 (not at all) to 10 (extremely)?"
procedural-12-good-omitted,procedural-12-good,12,nonmoral_procedural,good,omitted,True,Wendy washed her dishes right after using the break-room. Wendy knew washing them would uphold the break-room's tidiness norm.,Did Wendy intentionally uphold the break-room's tidiness norm?,"How blameworthy is Wendy for this, on a scale from 0 (not at all) to 10 (extremely)?","How praiseworthy is Wendy for this, on a scale from 0 (not at all) to 10 (extremely)?"
procedural-12-good-concerned,procedural-12-good,12,nonmoral_procedural,good,concerned,True,Wendy washed her dishes right after using the break-room. Wendy cared a great deal about the effect this would have on the break-room's tidiness norm. Wendy knew washing them would uphold the break-room's tidiness norm.,Did Wendy intentionally uphold the break-room's tidiness norm?,"How blameworthy is Wendy for this, on a scale from 0 (not at all) to 10 (extremely)?","How praiseworthy is Wendy for this, on a scale from 0 (not at all) to 10 (extremely)?"
moral-13-bad-indifferent,moral-13-bad,13,moral,bad,indifferent,True,Joe opened a kiosk to make more money. Joe did not care at all about the effect the kiosk would have on nearby vendors. Joe knew his kiosk would harm nearby vendors.,Did Joe intentionally harm nearby vendors?,"How blameworthy is Joe for this, on a scale from 0 (not at all) to 10 (extremely)?","How praiseworthy is Joe for this, on a scale from 0 (not at all) to 10 (extremely)?"
moral-13-bad-omitted,moral-13-bad,13,moral,bad,omitted,True,Joe opened a kiosk to make more money. Joe knew his kiosk would harm nearby vendors.,Did Joe intentionally harm nearby vendors?,"How blameworthy is Joe for this, on a scale from 0 (not at all) to 10 (extremely)?","How praiseworthy is Joe for this, on a scale from 0 (not at all) to 10 (extremely)?"
moral-13-bad-concerned,moral-13-bad,13,moral,bad,concerned,True,Joe opened a kiosk to make more money. Joe cared a great deal about the effect the kiosk would have on nearby vendors. Joe knew his kiosk would harm nearby vendors.,Did Joe intentionally harm nearby vendors?,"How blameworthy is Joe for this, on a scale from 0 (not at all) to 10 (extremely)?","How praiseworthy is Joe for this, on a scale from 0 (not at all) to 10 (extremely)?"
moral-13-good-indifferent,moral-13-good,13,moral,good,indifferent,False,Helen opened a new store to increase revenue. Helen did not care at all about the effect the store would have on other businesses. Helen knew her store would help other businesses.,Did Helen intentionally help other businesses?,"How blameworthy is Helen for this, on a scale from 0 (not at all) to 10 (extremely)?","How praiseworthy is Helen for this, on a scale from 0 (not at all) to 10 (extremely)?"
moral-13-good-omitted,moral-13-good,13,moral,good,omitted,False,Helen opened a new store to increase revenue. Helen knew her store would help other businesses.,Did Helen intentionally help other businesses?,"How blameworthy is Helen for this, on a scale from 0 (not at all) to 10 (extremely)?","How praiseworthy is Helen for this, on a scale from 0 (not at all) to 10 (extremely)?"
moral-13-good-concerned,moral-13-good,13,moral,good,concerned,False,Helen opened a new store to increase revenue. Helen cared a great deal about the effect the store would have on other businesses. Helen knew her store would help other businesses.,Did Helen intentionally help other businesses?,"How blameworthy is Helen for this, on a scale from 0 (not at all) to 10 (extremely)?","How praiseworthy is Helen for this, on a scale from 0 (not at all) to 10 (extremely)?"
prudential-13-bad-indifferent,prudential-13-bad,13,nonmoral_prudential,bad,indifferent,True,Ben opened a food truck to make extra money. Ben did not care at all about the effect this would have on his own savings. Ben knew the startup costs would wipe out his own savings.,Did Ben intentionally wipe out his own savings?,"How blameworthy is Ben for this, on a scale from 0 (not at all) to 10 (extremely)?","How praiseworthy is Ben for this, on a scale from 0 (not at all) to 10 (extremely)?"
prudential-13-bad-omitted,prudential-13-bad,13,nonmoral_prudential,bad,omitted,True,Ben opened a food truck to make extra money. Ben knew the startup costs would wipe out his own savings.,Did Ben intentionally wipe out his own savings?,"How blameworthy is Ben for this, on a scale from 0 (not at all) to 10 (extremely)?","How praiseworthy is Ben for this, on a scale from 0 (not at all) to 10 (extremely)?"
prudential-13-bad-concerned,prudential-13-bad,13,nonmoral_prudential,bad,concerned,True,Ben opened a food truck to make extra money. Ben cared a great deal about the effect this would have on his own savings. Ben knew the startup costs would wipe out his own savings.,Did Ben intentionally wipe out his own savings?,"How blameworthy is Ben for this, on a scale from 0 (not at all) to 10 (extremely)?","How praiseworthy is Ben for this, on a scale from 0 (not at all) to 10 (extremely)?"
prudential-13-good-indifferent,prudential-13-good,13,nonmoral_prudential,good,indifferent,True,Rita opened a food truck to make extra money. Rita did not care at all about the effect this would have on her own savings. Rita knew the venture would multiply her own savings.,Did Rita intentionally multiply her own savings?,"How blameworthy is Rita for this, on a scale from 0 (not at all) to 10 (extremely)?","How praiseworthy is Rita for this, on a scale from 0 (not at all) to 10 (extremely)?"
prudential-13-good-omitted,prudential-13-good,13,nonmoral_prudential,good,omitted,True,Rita opened a food truck to make extra money. Rita knew the venture would multiply her own savings.,Did Rita intentionally multiply her own savings?,"How blameworthy is Rita for this, on a scale from 0 (not at all) to 10 (extremely)?","How praiseworthy is Rita for this, on a scale from 0 (not at all) to 10 (extremely)?"
prudential-13-good-concerned,prudential-13-good,13,nonmoral_prudential,good,concerned,True,Rita opened a food truck to make extra money. Rita cared a great deal about the effect this would have on her own savings. Rita knew the venture would multiply her own savings.,Did Rita intentionally multiply her own savings?,"How blameworthy is Rita for this, on a scale from 0 (not at all) to 10 (extremely)?","How praiseworthy is Rita for this, on a scale from 0 (not at all) to 10 (extremely)?"
procedural-13-bad-indifferent,procedural-13-bad,13,nonmoral_procedural,bad,indifferent,True,Xavier wore his conference badge upside down as a joke. Xavier did not care at all about the effect this would have on the conference's uniform badge display. Xavier knew wearing it upside down would break the uniform badge display.,Did Xavier intentionally break the uniform badge display?,"How blameworthy is Xavier for this, on a scale from 0 (not at all) to 10 (extremely)?","How praiseworthy is Xavier for this, on a scale from 0 (not at all) to 10 (extremely)?"
procedural-13-bad-omitted,procedural-13-bad,13,nonmoral_procedural,bad,omitted,True,Xavier wore his conference badge upside down as a joke. Xavier knew wearing it upside down would break the uniform badge display.,Did Xavier intentionally break the uniform badge display?,"How blameworthy is Xavier for this, on a scale from 0 (not at all) to 10 (extremely)?","How praiseworthy is Xavier for this, on a scale from 0 (not at all) to 10 (extremely)?"
procedural-13-bad-concerned,procedural-13-bad,13,nonmoral_procedural,bad,concerned,True,Xavier wore his conference badge upside down as a joke. Xavier cared a great deal about the effect this would have on the conference's uniform badge display. Xavier knew wearing it upside down would break the uniform badge display.,Did Xavier intentionally break the uniform badge display?,"How blameworthy is Xavier for this, on a scale from 0 (not at all) to 10 (extremely)?","How praiseworthy is Xavier for this, on a scale from 0 (not at all) to 10 (extremely)?"
procedural-13-good-indifferent,procedural-13-good,13,nonmoral_procedural,good,indifferent,True,Yara wore her conference badge the standard way. Yara did not care at all about the effect this would have on the conference's uniform badge display. Yara knew wearing it the standard way would preserve the uniform badge display.,Did Yara intentionally preserve the uniform badge display?,"How blameworthy is Yara for this, on a scale from 0 (not at all) to 10 (extremely)?","How praiseworthy is Yara for this, on a scale from 0 (not at all) to 10 (extremely)?"
procedural-13-good-omitted,procedural-13-good,13,nonmoral_procedural,good,omitted,True,Yara wore her conference badge the standard way. Yara knew wearing it the standard way would preserve the uniform badge display.,Did Yara intentionally preserve the uniform badge display?,"How blameworthy is Yara for this, on a scale from 0 (not at all) to 10 (extremely)?","How praiseworthy is Yara for this, on a scale from 0 (not at all) to 10 (extremely)?"
procedural-13-good-concerned,procedural-13-good,13,nonmoral_procedural,good,concerned,True,Yara wore her conference badge the standard way. Yara cared a great deal about the effect this would have on the conference's uniform badge display. Yara knew wearing it the standard way would preserve the uniform badge display.,Did Yara intentionally preserve the uniform badge display?,"How blameworthy is Yara for this, on a scale from 0 (not at all) to 10 (extremely)?","How praiseworthy is Yara for this, on a scale from 0 (not at all) to 10 (extremely)?"
moral-14-bad-indifferent,moral-14-bad,14,moral,bad,indifferent,False,Marta vacuumed to clean her floor. Marta did not care at all about the effect the vacuum would have on her dog. Marta knew her vacuuming would distress her dog.,Did Marta intentionally distress her dog?,"How blameworthy is Marta for this, on a scale from 0 (not at all) to 10 (extremely)?","How praiseworthy is Marta for this, on a scale from 0 (not at all) to 10 (extremely)?"
moral-14-bad-omitted,moral-14-bad,14,moral,bad,omitted,False,Marta vacuumed to clean her floor. Marta knew her vacuuming would distress her dog.,Did Marta intentionally distress her dog?,"How blameworthy is Marta for this, on a scale from 0 (not at all) to 10 (extremely)?","How praiseworthy is Marta for this, on a scale from 0 (not at all) to 10 (extremely)?"
moral-14-bad-concerned,moral-14-bad,14,moral,bad,concerned,False,Marta vacuumed to clean her floor. Marta cared a great deal about the effect the vacuum would have on her dog. Marta knew her vacuuming would distress her dog.,Did Marta intentionally distress her dog?,"How blameworthy is Marta for this, on a scale from 0 (not at all) to 10 (extremely)?","How praiseworthy is Marta for this, on a scale from 0 (not at all) to 10 (extremely)?"
moral-14-good-indifferent,moral-14-good,14,moral,good,indifferent,False,Phil waxed his floor to make it shiny. Phil did not care at all about the effect the waxing would have on his cat. Phil knew his waxing would entertain his cat.,Did Phil intentionally entertain his cat?,"How blameworthy is Phil for this, on a scale from 0 (not at all) to 10 (extremely)?","How praiseworthy is Phil for this, on a scale from 0 (not at all) to 10 (extremely)?"
moral-14-good-omitted,moral-14-good,14,moral,good,omitted,False,Phil waxed his floor to make it shiny. Phil knew his waxing would entertain his cat.,Did Phil intentionally entertain his cat?,"How blameworthy is Phil for this, on a scale from 0 (not at all) to 10 (extremely)?","How praiseworthy is Phil for this, on a scale from 0 (not at all) to 10 (extremely)?"
moral-14-good-concerned,moral-14-good,14,moral,good,concerned,False,Phil waxed his floor to make it shiny. Phil cared a great deal about the effect the waxing would have on his cat. Phil knew his waxing would entertain his cat.,Did Phil intentionally entertain his cat?,"How blameworthy is Phil for this, on a scale from 0 (not at all) to 10 (extremely)?","How praiseworthy is Phil for this, on a scale from 0 (not at all) to 10 (extremely)?"
prudential-14-bad-indifferent,prudential-14-bad,14,nonmoral_prudential,bad,indifferent,True,Greg mowed the lawn to tidy the yard. Greg did not care at all about the effect the mowing would have on his own back. Greg knew mowing without stretching first would strain his own back.,Did Greg intentionally strain his own back?,"How blameworthy is Greg for this, on a scale from 0 (not at all) to 10 (extremely)?","How praiseworthy is Greg for this, on a scale from 0 (not at all) to 10 (extremely)?"
prudential-14-bad-omitted,prudential-14-bad,14,nonmoral_prudential,bad,omitted,True,Greg mowed the lawn to tidy the yard. Greg knew mowing without stretching first would strain his own back.,Did Greg intentionally strain his own back?,"How blameworthy is Greg for this, on a scale from 0 (not at all) to 10 (extremely)?","How praiseworthy is Greg for this, on a scale from 0 (not at all) to 10 (extremely)?"
prudential-14-bad-concerned,prudential-14-bad,14,nonmoral_prudential,bad,concerned,True,Greg mowed the lawn to tidy the yard. Greg cared a great deal about the effect the mowing would have on his own back. Greg knew mowing without stretching first would strain his own back.,Did Greg intentionally strain his own back?,"How blameworthy is Greg for this, on a scale from 0 (not at all) to 10 (extremely)?","How praiseworthy is Greg for this, on a scale from 0 (not at all) to 10 (extremely)?"
prudential-14-good-indifferent,prudential-14-good,14,nonmoral_prudential,good,indifferent,True,Alicia mowed the lawn to tidy the yard. Alicia did not care at all about the effect the mowing would have on her own fitness. Alicia knew the mowing would improve her own fitness.,Did Alicia intentionally improve her own fitness?,"How blameworthy is Alicia for this, on a scale from 0 (not at all) to 10 (extremely)?","How praiseworthy is Alicia for this, on a scale from 0 (not at all) to 10 (extremely)?"
prudential-14-good-omitted,prudential-14-good,14,nonmoral_prudential,good,omitted,True,Alicia mowed the lawn to tidy the yard. Alicia knew the mowing would improve her own fitness.,Did Alicia intentionally improve her own fitness?,"How blameworthy is Alicia for this, on a scale from 0 (not at all) to 10 (extremely)?","How praiseworthy is Alicia for this, on a scale from 0 (not at all) to 10 (extremely)?"
prudential-14-good-concerned,prudential-14-good,14,nonmoral_prudential,good,concerned,True,Alicia mowed the lawn to tidy the yard. Alicia cared a great deal about the effect the mowing would have on her own fitness. Alicia knew the mowing would improve her own fitness.,Did Alicia intentionally improve her own fitness?,"How blameworthy is Alicia for this, on a scale from 0 (not at all) to 10 (extremely)?","How praiseworthy is Alicia for this, on a scale from 0 (not at all) to 10 (extremely)?"
procedural-14-bad-indifferent,procedural-14-bad,14,nonmoral_procedural,bad,indifferent,True,Zane built his slides in a different template to save time. Zane did not care at all about the effect this would have on the team's uniform slide style. Zane knew the different template would break the team's uniform slide style.,Did Zane intentionally break the team's uniform slide style?,"How blameworthy is Zane for this, on a scale from 0 (not at all) to 10 (extremely)?","How praiseworthy is Zane for this, on a scale from 0 (not at all) to 10 (extremely)?"
procedural-14-bad-omitted,procedural-14-bad,14,nonmoral_procedural,bad,omitted,True,Zane built his slides in a different template to save time. Zane knew the different template would break the team's uniform slide style.,Did Zane intentionally break the team's uniform slide style?,"How blameworthy is Zane for this, on a scale from 0 (not at all) to 10 (extremely)?","How praiseworthy is Zane for this, on a scale from 0 (not at all) to 10 (extremely)?"
procedural-14-bad-concerned,procedural-14-bad,14,nonmoral_procedural,bad,concerned,True,Zane built his slides in a different template to save time. Zane cared a great deal about the effect this would have on the team's uniform slide style. Zane knew the different template would break the team's uniform slide style.,Did Zane intentionally break the team's uniform slide style?,"How blameworthy is Zane for this, on a scale from 0 (not at all) to 10 (extremely)?","How praiseworthy is Zane for this, on a scale from 0 (not at all) to 10 (extremely)?"
procedural-14-good-indifferent,procedural-14-good,14,nonmoral_procedural,good,indifferent,True,Abby built her slides in the team's standard template. Abby did not care at all about the effect this would have on the team's uniform slide style. Abby knew using the template would preserve the team's uniform slide style.,Did Abby intentionally preserve the team's uniform slide style?,"How blameworthy is Abby for this, on a scale from 0 (not at all) to 10 (extremely)?","How praiseworthy is Abby for this, on a scale from 0 (not at all) to 10 (extremely)?"
procedural-14-good-omitted,procedural-14-good,14,nonmoral_procedural,good,omitted,True,Abby built her slides in the team's standard template. Abby knew using the template would preserve the team's uniform slide style.,Did Abby intentionally preserve the team's uniform slide style?,"How blameworthy is Abby for this, on a scale from 0 (not at all) to 10 (extremely)?","How praiseworthy is Abby for this, on a scale from 0 (not at all) to 10 (extremely)?"
procedural-14-good-concerned,procedural-14-good,14,nonmoral_procedural,good,concerned,True,Abby built her slides in the team's standard template. Abby cared a great deal about the effect this would have on the team's uniform slide style. Abby knew using the template would preserve the team's uniform slide style.,Did Abby intentionally preserve the team's uniform slide style?,"How blameworthy is Abby for this, on a scale from 0 (not at all) to 10 (extremely)?","How praiseworthy is Abby for this, on a scale from 0 (not at all) to 10 (extremely)?"
moral-15-bad-indifferent,moral-15-bad,15,moral,bad,indifferent,True,"Jacob threw a party to be more popular. Jacob did not care at all about the effect this would have on his roommate, Curtis. Jacob knew his party would make Curtis fail the morning's exam.",Did Jacob intentionally make Curtis fail the morning's exam?,"How blameworthy is Jacob for this, on a scale from 0 (not at all) to 10 (extremely)?","How praiseworthy is Jacob for this, on a scale from 0 (not at all) to 10 (extremely)?"
moral-15-bad-omitted,moral-15-bad,15,moral,bad,omitted,True,Jacob threw a party to be more popular. Jacob knew his party would make Curtis fail the morning's exam.,Did Jacob intentionally make Curtis fail the morning's exam?,"How blameworthy is Jacob for this, on a scale from 0 (not at all) to 10 (extremely)?","How praiseworthy is Jacob for this, on a scale from 0 (not at all) to 10 (extremely)?"
moral-15-bad-concerned,moral-15-bad,15,moral,bad,concerned,True,"Jacob threw a party to be more popular. Jacob cared a great deal about the effect this would have on his roommate, Curtis. Jacob knew his party would make Curtis fail the morning's exam.",Did Jacob intentionally make Curtis fail the morning's exam?,"How blameworthy is Jacob for this, on a scale from 0 (not at all) to 10 (extremely)?","How praiseworthy is Jacob for this, on a scale from 0 (not at all) to 10 (extremely)?"
moral-15-good-indifferent,moral-15-good,15,moral,good,indifferent,False,"Rachel threw a party to have fun. Rachel did not care at all about the effect this would have on her roommate, Jackie. Rachel knew her party would help Jackie make new friends.",Did Rachel intentionally help Jackie make new friends?,"How blameworthy is Rachel for this, on a scale from 0 (not at all) to 10 (extremely)?","How praiseworthy is Rachel for this, on a scale from 0 (not at all) to 10 (extremely)?"
moral-15-good-omitted,moral-15-good,15,moral,good,omitted,False,Rachel threw a party to have fun. Rachel knew her party would help Jackie make new friends.,Did Rachel intentionally help Jackie make new friends?,"How blameworthy is Rachel for this, on a scale from 0 (not at all) to 10 (extremely)?","How praiseworthy is Rachel for this, on a scale from 0 (not at all) to 10 (extremely)?"
moral-15-good-concerned,moral-15-good,15,moral,good,concerned,False,"Rachel threw a party to have fun. Rachel cared a great deal about the effect this would have on her roommate, Jackie. Rachel knew her party would help Jackie make new friends.",Did Rachel intentionally help Jackie make new friends?,"How blameworthy is Rachel for this, on a scale from 0 (not at all) to 10 (extremely)?","How praiseworthy is Rachel for this, on a scale from 0 (not at all) to 10 (extremely)?"
prudential-15-bad-indifferent,prudential-15-bad,15,nonmoral_prudential,bad,indifferent,True,Leo threw a party to be more popular. Leo did not care at all about the effect the party would have on his own exam grade. Leo knew staying up late would tank his own exam grade.,Did Leo intentionally tank his own exam grade?,"How blameworthy is Leo for this, on a scale from 0 (not at all) to 10 (extremely)?","How praiseworthy is Leo for this, on a scale from 0 (not at all) to 10 (extremely)?"
prudential-15-bad-omitted,prudential-15-bad,15,nonmoral_prudential,bad,omitted,True,Leo threw a party to be more popular. Leo knew staying up late would tank his own exam grade.,Did Leo intentionally tank his own exam grade?,"How blameworthy is Leo for this, on a scale from 0 (not at all) to 10 (extremely)?","How praiseworthy is Leo for this, on a scale from 0 (not at all) to 10 (extremely)?"
prudential-15-bad-concerned,prudential-15-bad,15,nonmoral_prudential,bad,concerned,True,Leo threw a party to be more popular. Leo cared a great deal about the effect the party would have on his own exam grade. Leo knew staying up late would tank his own exam grade.,Did Leo intentionally tank his own exam grade?,"How blameworthy is Leo for this, on a scale from 0 (not at all) to 10 (extremely)?","How praiseworthy is Leo for this, on a scale from 0 (not at all) to 10 (extremely)?"
prudential-15-good-indifferent,prudential-15-good,15,nonmoral_prudential,good,indifferent,True,Maya threw a study party to have fun. Maya did not care at all about the effect the party would have on her own exam grade. Maya knew the group review would boost her own exam grade.,Did Maya intentionally boost her own exam grade?,"How blameworthy is Maya for this, on a scale from 0 (not at all) to 10 (extremely)?","How praiseworthy is Maya for this, on a scale from 0 (not at all) to 10 (extremely)?"
prudential-15-good-omitted,prudential-15-good,15,nonmoral_prudential,good,omitted,True,Maya threw a study party to have fun. Maya knew the group review would boost her own exam grade.,Did Maya intentionally boost her own exam grade?,"How blameworthy is Maya for this, on a scale from 0 (not at all) to 10 (extremely)?","How praiseworthy is Maya for this, on a scale from 0 (not at all) to 10 (extremely)?"
prudential-15-good-concerned,prudential-15-good,15,nonmoral_prudential,good,concerned,True,Maya threw a study party to have fun. Maya cared a great deal about the effect the party would have on her own exam grade. Maya knew the group review would boost her own exam grade.,Did Maya intentionally boost her own exam grade?,"How blameworthy is Maya for this, on a scale from 0 (not at all) to 10 (extremely)?","How praiseworthy is Maya for this, on a scale from 0 (not at all) to 10 (extremely)?"
procedural-15-bad-indifferent,procedural-15-bad,15,nonmoral_procedural,bad,indifferent,True,Brian skipped the usual round of introductions to save time. Brian did not care at all about the effect this would have on the group's usual meeting opening. Brian knew skipping it would break the group's usual meeting opening.,Did Brian intentionally break the group's usual meeting opening?,"How blameworthy is Brian for this, on a scale from 0 (not at all) to 10 (extremely)?","How praiseworthy is Brian for this, on a scale from 0 (not at all) to 10 (extremely)?"
procedural-15-bad-omitted,procedural-15-bad,15,nonmoral_procedural,bad,omitted,True,Brian skipped the usual round of introductions to save time. Brian knew skipping it would break the group's usual meeting opening.,Did Brian intentionally break the group's usual meeting opening?,"How blameworthy is Brian for this, on a scale from 0 (not at all) to 10 (extremely)?","How praiseworthy is Brian for this, on a scale from 0 (not at all) to 10 (extremely)?"
procedural-15-bad-concerned,procedural-15-bad,15,nonmoral_procedural,bad,concerned,True,Brian skipped the usual round of introductions to save time. Brian cared a great deal about the effect this would have on the group's usual meeting opening. Brian knew skipping it would break the group's usual meeting opening.,Did Brian intentionally break the group's usual meeting opening?,"How blameworthy is Brian for this, on a scale from 0 (not at all) to 10 (extremely)?","How praiseworthy is Brian for this, on a scale from 0 (not at all) to 10 (extremely)?"
procedural-15-good-indifferent,procedural-15-good,15,nonmoral_procedural,good,indifferent,True,Claire led the usual round of introductions. Claire did not care at all about the effect this would have on the group's usual meeting opening. Claire knew leading it would preserve the group's usual meeting opening.,Did Claire intentionally preserve the group's usual meeting opening?,"How blameworthy is Claire for this, on a scale from 0 (not at all) to 10 (extremely)?","How praiseworthy is Claire for this, on a scale from 0 (not at all) to 10 (extremely)?"
procedural-15-good-omitted,procedural-15-good,15,nonmoral_procedural,good,omitted,True,Claire led the usual round of introductions. Claire knew leading it would preserve the group's usual meeting opening.,Did Claire intentionally preserve the group's usual meeting opening?,"How blameworthy is Claire for this, on a scale from 0 (not at all) to 10 (extremely)?","How praiseworthy is Claire for this, on a scale from 0 (not at all) to 10 (extremely)?"
procedural-15-good-concerned,procedural-15-good,15,nonmoral_procedural,good,concerned,True,Claire led the usual round of introductions. Claire cared a great deal about the effect this would have on the group's usual meeting opening. Claire knew leading it would preserve the group's usual meeting opening.,Did Claire intentionally preserve the group's usual meeting opening?,"How blameworthy is Claire for this, on a scale from 0 (not at all) to 10 (extremely)?","How praiseworthy is Claire for this, on a scale from 0 (not at all) to 10 (extremely)?"
moral-16-bad-indifferent,moral-16-bad,16,moral,bad,indifferent,True,Russell planted a tree to decorate his yard. Russell did not care at all about the effect the tree would have on his neighbor. Russell knew his tree would make his neighbor unhappy.,Did Russell intentionally make his neighbor unhappy?,"How blameworthy is Russell for this, on a scale from 0 (not at all) to 10 (extremely)?","How praiseworthy is Russell for this, on a scale from 0 (not at all) to 10 (extremely)?"
moral-16-bad-omitted,moral-16-bad,16,moral,bad,omitted,True,Russell planted a tree to decorate his yard. Russell knew his tree would make his neighbor unhappy.,Did Russell intentionally make his neighbor unhappy?,"How blameworthy is Russell for this, on a scale from 0 (not at all) to 10 (extremely)?","How praiseworthy is Russell for this, on a scale from 0 (not at all) to 10 (extremely)?"
moral-16-bad-concerned,moral-16-bad,16,moral,bad,concerned,True,Russell planted a tree to decorate his yard. Russell cared a great deal about the effect the tree would have on his neighbor. Russell knew his tree would make his neighbor unhappy.,Did Russell intentionally make his neighbor unhappy?,"How blameworthy is Russell for this, on a scale from 0 (not at all) to 10 (extremely)?","How praiseworthy is Russell for this, on a scale from 0 (not at all) to 10 (extremely)?"
moral-16-good-indifferent,moral-16-good,16,moral,good,indifferent,False,Vicky planted a tree to have fruit in the fall. Vicky did not care at all about the effect the tree would have on her neighbor. Vicky knew her tree would make her neighbor happy.,Did Vicky intentionally make her neighbor happy?,"How blameworthy is Vicky for this, on a scale from 0 (not at all) to 10 (extremely)?","How praiseworthy is Vicky for this, on a scale from 0 (not at all) to 10 (extremely)?"
moral-16-good-omitted,moral-16-good,16,moral,good,omitted,False,Vicky planted a tree to have fruit in the fall. Vicky knew her tree would make her neighbor happy.,Did Vicky intentionally make her neighbor happy?,"How blameworthy is Vicky for this, on a scale from 0 (not at all) to 10 (extremely)?","How praiseworthy is Vicky for this, on a scale from 0 (not at all) to 10 (extremely)?"
moral-16-good-concerned,moral-16-good,16,moral,good,concerned,False,Vicky planted a tree to have fruit in the fall. Vicky cared a great deal about the effect the tree would have on her neighbor. Vicky knew her tree would make her neighbor happy.,Did Vicky intentionally make her neighbor happy?,"How blameworthy is Vicky for this, on a scale from 0 (not at all) to 10 (extremely)?","How praiseworthy is Vicky for this, on a scale from 0 (not at all) to 10 (extremely)?"
prudential-16-bad-indifferent,prudential-16-bad,16,nonmoral_prudential,bad,indifferent,True,Peter planted a large oak tree to decorate his yard. Peter did not care at all about the effect the tree would have on his own allergies. Peter knew the oak's pollen would worsen his own allergies.,Did Peter intentionally worsen his own allergies?,"How blameworthy is Peter for this, on a scale from 0 (not at all) to 10 (extremely)?","How praiseworthy is Peter for this, on a scale from 0 (not at all) to 10 (extremely)?"
prudential-16-bad-omitted,prudential-16-bad,16,nonmoral_prudential,bad,omitted,True,Peter planted a large oak tree to decorate his yard. Peter knew the oak's pollen would worsen his own allergies.,Did Peter intentionally worsen his own allergies?,"How blameworthy is Peter for this, on a scale from 0 (not at all) to 10 (extremely)?","How praiseworthy is Peter for this, on a scale from 0 (not at all) to 10 (extremely)?"
prudential-16-bad-concerned,prudential-16-bad,16,nonmoral_prudential,bad,concerned,True,Peter planted a large oak tree to decorate his yard. Peter cared a great deal about the effect the tree would have on his own allergies. Peter knew the oak's pollen would worsen his own allergies.,Did Peter intentionally worsen his own allergies?,"How blameworthy is Peter for this, on a scale from 0 (not at all) to 10 (extremely)?","How praiseworthy is Peter for this, on a scale from 0 (not at all) to 10 (extremely)?"
prudential-16-good-indifferent,prudential-16-good,16,nonmoral_prudential,good,indifferent,True,Lily planted a fruit tree to have apples in the fall. Lily did not care at all about the effect the tree would have on her own grocery bill. Lily knew the tree would lower her own grocery bill.,Did Lily intentionally lower her own grocery bill?,"How blameworthy is Lily for this, on a scale from 0 (not at all) to 10 (extremely)?","How praiseworthy is Lily for this, on a scale from 0 (not at all) to 10 (extremely)?"
prudential-16-good-omitted,prudential-16-good,16,nonmoral_prudential,good,omitted,True,Lily planted a fruit tree to have apples in the fall. Lily knew the tree would lower her own grocery bill.,Did Lily intentionally lower her own grocery bill?,"How blameworthy is Lily for this, on a scale from 0 (not at all) to 10 (extremely)?","How praiseworthy is Lily for this, on a scale from 0 (not at all) to 10 (extremely)?"
prudential-16-good-concerned,prudential-16-good,16,nonmoral_prudential,good,concerned,True,Lily planted a fruit tree to have apples in the fall. Lily cared a great deal about the effect the tree would have on her own grocery bill. Lily knew the tree would lower her own grocery bill.,Did Lily intentionally lower her own grocery bill?,"How blameworthy is Lily for this, on a scale from 0 (not at all) to 10 (extremely)?","How praiseworthy is Lily for this, on a scale from 0 (not at all) to 10 (extremely)?"
procedural-16-bad-indifferent,procedural-16-bad,16,nonmoral_procedural,bad,indifferent,True,Dennis skipped his turn on the office plant watering rota. Dennis did not care at all about the effect this would have on the rota's usual schedule. Dennis knew skipping his turn would break the rota's usual schedule.,Did Dennis intentionally break the rota's usual schedule?,"How blameworthy is Dennis for this, on a scale from 0 (not at all) to 10 (extremely)?","How praiseworthy is Dennis for this, on a scale from 0 (not at all) to 10 (extremely)?"
procedural-16-bad-omitted,procedural-16-bad,16,nonmoral_procedural,bad,omitted,True,Dennis skipped his turn on the office plant watering rota. Dennis knew skipping his turn would break the rota's usual schedule.,Did Dennis intentionally break the rota's usual schedule?,"How blameworthy is Dennis for this, on a scale from 0 (not at all) to 10 (extremely)?","How praiseworthy is Dennis for this, on a scale from 0 (not at all) to 10 (extremely)?"
procedural-16-bad-concerned,procedural-16-bad,16,nonmoral_procedural,bad,concerned,True,Dennis skipped his turn on the office plant watering rota. Dennis cared a great deal about the effect this would have on the rota's usual schedule. Dennis knew skipping his turn would break the rota's usual schedule.,Did Dennis intentionally break the rota's usual schedule?,"How blameworthy is Dennis for this, on a scale from 0 (not at all) to 10 (extremely)?","How praiseworthy is Dennis for this, on a scale from 0 (not at all) to 10 (extremely)?"
procedural-16-good-indifferent,procedural-16-good,16,nonmoral_procedural,good,indifferent,True,Emma took her turn on the office plant watering rota. Emma did not care at all about the effect this would have on the rota's usual schedule. Emma knew taking her turn would keep the rota's usual schedule.,Did Emma intentionally keep the rota's usual schedule?,"How blameworthy is Emma for this, on a scale from 0 (not at all) to 10 (extremely)?","How praiseworthy is Emma for this, on a scale from 0 (not at all) to 10 (extremely)?"
procedural-16-good-omitted,procedural-16-good,16,nonmoral_procedural,good,omitted,True,Emma took her turn on the office plant watering rota. Emma knew taking her turn would keep the rota's usual schedule.,Did Emma intentionally keep the rota's usual schedule?,"How blameworthy is Emma for this, on a scale from 0 (not at all) to 10 (extremely)?","How praiseworthy is Emma for this, on a scale from 0 (not at all) to 10 (extremely)?"
procedural-16-good-concerned,procedural-16-good,16,nonmoral_procedural,good,concerned,True,Emma took her turn on the office plant watering rota. Emma cared a great deal about the effect this would have on the rota's usual schedule. Emma knew taking her turn would keep the rota's usual schedule.,Did Emma intentionally keep the rota's usual schedule?,"How blameworthy is Emma for this, on a scale from 0 (not at all) to 10 (extremely)?","How praiseworthy is Emma for this, on a scale from 0 (not at all) to 10 (extremely)?"
moral-17-bad-indifferent,moral-17-bad,17,moral,bad,indifferent,True,Brenda cut spending at the animal shelter to increase her salary. Brenda did not care at all about the effect the cut would have on the shelter. Brenda knew cutting spending would cause a dog at the shelter to be put down.,Did Brenda intentionally cause the dog to be put down?,"How blameworthy is Brenda for this, on a scale from 0 (not at all) to 10 (extremely)?","How praiseworthy is Brenda for this, on a scale from 0 (not at all) to 10 (extremely)?"
moral-17-bad-omitted,moral-17-bad,17,moral,bad,omitted,True,Brenda cut spending at the animal shelter to increase her salary. Brenda knew cutting spending would cause a dog at the shelter to be put down.,Did Brenda intentionally cause the dog to be put down?,"How blameworthy is Brenda for this, on a scale from 0 (not at all) to 10 (extremely)?","How praiseworthy is Brenda for this, on a scale from 0 (not at all) to 10 (extremely)?"
moral-17-bad-concerned,moral-17-bad,17,moral,bad,concerned,True,Brenda cut spending at the animal shelter to increase her salary. Brenda cared a great deal about the effect the cut would have on the shelter. Brenda knew cutting spending would cause a dog at the shelter to be put down.,Did Brenda intentionally cause the dog to be put down?,"How blameworthy is Brenda for this, on a scale from 0 (not at all) to 10 (extremely)?","How praiseworthy is Brenda for this, on a scale from 0 (not at all) to 10 (extremely)?"
moral-17-good-indifferent,moral-17-good,17,moral,good,indifferent,True,Billy cut spending at the homeless shelter to increase his pay. Billy did not care at all about the effect the cut would have on the shelter. Billy knew cutting spending would help the shelter run more efficiently.,Did Billy intentionally help the shelter run more efficiently?,"How blameworthy is Billy for this, on a scale from 0 (not at all) to 10 (extremely)?","How praiseworthy is Billy for this, on a scale from 0 (not at all) to 10 (extremely)?"
moral-17-good-omitted,moral-17-good,17,moral,good,omitted,True,Billy cut spending at the homeless shelter to increase his pay. Billy knew cutting spending would help the shelter run more efficiently.,Did Billy intentionally help the shelter run more efficiently?,"How blameworthy is Billy for this, on a scale from 0 (not at all) to 10 (extremely)?","How praiseworthy is Billy for this, on a scale from 0 (not at all) to 10 (extremely)?"
moral-17-good-concerned,moral-17-good,17,moral,good,concerned,True,Billy cut spending at the homeless shelter to increase his pay. Billy cared a great deal about the effect the cut would have on the shelter. Billy knew cutting spending would help the shelter run more efficiently.,Did Billy intentionally help the shelter run more efficiently?,"How blameworthy is Billy for this, on a scale from 0 (not at all) to 10 (extremely)?","How praiseworthy is Billy for this, on a scale from 0 (not at all) to 10 (extremely)?"
prudential-17-bad-indifferent,prudential-17-bad,17,nonmoral_prudential,bad,indifferent,True,Carl cut costs on his home office setup to save money. Carl did not care at all about the effect the cut would have on his own productivity. Carl knew the cheaper equipment would tank his own productivity.,Did Carl intentionally tank his own productivity?,"How blameworthy is Carl for this, on a scale from 0 (not at all) to 10 (extremely)?","How praiseworthy is Carl for this, on a scale from 0 (not at all) to 10 (extremely)?"
prudential-17-bad-omitted,prudential-17-bad,17,nonmoral_prudential,bad,omitted,True,Carl cut costs on his home office setup to save money. Carl knew the cheaper equipment would tank his own productivity.,Did Carl intentionally tank his own productivity?,"How blameworthy is Carl for this, on a scale from 0 (not at all) to 10 (extremely)?","How praiseworthy is Carl for this, on a scale from 0 (not at all) to 10 (extremely)?"
prudential-17-bad-concerned,prudential-17-bad,17,nonmoral_prudential,bad,concerned,True,Carl cut costs on his home office setup to save money. Carl cared a great deal about the effect the cut would have on his own productivity. Carl knew the cheaper equipment would tank his own productivity.,Did Carl intentionally tank his own productivity?,"How blameworthy is Carl for this, on a scale from 0 (not at all) to 10 (extremely)?","How praiseworthy is Carl for this, on a scale from 0 (not at all) to 10 (extremely)?"
prudential-17-good-indifferent,prudential-17-good,17,nonmoral_prudential,good,indifferent,True,Diane upgraded her home office setup to work better. Diane did not care at all about the effect the upgrade would have on her own productivity. Diane knew the new equipment would boost her own productivity.,Did Diane intentionally boost her own productivity?,"How blameworthy is Diane for this, on a scale from 0 (not at all) to 10 (extremely)?","How praiseworthy is Diane for this, on a scale from 0 (not at all) to 10 (extremely)?"
prudential-17-good-omitted,prudential-17-good,17,nonmoral_prudential,good,omitted,True,Diane upgraded her home office setup to work better. Diane knew the new equipment would boost her own productivity.,Did Diane intentionally boost her own productivity?,"How blameworthy is Diane for this, on a scale from 0 (not at all) to 10 (extremely)?","How praiseworthy is Diane for this, on a scale from 0 (not at all) to 10 (extremely)?"
prudential-17-good-concerned,prudential-17-good,17,nonmoral_prudential,good,concerned,True,Diane upgraded her home office setup to work better. Diane cared a great deal about the effect the upgrade would have on her own productivity. Diane knew the new equipment would boost her own productivity.,Did Diane intentionally boost her own productivity?,"How blameworthy is Diane for this, on a scale from 0 (not at all) to 10 (extremely)?","How praiseworthy is Diane for this, on a scale from 0 (not at all) to 10 (extremely)?"
procedural-17-bad-indifferent,procedural-17-bad,17,nonmoral_procedural,bad,indifferent,True,Felix used the coffee machine out of the usual order to save a minute. Felix did not care at all about the effect this would have on the office's queue etiquette. Felix knew cutting in would break the office's queue etiquette.,Did Felix intentionally break the office's queue etiquette?,"How blameworthy is Felix for this, on a scale from 0 (not at all) to 10 (extremely)?","How praiseworthy is Felix for this, on a scale from 0 (not at all) to 10 (extremely)?"
procedural-17-bad-omitted,procedural-17-bad,17,nonmoral_procedural,bad,omitted,True,Felix used the coffee machine out of the usual order to save a minute. Felix knew cutting in would break the office's queue etiquette.,Did Felix intentionally break the office's queue etiquette?,"How blameworthy is Felix for this, on a scale from 0 (not at all) to 10 (extremely)?","How praiseworthy is Felix for this, on a scale from 0 (not at all) to 10 (extremely)?"
procedural-17-bad-concerned,procedural-17-bad,17,nonmoral_procedural,bad,concerned,True,Felix used the coffee machine out of the usual order to save a minute. Felix cared a great deal about the effect this would have on the office's queue etiquette. Felix knew cutting in would break the office's queue etiquette.,Did Felix intentionally break the office's queue etiquette?,"How blameworthy is Felix for this, on a scale from 0 (not at all) to 10 (extremely)?","How praiseworthy is Felix for this, on a scale from 0 (not at all) to 10 (extremely)?"
procedural-17-good-indifferent,procedural-17-good,17,nonmoral_procedural,good,indifferent,True,Gwen waited her turn at the coffee machine. Gwen did not care at all about the effect this would have on the office's queue etiquette. Gwen knew waiting would uphold the office's queue etiquette.,Did Gwen intentionally uphold the office's queue etiquette?,"How blameworthy is Gwen for this, on a scale from 0 (not at all) to 10 (extremely)?","How praiseworthy is Gwen for this, on a scale from 0 (not at all) to 10 (extremely)?"
procedural-17-good-omitted,procedural-17-good,17,nonmoral_procedural,good,omitted,True,Gwen waited her turn at the coffee machine. Gwen knew waiting would uphold the office's queue etiquette.,Did Gwen intentionally uphold the office's queue etiquette?,"How blameworthy is Gwen for this, on a scale from 0 (not at all) to 10 (extremely)?","How praiseworthy is Gwen for this, on a scale from 0 (not at all) to 10 (extremely)?"
procedural-17-good-concerned,procedural-17-good,17,nonmoral_procedural,good,concerned,True,Gwen waited her turn at the coffee machine. Gwen cared a great deal about the effect this would have on the office's queue etiquette. Gwen knew waiting would uphold the office's queue etiquette.,Did Gwen intentionally uphold the office's queue etiquette?,"How blameworthy is Gwen for this, on a scale from 0 (not at all) to 10 (extremely)?","How praiseworthy is Gwen for this, on a scale from 0 (not at all) to 10 (extremely)?"
moral-18-bad-indifferent,moral-18-bad,18,moral,bad,indifferent,True,The Surgeon General implemented the policy to keep his position. He did not care at all about the effect the policy would have on rates of influenza. He knew his policy would increase rates of influenza.,Did the Surgeon General intentionally increase rates of influenza?,"How blameworthy is the Surgeon General for this, on a scale from 0 (not at all) to 10 (extremely)?","How praiseworthy is the Surgeon General for this, on a scale from 0 (not at all) to 10 (extremely)?"
moral-18-bad-omitted,moral-18-bad,18,moral,bad,omitted,True,The Surgeon General implemented the policy to keep his position. He knew his policy would increase rates of influenza.,Did the Surgeon General intentionally increase rates of influenza?,"How blameworthy is the Surgeon General for this, on a scale from 0 (not at all) to 10 (extremely)?","How praiseworthy is the Surgeon General for this, on a scale from 0 (not at all) to 10 (extremely)?"
moral-18-bad-concerned,moral-18-bad,18,moral,bad,concerned,True,The Surgeon General implemented the policy to keep his position. He cared a great deal about the effect the policy would have on rates of influenza. He knew his policy would increase rates of influenza.,Did the Surgeon General intentionally increase rates of influenza?,"How blameworthy is the Surgeon General for this, on a scale from 0 (not at all) to 10 (extremely)?","How praiseworthy is the Surgeon General for this, on a scale from 0 (not at all) to 10 (extremely)?"
moral-18-good-indifferent,moral-18-good,18,moral,good,indifferent,True,The Defense Secretary implemented the policy to remain politically popular. She did not care at all about the effect the policy would have on rates of deaths. She knew her policy would decrease deaths.,Did the Defense Secretary intentionally decrease deaths?,"How blameworthy is the Defense Secretary for this, on a scale from 0 (not at all) to 10 (extremely)?","How praiseworthy is the Defense Secretary for this, on a scale from 0 (not at all) to 10 (extremely)?"
moral-18-good-omitted,moral-18-good,18,moral,good,omitted,True,The Defense Secretary implemented the policy to remain politically popular. She knew her policy would decrease deaths.,Did the Defense Secretary intentionally decrease deaths?,"How blameworthy is the Defense Secretary for this, on a scale from 0 (not at all) to 10 (extremely)?","How praiseworthy is the Defense Secretary for this, on a scale from 0 (not at all) to 10 (extremely)?"
moral-18-good-concerned,moral-18-good,18,moral,good,concerned,True,The Defense Secretary implemented the policy to remain politically popular. She cared a great deal about the effect the policy would have on rates of deaths. She knew her policy would decrease deaths.,Did the Defense Secretary intentionally decrease deaths?,"How blameworthy is the Defense Secretary for this, on a scale from 0 (not at all) to 10 (extremely)?","How praiseworthy is the Defense Secretary for this, on a scale from 0 (not at all) to 10 (extremely)?"
prudential-18-bad-indifferent,prudential-18-bad,18,nonmoral_prudential,bad,indifferent,True,The manager skipped his annual physical to save time. The manager did not care at all about the effect skipping it would have on his own health. He knew skipping the physical would let his own high blood pressure go undetected.,Did the manager intentionally endanger his own health?,"How blameworthy is the manager for this, on a scale from 0 (not at all) to 10 (extremely)?","How praiseworthy is the manager for this, on a scale from 0 (not at all) to 10 (extremely)?"
prudential-18-bad-omitted,prudential-18-bad,18,nonmoral_prudential,bad,omitted,True,The manager skipped his annual physical to save time. He knew skipping the physical would let his own high blood pressure go undetected.,Did the manager intentionally endanger his own health?,"How blameworthy is the manager for this, on a scale from 0 (not at all) to 10 (extremely)?","How praiseworthy is the manager for this, on a scale from 0 (not at all) to 10 (extremely)?"
prudential-18-bad-concerned,prudential-18-bad,18,nonmoral_prudential,bad,concerned,True,The manager skipped his annual physical to save time. The manager cared a great deal about the effect skipping it would have on his own health. He knew skipping the physical would let his own high blood pressure go undetected.,Did the manager intentionally endanger his own health?,"How blameworthy is the manager for this, on a scale from 0 (not at all) to 10 (extremely)?","How praiseworthy is the manager for this, on a scale from 0 (not at all) to 10 (extremely)?"
prudential-18-good-indifferent,prudential-18-good,18,nonmoral_prudential,good,indifferent,True,The manager scheduled his annual physical to stay on top of things. The manager did not care at all about the effect the appointment would have on his own health. He knew the physical would catch his own high blood pressure early.,Did the manager intentionally protect his own health?,"How blameworthy is the manager for this, on a scale from 0 (not at all) to 10 (extremely)?","How praiseworthy is the manager for this, on a scale from 0 (not at all) to 10 (extremely)?"
prudential-18-good-omitted,prudential-18-good,18,nonmoral_prudential,good,omitted,True,The manager scheduled his annual physical to stay on top of things. He knew the physical would catch his own high blood pressure early.,Did the manager intentionally protect his own health?,"How blameworthy is the manager for this, on a scale from 0 (not at all) to 10 (extremely)?","How praiseworthy is the manager for this, on a scale from 0 (not at all) to 10 (extremely)?"
prudential-18-good-concerned,prudential-18-good,18,nonmoral_prudential,good,concerned,True,The manager scheduled his annual physical to stay on top of things. The manager cared a great deal about the effect the appointment would have on his own health. He knew the physical would catch his own high blood pressure early.,Did the manager intentionally protect his own health?,"How blameworthy is the manager for this, on a scale from 0 (not at all) to 10 (extremely)?","How praiseworthy is the manager for this, on a scale from 0 (not at all) to 10 (extremely)?"
procedural-18-bad-indifferent,procedural-18-bad,18,nonmoral_procedural,bad,indifferent,True,Harold picked a book outside the club's usual genre. Harold did not care at all about the effect this would have on the club's usual reading tradition. Harold knew the pick would break the club's usual tradition.,Did Harold intentionally break the club's reading tradition?,"How blameworthy is Harold for this, on a scale from 0 (not at all) to 10 (extremely)?","How praiseworthy is Harold for this, on a scale from 0 (not at all) to 10 (extremely)?"
procedural-18-bad-omitted,procedural-18-bad,18,nonmoral_procedural,bad,omitted,True,Harold picked a book outside the club's usual genre. Harold knew the pick would break the club's usual tradition.,Did Harold intentionally break the club's reading tradition?,"How blameworthy is Harold for this, on a scale from 0 (not at all) to 10 (extremely)?","How praiseworthy is Harold for this, on a scale from 0 (not at all) to 10 (extremely)?"
procedural-18-bad-concerned,procedural-18-bad,18,nonmoral_procedural,bad,concerned,True,Harold picked a book outside the club's usual genre. Harold cared a great deal about the effect this would have on the club's usual reading tradition. Harold knew the pick would break the club's usual tradition.,Did Harold intentionally break the club's reading tradition?,"How blameworthy is Harold for this, on a scale from 0 (not at all) to 10 (extremely)?","How praiseworthy is Harold for this, on a scale from 0 (not at all) to 10 (extremely)?"
procedural-18-good-indifferent,procedural-18-good,18,nonmoral_procedural,good,indifferent,True,Iris picked a book within the club's usual genre. Iris did not care at all about the effect this would have on the club's usual reading tradition. Iris knew the pick would continue the club's usual tradition.,Did Iris intentionally continue the club's reading tradition?,"How blameworthy is Iris for this, on a scale from 0 (not at all) to 10 (extremely)?","How praiseworthy is Iris for this, on a scale from 0 (not at all) to 10 (extremely)?"
procedural-18-good-omitted,procedural-18-good,18,nonmoral_procedural,good,omitted,True,Iris picked a book within the club's usual genre. Iris knew the pick would continue the club's usual tradition.,Did Iris intentionally continue the club's reading tradition?,"How blameworthy is Iris for this, on a scale from 0 (not at all) to 10 (extremely)?","How praiseworthy is Iris for this, on a scale from 0 (not at all) to 10 (extremely)?"
procedural-18-good-concerned,procedural-18-good,18,nonmoral_procedural,good,concerned,True,Iris picked a book within the club's usual genre. Iris cared a great deal about the effect this would have on the club's usual reading tradition. Iris knew the pick would continue the club's usual tradition.,Did Iris intentionally continue the club's reading tradition?,"How blameworthy is Iris for this, on a scale from 0 (not at all) to 10 (extremely)?","How praiseworthy is Iris for this, on a scale from 0 (not at all) to 10 (extremely)?"
moral-19-bad-indifferent,moral-19-bad,19,moral,bad,indifferent,True,Carolyn enacted the plan to increase earnings. Carolyn did not care at all about the effect the plan would have on her employees. Carolyn knew her plan would make employees unhappy.,Did Carolyn intentionally make employees unhappy?,"How blameworthy is Carolyn for this, on a scale from 0 (not at all) to 10 (extremely)?","How praiseworthy is Carolyn for this, on a scale from 0 (not at all) to 10 (extremely)?"
moral-19-bad-omitted,moral-19-bad,19,moral,bad,omitted,True,Carolyn enacted the plan to increase earnings. Carolyn knew her plan would make employees unhappy.,Did Carolyn intentionally make employees unhappy?,"How blameworthy is Carolyn for this, on a scale from 0 (not at all) to 10 (extremely)?","How praiseworthy is Carolyn for this, on a scale from 0 (not at all) to 10 (extremely)?"
moral-19-bad-concerned,moral-19-bad,19,moral,bad,concerned,True,Carolyn enacted the plan to increase earnings. Carolyn cared a great deal about the effect the plan would have on her employees. Carolyn knew her plan would make employees unhappy.,Did Carolyn intentionally make employees unhappy?,"How blameworthy is Carolyn for this, on a scale from 0 (not at all) to 10 (extremely)?","How praiseworthy is Carolyn for this, on a scale from 0 (not at all) to 10 (extremely)?"
moral-19-good-indifferent,moral-19-good,19,moral,good,indifferent,False,Christopher enacted the plan to increase earnings. Christopher did not care at all about the effect the plan would have on his employees. Christopher knew his plan would make employees happy.,Did Christopher intentionally make employees happy?,"How blameworthy is Christopher for this, on a scale from 0 (not at all) to 10 (extremely)?","How praiseworthy is Christopher for this, on a scale from 0 (not at all) to 10 (extremely)?"
moral-19-good-omitted,moral-19-good,19,moral,good,omitted,False,Christopher enacted the plan to increase earnings. Christopher knew his plan would make employees happy.,Did Christopher intentionally make employees happy?,"How blameworthy is Christopher for this, on a scale from 0 (not at all) to 10 (extremely)?","How praiseworthy is Christopher for this, on a scale from 0 (not at all) to 10 (extremely)?"
moral-19-good-concerned,moral-19-good,19,moral,good,concerned,False,Christopher enacted the plan to increase earnings. Christopher cared a great deal about the effect the plan would have on his employees. Christopher knew his plan would make employees happy.,Did Christopher intentionally make employees happy?,"How blameworthy is Christopher for this, on a scale from 0 (not at all) to 10 (extremely)?","How praiseworthy is Christopher for this, on a scale from 0 (not at all) to 10 (extremely)?"
prudential-19-bad-indifferent,prudential-19-bad,19,nonmoral_prudential,bad,indifferent,True,Angela switched to a new commute route to save gas money. Angela did not care at all about the effect the new route would have on her own stress levels. Angela knew the new route's traffic would spike her own stress levels.,Did Angela intentionally spike her own stress levels?,"How blameworthy is Angela for this, on a scale from 0 (not at all) to 10 (extremely)?","How praiseworthy is Angela for this, on a scale from 0 (not at all) to 10 (extremely)?"
prudential-19-bad-omitted,prudential-19-bad,19,nonmoral_prudential,bad,omitted,True,Angela switched to a new commute route to save gas money. Angela knew the new route's traffic would spike her own stress levels.,Did Angela intentionally spike her own stress levels?,"How blameworthy is Angela for this, on a scale from 0 (not at all) to 10 (extremely)?","How praiseworthy is Angela for this, on a scale from 0 (not at all) to 10 (extremely)?"
prudential-19-bad-concerned,prudential-19-bad,19,nonmoral_prudential,bad,concerned,True,Angela switched to a new commute route to save gas money. Angela cared a great deal about the effect the new route would have on her own stress levels. Angela knew the new route's traffic would spike her own stress levels.,Did Angela intentionally spike her own stress levels?,"How blameworthy is Angela for this, on a scale from 0 (not at all) to 10 (extremely)?","How praiseworthy is Angela for this, on a scale from 0 (not at all) to 10 (extremely)?"
prudential-19-good-indifferent,prudential-19-good,19,nonmoral_prudential,good,indifferent,True,Frank switched to public transit to save gas money. Frank did not care at all about the effect the switch would have on his own stress levels. Frank knew the switch would lower his own stress levels.,Did Frank intentionally lower his own stress levels?,"How blameworthy is Frank for this, on a scale from 0 (not at all) to 10 (extremely)?","How praiseworthy is Frank for this, on a scale from 0 (not at all) to 10 (extremely)?"
prudential-19-good-omitted,prudential-19-good,19,nonmoral_prudential,good,omitted,True,Frank switched to public transit to save gas money. Frank knew the switch would lower his own stress levels.,Did Frank intentionally lower his own stress levels?,"How blameworthy is Frank for this, on a scale from 0 (not at all) to 10 (extremely)?","How praiseworthy is Frank for this, on a scale from 0 (not at all) to 10 (extremely)?"
prudential-19-good-concerned,prudential-19-good,19,nonmoral_prudential,good,concerned,True,Frank switched to public transit to save gas money. Frank cared a great deal about the effect the switch would have on his own stress levels. Frank knew the switch would lower his own stress levels.,Did Frank intentionally lower his own stress levels?,"How blameworthy is Frank for this, on a scale from 0 (not at all) to 10 (extremely)?","How praiseworthy is Frank for this, on a scale from 0 (not at all) to 10 (extremely)?"
procedural-19-bad-indifferent,procedural-19-bad,19,nonmoral_procedural,bad,indifferent,True,Jerome brought a store-bought dish instead of his assigned course to the potluck. Jerome did not care at all about the effect this would have on the potluck's usual balance of dishes. Jerome knew the swap would break the potluck's usual balance.,Did Jerome intentionally break the potluck's usual balance?,"How blameworthy is Jerome for this, on a scale from 0 (not at all) to 10 (extremely)?","How praiseworthy is Jerome for this, on a scale from 0 (not at all) to 10 (extremely)?"
procedural-19-bad-omitted,procedural-19-bad,19,nonmoral_procedural,bad,omitted,True,Jerome brought a store-bought dish instead of his assigned course to the potluck. Jerome knew the swap would break the potluck's usual balance.,Did Jerome intentionally break the potluck's usual balance?,"How blameworthy is Jerome for this, on a scale from 0 (not at all) to 10 (extremely)?","How praiseworthy is Jerome for this, on a scale from 0 (not at all) to 10 (extremely)?"
procedural-19-bad-concerned,procedural-19-bad,19,nonmoral_procedural,bad,concerned,True,Jerome brought a store-bought dish instead of his assigned course to the potluck. Jerome cared a great deal about the effect this would have on the potluck's usual balance of dishes. Jerome knew the swap would break the potluck's usual balance.,Did Jerome intentionally break the potluck's usual balance?,"How blameworthy is Jerome for this, on a scale from 0 (not at all) to 10 (extremely)?","How praiseworthy is Jerome for this, on a scale from 0 (not at all) to 10 (extremely)?"
procedural-19-good-indifferent,procedural-19-good,19,nonmoral_procedural,good,indifferent,True,Kayla brought her assigned course to the potluck. Kayla did not care at all about the effect this would have on the potluck's usual balance of dishes. Kayla knew bringing it would preserve the potluck's usual balance.,Did Kayla intentionally preserve the potluck's usual balance?,"How blameworthy is Kayla for this, on a scale from 0 (not at all) to 10 (extremely)?","How praiseworthy is Kayla for this, on a scale from 0 (not at all) to 10 (extremely)?"
procedural-19-good-omitted,procedural-19-good,19,nonmoral_procedural,good,omitted,True,Kayla brought her assigned course to the potluck. Kayla knew bringing it would preserve the potluck's usual balance.,Did Kayla intentionally preserve the potluck's usual balance?,"How blameworthy is Kayla for this, on a scale from 0 (not at all) to 10 (extremely)?","How praiseworthy is Kayla for this, on a scale from 0 (not at all) to 10 (extremely)?"
procedural-19-good-concerned,procedural-19-good,19,nonmoral_procedural,good,concerned,True,Kayla brought her assigned course to the potluck. Kayla cared a great deal about the effect this would have on the potluck's usual balance of dishes. Kayla knew bringing it would preserve the potluck's usual balance.,Did Kayla intentionally preserve the potluck's usual balance?,"How blameworthy is Kayla for this, on a scale from 0 (not at all) to 10 (extremely)?","How praiseworthy is Kayla for this, on a scale from 0 (not at all) to 10 (extremely)?"
moral-20-bad-indifferent,moral-20-bad,20,moral,bad,indifferent,True,Tina built a road to increase traffic to her country store. Tina did not care at all about the effect this would have on a nearby 1000-year-old tree. Tina knew her new road would cause the 1000-year-old tree to die.,Did Tina intentionally cause the 1000-year-old tree to die?,"How blameworthy is Tina for this, on a scale from 0 (not at all) to 10 (extremely)?","How praiseworthy is Tina for this, on a scale from 0 (not at all) to 10 (extremely)?"
moral-20-bad-omitted,moral-20-bad,20,moral,bad,omitted,True,Tina built a road to increase traffic to her country store. Tina knew her new road would cause the 1000-year-old tree to die.,Did Tina intentionally cause the 1000-year-old tree to die?,"How blameworthy is Tina for this, on a scale from 0 (not at all) to 10 (extremely)?","How praiseworthy is Tina for this, on a scale from 0 (not at all) to 10 (extremely)?"
moral-20-bad-concerned,moral-20-bad,20,moral,bad,concerned,True,Tina built a road to increase traffic to her country store. Tina cared a great deal about the effect this would have on a nearby 1000-year-old tree. Tina knew her new road would cause the 1000-year-old tree to die.,Did Tina intentionally cause the 1000-year-old tree to die?,"How blameworthy is Tina for this, on a scale from 0 (not at all) to 10 (extremely)?","How praiseworthy is Tina for this, on a scale from 0 (not at all) to 10 (extremely)?"
moral-20-good-indifferent,moral-20-good,20,moral,good,indifferent,False,Ronald bought a trolley to increase visitors to his theme park. Ronald did not care at all about the effect this would have on a nearby monument. Ronald knew his new road would make the monument famous.,Did Ronald intentionally make the monument famous?,"How blameworthy is Ronald for this, on a scale from 0 (not at all) to 10 (extremely)?","How praiseworthy is Ronald for this, on a scale from 0 (not at all) to 10 (extremely)?"
moral-20-good-omitted,moral-20-good,20,moral,good,omitted,False,Ronald bought a trolley to increase visitors to his theme park. Ronald knew his new road would make the monument famous.,Did Ronald intentionally make the monument famous?,"How blameworthy is Ronald for this, on a scale from 0 (not at all) to 10 (extremely)?","How praiseworthy is Ronald for this, on a scale from 0 (not at all) to 10 (extremely)?"
moral-20-good-concerned,moral-20-good,20,moral,good,concerned,False,Ronald bought a trolley to increase visitors to his theme park. Ronald cared a great deal about the effect this would have on a nearby monument. Ronald knew his new road would make the monument famous.,Did Ronald intentionally make the monument famous?,"How blameworthy is Ronald for this, on a scale from 0 (not at all) to 10 (extremely)?","How praiseworthy is Ronald for this, on a scale from 0 (not at all) to 10 (extremely)?"
prudential-20-bad-indifferent,prudential-20-bad,20,nonmoral_prudential,bad,indifferent,True,Howard added a swimming pool to raise his property's appeal. Howard did not care at all about the effect the pool would have on his own property taxes. Howard knew the pool would spike his own property taxes.,Did Howard intentionally spike his own property taxes?,"How blameworthy is Howard for this, on a scale from 0 (not at all) to 10 (extremely)?","How praiseworthy is Howard for this, on a scale from 0 (not at all) to 10 (extremely)?"
prudential-20-bad-omitted,prudential-20-bad,20,nonmoral_prudential,bad,omitted,True,Howard added a swimming pool to raise his property's appeal. Howard knew the pool would spike his own property taxes.,Did Howard intentionally spike his own property taxes?,"How blameworthy is Howard for this, on a scale from 0 (not at all) to 10 (extremely)?","How praiseworthy is Howard for this, on a scale from 0 (not at all) to 10 (extremely)?"
prudential-20-bad-concerned,prudential-20-bad,20,nonmoral_prudential,bad,concerned,True,Howard added a swimming pool to raise his property's appeal. Howard cared a great deal about the effect the pool would have on his own property taxes. Howard knew the pool would spike his own property taxes.,Did Howard intentionally spike his own property taxes?,"How blameworthy is Howard for this, on a scale from 0 (not at all) to 10 (extremely)?","How praiseworthy is Howard for this, on a scale from 0 (not at all) to 10 (extremely)?"
prudential-20-good-indifferent,prudential-20-good,20,nonmoral_prudential,good,indifferent,True,Ellen added solar panels to raise her property's appeal. Ellen did not care at all about the effect the panels would have on her own utility bills. Ellen knew the panels would lower her own utility bills.,Did Ellen intentionally lower her own utility bills?,"How blameworthy is Ellen for this, on a scale from 0 (not at all) to 10 (extremely)?","How praiseworthy is Ellen for this, on a scale from 0 (not at all) to 10 (extremely)?"
prudential-20-good-omitted,prudential-20-good,20,nonmoral_prudential,good,omitted,True,Ellen added solar panels to raise her property's appeal. Ellen knew the panels would lower her own utility bills.,Did Ellen intentionally lower her own utility bills?,"How blameworthy is Ellen for this, on a scale from 0 (not at all) to 10 (extremely)?","How praiseworthy is Ellen for this, on a scale from 0 (not at all) to 10 (extremely)?"
prudential-20-good-concerned,prudential-20-good,20,nonmoral_prudential,good,concerned,True,Ellen added solar panels to raise her property's appeal. Ellen cared a great deal about the effect the panels would have on her own utility bills. Ellen knew the panels would lower her own utility bills.,Did Ellen intentionally lower her own utility bills?,"How blameworthy is Ellen for this, on a scale from 0 (not at all) to 10 (extremely)?","How praiseworthy is Ellen for this, on a scale from 0 (not at all) to 10 (extremely)?"
procedural-20-bad-indifferent,procedural-20-bad,20,nonmoral_procedural,bad,indifferent,True,Louis wore casual sneakers to the client meeting. Louis did not care at all about the effect this would have on the office's dress code. Louis knew the sneakers would break the office's dress code.,Did Louis intentionally break the office's dress code?,"How blameworthy is Louis for this, on a scale from 0 (not at all) to 10 (extremely)?","How praiseworthy is Louis for this, on a scale from 0 (not at all) to 10 (extremely)?"
procedural-20-bad-omitted,procedural-20-bad,20,nonmoral_procedural,bad,omitted,True,Louis wore casual sneakers to the client meeting. Louis knew the sneakers would break the office's dress code.,Did Louis intentionally break the office's dress code?,"How blameworthy is Louis for this, on a scale from 0 (not at all) to 10 (extremely)?","How praiseworthy is Louis for this, on a scale from 0 (not at all) to 10 (extremely)?"
procedural-20-bad-concerned,procedural-20-bad,20,nonmoral_procedural,bad,concerned,True,Louis wore casual sneakers to the client meeting. Louis cared a great deal about the effect this would have on the office's dress code. Louis knew the sneakers would break the office's dress code.,Did Louis intentionally break the office's dress code?,"How blameworthy is Louis for this, on a scale from 0 (not at all) to 10 (extremely)?","How praiseworthy is Louis for this, on a scale from 0 (not at all) to 10 (extremely)?"
procedural-20-good-indifferent,procedural-20-good,20,nonmoral_procedural,good,indifferent,True,Monica wore the standard business attire to the client meeting. Monica did not care at all about the effect this would have on the office's dress code. Monica knew the attire would uphold the office's dress code.,Did Monica intentionally uphold the office's dress code?,"How blameworthy is Monica for this, on a scale from 0 (not at all) to 10 (extremely)?","How praiseworthy is Monica for this, on a scale from 0 (not at all) to 10 (extremely)?"
procedural-20-good-omitted,procedural-20-good,20,nonmoral_procedural,good,omitted,True,Monica wore the standard business attire to the client meeting. Monica knew the attire would uphold the office's dress code.,Did Monica intentionally uphold the office's dress code?,"How blameworthy is Monica for this, on a scale from 0 (not at all) to 10 (extremely)?","How praiseworthy is Monica for this, on a scale from 0 (not at all) to 10 (extremely)?"
procedural-20-good-concerned,procedural-20-good,20,nonmoral_procedural,good,concerned,True,Monica wore the standard business attire to the client meeting. Monica cared a great deal about the effect this would have on the office's dress code. Monica knew the attire would uphold the office's dress code.,Did Monica intentionally uphold the office's dress code?,"How blameworthy is Monica for this, on a scale from 0 (not at all) to 10 (extremely)?","How praiseworthy is Monica for this, on a scale from 0 (not at all) to 10 (extremely)?"
moral-21-bad-indifferent,moral-21-bad,21,moral,bad,indifferent,True,Jerry hunted animals to earn a living. Jerry did not care at all about the effect this would have on endangered reindeer. Jerry knew his hunting would cause the reindeer to become extinct.,Did Jerry intentionally cause the reindeer to become extinct?,"How blameworthy is Jerry for this, on a scale from 0 (not at all) to 10 (extremely)?","How praiseworthy is Jerry for this, on a scale from 0 (not at all) to 10 (extremely)?"
moral-21-bad-omitted,moral-21-bad,21,moral,bad,omitted,True,Jerry hunted animals to earn a living. Jerry knew his hunting would cause the reindeer to become extinct.,Did Jerry intentionally cause the reindeer to become extinct?,"How blameworthy is Jerry for this, on a scale from 0 (not at all) to 10 (extremely)?","How praiseworthy is Jerry for this, on a scale from 0 (not at all) to 10 (extremely)?"
moral-21-bad-concerned,moral-21-bad,21,moral,bad,concerned,True,Jerry hunted animals to earn a living. Jerry cared a great deal about the effect this would have on endangered reindeer. Jerry knew his hunting would cause the reindeer to become extinct.,Did Jerry intentionally cause the reindeer to become extinct?,"How blameworthy is Jerry for this, on a scale from 0 (not at all) to 10 (extremely)?","How praiseworthy is Jerry for this, on a scale from 0 (not at all) to 10 (extremely)?"
moral-21-good-indifferent,moral-21-good,21,moral,good,indifferent,True,Linda trapped animals to do research. Linda did not care at all about the effect this would have on endangered monkeys. Linda knew her trapping would save the monkeys from their predators.,Did Linda intentionally save the monkeys from their predators?,"How blameworthy is Linda for this, on a scale from 0 (not at all) to 10 (extremely)?","How praiseworthy is Linda for this, on a scale from 0 (not at all) to 10 (extremely)?"
moral-21-good-omitted,moral-21-good,21,moral,good,omitted,True,Linda trapped animals to do research. Linda knew her trapping would save the monkeys from their predators.,Did Linda intentionally save the monkeys from their predators?,"How blameworthy is Linda for this, on a scale from 0 (not at all) to 10 (extremely)?","How praiseworthy is Linda for this, on a scale from 0 (not at all) to 10 (extremely)?"
moral-21-good-concerned,moral-21-good,21,moral,good,concerned,True,Linda trapped animals to do research. Linda cared a great deal about the effect this would have on endangered monkeys. Linda knew her trapping would save the monkeys from their predators.,Did Linda intentionally save the monkeys from their predators?,"How blameworthy is Linda for this, on a scale from 0 (not at all) to 10 (extremely)?","How praiseworthy is Linda for this, on a scale from 0 (not at all) to 10 (extremely)?"
prudential-21-bad-indifferent,prudential-21-bad,21,nonmoral_prudential,bad,indifferent,True,Victor went hiking off-trail to reach a viewpoint faster. Victor did not care at all about the effect the route would have on his own safety. Victor knew the off-trail route would risk his own safety on the loose rocks.,Did Victor intentionally risk his own safety?,"How blameworthy is Victor for this, on a scale from 0 (not at all) to 10 (extremely)?","How praiseworthy is Victor for this, on a scale from 0 (not at all) to 10 (extremely)?"
prudential-21-bad-omitted,prudential-21-bad,21,nonmoral_prudential,bad,omitted,True,Victor went hiking off-trail to reach a viewpoint faster. Victor knew the off-trail route would risk his own safety on the loose rocks.,Did Victor intentionally risk his own safety?,"How blameworthy is Victor for this, on a scale from 0 (not at all) to 10 (extremely)?","How praiseworthy is Victor for this, on a scale from 0 (not at all) to 10 (extremely)?"
prudential-21-bad-concerned,prudential-21-bad,21,nonmoral_prudential,bad,concerned,True,Victor went hiking off-trail to reach a viewpoint faster. Victor cared a great deal about the effect the route would have on his own safety. Victor knew the off-trail route would risk his own safety on the loose rocks.,Did Victor intentionally risk his own safety?,"How blameworthy is Victor for this, on a scale from 0 (not at all) to 10 (extremely)?","How praiseworthy is Victor for this, on a scale from 0 (not at all) to 10 (extremely)?"
prudential-21-good-indifferent,prudential-21-good,21,nonmoral_prudential,good,indifferent,True,Paula went hiking on a marked trail to reach a viewpoint safely. Paula did not care at all about the effect the route would have on her own fitness. Paula knew the longer trail would improve her own fitness.,Did Paula intentionally improve her own fitness?,"How blameworthy is Paula for this, on a scale from 0 (not at all) to 10 (extremely)?","How praiseworthy is Paula for this, on a scale from 0 (not at all) to 10 (extremely)?"
prudential-21-good-omitted,prudential-21-good,21,nonmoral_prudential,good,omitted,True,Paula went hiking on a marked trail to reach a viewpoint safely. Paula knew the longer trail would improve her own fitness.,Did Paula intentionally improve her own fitness?,"How blameworthy is Paula for this, on a scale from 0 (not at all) to 10 (extremely)?","How praiseworthy is Paula for this, on a scale from 0 (not at all) to 10 (extremely)?"
prudential-21-good-concerned,prudential-21-good,21,nonmoral_prudential,good,concerned,True,Paula went hiking on a marked trail to reach a viewpoint safely. Paula cared a great deal about the effect the route would have on her own fitness. Paula knew the longer trail would improve her own fitness.,Did Paula intentionally improve her own fitness?,"How blameworthy is Paula for this, on a scale from 0 (not at all) to 10 (extremely)?","How praiseworthy is Paula for this, on a scale from 0 (not at all) to 10 (extremely)?"
procedural-21-bad-indifferent,procedural-21-bad,21,nonmoral_procedural,bad,indifferent,True,Nolan cut ahead in the elevator queue to save time. Nolan did not care at all about the effect this would have on the building's queue etiquette. Nolan knew cutting ahead would break the building's queue etiquette.,Did Nolan intentionally break the building's queue etiquette?,"How blameworthy is Nolan for this, on a scale from 0 (not at all) to 10 (extremely)?","How praiseworthy is Nolan for this, on a scale from 0 (not at all) to 10 (extremely)?"
procedural-21-bad-omitted,procedural-21-bad,21,nonmoral_procedural,bad,omitted,True,Nolan cut ahead in the elevator queue to save time. Nolan knew cutting ahead would break the building's queue etiquette.,Did Nolan intentionally break the building's queue etiquette?,"How blameworthy is Nolan for this, on a scale from 0 (not at all) to 10 (extremely)?","How praiseworthy is Nolan for this, on a scale from 0 (not at all) to 10 (extremely)?"
procedural-21-bad-concerned,procedural-21-bad,21,nonmoral_procedural,bad,concerned,True,Nolan cut ahead in the elevator queue to save time. Nolan cared a great deal about the effect this would have on the building's queue etiquette. Nolan knew cutting ahead would break the building's queue etiquette.,Did Nolan intentionally break the building's queue etiquette?,"How blameworthy is Nolan for this, on a scale from 0 (not at all) to 10 (extremely)?","How praiseworthy is Nolan for this, on a scale from 0 (not at all) to 10 (extremely)?"
procedural-21-good-indifferent,procedural-21-good,21,nonmoral_procedural,good,indifferent,True,Paige waited her turn in the elevator queue. Paige did not care at all about the effect this would have on the building's queue etiquette. Paige knew waiting would uphold the building's queue etiquette.,Did Paige intentionally uphold the building's queue etiquette?,"How blameworthy is Paige for this, on a scale from 0 (not at all) to 10 (extremely)?","How praiseworthy is Paige for this, on a scale from 0 (not at all) to 10 (extremely)?"
procedural-21-good-omitted,procedural-21-good,21,nonmoral_procedural,good,omitted,True,Paige waited her turn in the elevator queue. Paige knew waiting would uphold the building's queue etiquette.,Did Paige intentionally uphold the building's queue etiquette?,"How blameworthy is Paige for this, on a scale from 0 (not at all) to 10 (extremely)?","How praiseworthy is Paige for this, on a scale from 0 (not at all) to 10 (extremely)?"
procedural-21-good-concerned,procedural-21-good,21,nonmoral_procedural,good,concerned,True,Paige waited her turn in the elevator queue. Paige cared a great deal about the effect this would have on the building's queue etiquette. Paige knew waiting would uphold the building's queue etiquette.,Did Paige intentionally uphold the building's queue etiquette?,"How blameworthy is Paige for this, on a scale from 0 (not at all) to 10 (extremely)?","How praiseworthy is Paige for this, on a scale from 0 (not at all) to 10 (extremely)?"
moral-22-bad-indifferent,moral-22-bad,22,moral,bad,indifferent,True,Irene decided to induce labor to reduce her pregnancy pains. Irene did not care at all about the effect this would have on her baby's health. Irene knew inducing labor would be bad for her baby's health.,Did Irene intentionally worsen her baby's health?,"How blameworthy is Irene for this, on a scale from 0 (not at all) to 10 (extremely)?","How praiseworthy is Irene for this, on a scale from 0 (not at all) to 10 (extremely)?"
moral-22-bad-omitted,moral-22-bad,22,moral,bad,omitted,True,Irene decided to induce labor to reduce her pregnancy pains. Irene knew inducing labor would be bad for her baby's health.,Did Irene intentionally worsen her baby's health?,"How blameworthy is Irene for this, on a scale from 0 (not at all) to 10 (extremely)?","How praiseworthy is Irene for this, on a scale from 0 (not at all) to 10 (extremely)?"
moral-22-bad-concerned,moral-22-bad,22,moral,bad,concerned,True,Irene decided to induce labor to reduce her pregnancy pains. Irene cared a great deal about the effect this would have on her baby's health. Irene knew inducing labor would be bad for her baby's health.,Did Irene intentionally worsen her baby's health?,"How blameworthy is Irene for this, on a scale from 0 (not at all) to 10 (extremely)?","How praiseworthy is Irene for this, on a scale from 0 (not at all) to 10 (extremely)?"
moral-22-good-indifferent,moral-22-good,22,moral,good,indifferent,False,Holly decided to induce labor to get her pregnancy over with. Holly did not care at all about the effect this would have on her baby's health. Holly knew inducing labor would improve her baby's health.,Did Holly intentionally improve the health for her baby?,"How blameworthy is Holly for this, on a scale from 0 (not at all) to 10 (extremely)?","How praiseworthy is Holly for this, on a scale from 0 (not at all) to 10 (extremely)?"
moral-22-good-omitted,moral-22-good,22,moral,good,omitted,False,Holly decided to induce labor to get her pregnancy over with. Holly knew inducing labor would improve her baby's health.,Did Holly intentionally improve the health for her baby?,"How blameworthy is Holly for this, on a scale from 0 (not at all) to 10 (extremely)?","How praiseworthy is Holly for this, on a scale from 0 (not at all) to 10 (extremely)?"
moral-22-good-concerned,moral-22-good,22,moral,good,concerned,False,Holly decided to induce labor to get her pregnancy over with. Holly cared a great deal about the effect this would have on her baby's health. Holly knew inducing labor would improve her baby's health.,Did Holly intentionally improve the health for her baby?,"How blameworthy is Holly for this, on a scale from 0 (not at all) to 10 (extremely)?","How praiseworthy is Holly for this, on a scale from 0 (not at all) to 10 (extremely)?"
prudential-22-bad-indifferent,prudential-22-bad,22,nonmoral_prudential,bad,indifferent,True,Renee stopped taking her prescribed medication to save money. Renee did not care at all about the effect this would have on her own health. Renee knew stopping the medication would worsen her own condition.,Did Renee intentionally worsen her own health?,"How blameworthy is Renee for this, on a scale from 0 (not at all) to 10 (extremely)?","How praiseworthy is Renee for this, on a scale from 0 (not at all) to 10 (extremely)?"
prudential-22-bad-omitted,prudential-22-bad,22,nonmoral_prudential,bad,omitted,True,Renee stopped taking her prescribed medication to save money. Renee knew stopping the medication would worsen her own condition.,Did Renee intentionally worsen her own health?,"How blameworthy is Renee for this, on a scale from 0 (not at all) to 10 (extremely)?","How praiseworthy is Renee for this, on a scale from 0 (not at all) to 10 (extremely)?"
prudential-22-bad-concerned,prudential-22-bad,22,nonmoral_prudential,bad,concerned,True,Renee stopped taking her prescribed medication to save money. Renee cared a great deal about the effect this would have on her own health. Renee knew stopping the medication would worsen her own condition.,Did Renee intentionally worsen her own health?,"How blameworthy is Renee for this, on a scale from 0 (not at all) to 10 (extremely)?","How praiseworthy is Renee for this, on a scale from 0 (not at all) to 10 (extremely)?"
prudential-22-good-indifferent,prudential-22-good,22,nonmoral_prudential,good,indifferent,True,Simon started taking a prescribed medication to feel better. Simon did not care at all about the effect this would have on his own health. Simon knew starting the medication would improve his own condition.,Did Simon intentionally improve his own health?,"How blameworthy is Simon for this, on a scale from 0 (not at all) to 10 (extremely)?","How praiseworthy is Simon for this, on a scale from 0 (not at all) to 10 (extremely)?"
prudential-22-good-omitted,prudential-22-good,22,nonmoral_prudential,good,omitted,True,Simon started taking a prescribed medication to feel better. Simon knew starting the medication would improve his own condition.,Did Simon intentionally improve his own health?,"How blameworthy is Simon for this, on a scale from 0 (not at all) to 10 (extremely)?","How praiseworthy is Simon for this, on a scale from 0 (not at all) to 10 (extremely)?"
prudential-22-good-concerned,prudential-22-good,22,nonmoral_prudential,good,concerned,True,Simon started taking a prescribed medication to feel better. Simon cared a great deal about the effect this would have on his own health. Simon knew starting the medication would improve his own condition.,Did Simon intentionally improve his own health?,"How blameworthy is Simon for this, on a scale from 0 (not at all) to 10 (extremely)?","How praiseworthy is Simon for this, on a scale from 0 (not at all) to 10 (extremely)?"
procedural-22-bad-indifferent,procedural-22-bad,22,nonmoral_procedural,bad,indifferent,True,Quentin left his calendar events uncolored to save time. Quentin did not care at all about the effect this would have on the team's color-coding convention. Quentin knew leaving them blank would break the team's color-coding convention.,Did Quentin intentionally break the team's color-coding convention?,"How blameworthy is Quentin for this, on a scale from 0 (not at all) to 10 (extremely)?","How praiseworthy is Quentin for this, on a scale from 0 (not at all) to 10 (extremely)?"
procedural-22-bad-omitted,procedural-22-bad,22,nonmoral_procedural,bad,omitted,True,Quentin left his calendar events uncolored to save time. Quentin knew leaving them blank would break the team's color-coding convention.,Did Quentin intentionally break the team's color-coding convention?,"How blameworthy is Quentin for this, on a scale from 0 (not at all) to 10 (extremely)?","How praiseworthy is Quentin for this, on a scale from 0 (not at all) to 10 (extremely)?"
procedural-22-bad-concerned,procedural-22-bad,22,nonmoral_procedural,bad,concerned,True,Quentin left his calendar events uncolored to save time. Quentin cared a great deal about the effect this would have on the team's color-coding convention. Quentin knew leaving them blank would break the team's color-coding convention.,Did Quentin intentionally break the team's color-coding convention?,"How blameworthy is Quentin for this, on a scale from 0 (not at all) to 10 (extremely)?","How praiseworthy is Quentin for this, on a scale from 0 (not at all) to 10 (extremely)?"
procedural-22-good-indifferent,procedural-22-good,22,nonmoral_procedural,good,indifferent,True,Rosa color-coded her calendar events as usual. Rosa did not care at all about the effect this would have on the team's color-coding convention. Rosa knew coloring them would preserve the team's color-coding convention.,Did Rosa intentionally preserve the team's color-coding convention?,"How blameworthy is Rosa for this, on a scale from 0 (not at all) to 10 (extremely)?","How praiseworthy is Rosa for this, on a scale from 0 (not at all) to 10 (extremely)?"
procedural-22-good-omitted,procedural-22-good,22,nonmoral_procedural,good,omitted,True,Rosa color-coded her calendar events as usual. Rosa knew coloring them would preserve the team's color-coding convention.,Did Rosa intentionally preserve the team's color-coding convention?,"How blameworthy is Rosa for this, on a scale from 0 (not at all) to 10 (extremely)?","How praiseworthy is Rosa for this, on a scale from 0 (not at all) to 10 (extremely)?"
procedural-22-good-concerned,procedural-22-good,22,nonmoral_procedural,good,concerned,True,Rosa color-coded her calendar events as usual. Rosa cared a great deal about the effect this would have on the team's color-coding convention. Rosa knew coloring them would preserve the team's color-coding convention.,Did Rosa intentionally preserve the team's color-coding convention?,"How blameworthy is Rosa for this, on a scale from 0 (not at all) to 10 (extremely)?","How praiseworthy is Rosa for this, on a scale from 0 (not at all) to 10 (extremely)?"
moral-23-bad-indifferent,moral-23-bad,23,moral,bad,indifferent,True,Eugene screams during a tennis match to express his excitement. Eugene did not care at all about the effect this would have on the tennis player. Eugene knew his yelling would cause the tennis player to lose.,Did Eugene intentionally cause the tennis player to lose?,"How blameworthy is Eugene for this, on a scale from 0 (not at all) to 10 (extremely)?","How praiseworthy is Eugene for this, on a scale from 0 (not at all) to 10 (extremely)?"
moral-23-bad-omitted,moral-23-bad,23,moral,bad,omitted,True,Eugene screams during a tennis match to express his excitement. Eugene knew his yelling would cause the tennis player to lose.,Did Eugene intentionally cause the tennis player to lose?,"How blameworthy is Eugene for this, on a scale from 0 (not at all) to 10 (extremely)?","How praiseworthy is Eugene for this, on a scale from 0 (not at all) to 10 (extremely)?"
moral-23-bad-concerned,moral-23-bad,23,moral,bad,concerned,True,Eugene screams during a tennis match to express his excitement. Eugene cared a great deal about the effect this would have on the tennis player. Eugene knew his yelling would cause the tennis player to lose.,Did Eugene intentionally cause the tennis player to lose?,"How blameworthy is Eugene for this, on a scale from 0 (not at all) to 10 (extremely)?","How praiseworthy is Eugene for this, on a scale from 0 (not at all) to 10 (extremely)?"
moral-23-good-indifferent,moral-23-good,23,moral,good,indifferent,True,Margaret yells out during a golf tournament to express her excitement. Margaret did not care at all about the effect the yelling would have on the golfer. Margaret knew her yelling would cause golfer to win.,Did Margaret intentionally cause the golfer to win?,"How blameworthy is Margaret for this, on a scale from 0 (not at all) to 10 (extremely)?","How praiseworthy is Margaret for this, on a scale from 0 (not at all) to 10 (extremely)?"
moral-23-good-omitted,moral-23-good,23,moral,good,omitted,True,Margaret yells out during a golf tournament to express her excitement. Margaret knew her yelling would cause golfer to win.,Did Margaret intentionally cause the golfer to win?,"How blameworthy is Margaret for this, on a scale from 0 (not at all) to 10 (extremely)?","How praiseworthy is Margaret for this, on a scale from 0 (not at all) to 10 (extremely)?"
moral-23-good-concerned,moral-23-good,23,moral,good,concerned,True,Margaret yells out during a golf tournament to express her excitement. Margaret cared a great deal about the effect the yelling would have on the golfer. Margaret knew her yelling would cause golfer to win.,Did Margaret intentionally cause the golfer to win?,"How blameworthy is Margaret for this, on a scale from 0 (not at all) to 10 (extremely)?","How praiseworthy is Margaret for this, on a scale from 0 (not at all) to 10 (extremely)?"
prudential-23-bad-indifferent,prudential-23-bad,23,nonmoral_prudential,bad,indifferent,True,Trevor stayed up late gaming the night before his game. Trevor did not care at all about the effect this would have on his own performance. Trevor knew staying up late would tank his own performance the next day.,Did Trevor intentionally tank his own performance?,"How blameworthy is Trevor for this, on a scale from 0 (not at all) to 10 (extremely)?","How praiseworthy is Trevor for this, on a scale from 0 (not at all) to 10 (extremely)?"
prudential-23-bad-omitted,prudential-23-bad,23,nonmoral_prudential,bad,omitted,True,Trevor stayed up late gaming the night before his game. Trevor knew staying up late would tank his own performance the next day.,Did Trevor intentionally tank his own performance?,"How blameworthy is Trevor for this, on a scale from 0 (not at all) to 10 (extremely)?","How praiseworthy is Trevor for this, on a scale from 0 (not at all) to 10 (extremely)?"
prudential-23-bad-concerned,prudential-23-bad,23,nonmoral_prudential,bad,concerned,True,Trevor stayed up late gaming the night before his game. Trevor cared a great deal about the effect this would have on his own performance. Trevor knew staying up late would tank his own performance the next day.,Did Trevor intentionally tank his own performance?,"How blameworthy is Trevor for this, on a scale from 0 (not at all) to 10 (extremely)?","How praiseworthy is Trevor for this, on a scale from 0 (not at all) to 10 (extremely)?"
prudential-23-good-indifferent,prudential-23-good,23,nonmoral_prudential,good,indifferent,True,Isabel went to bed early the night before her game. Isabel did not care at all about the effect this would have on her own performance. Isabel knew the extra sleep would boost her own performance the next day.,Did Isabel intentionally boost her own performance?,"How blameworthy is Isabel for this, on a scale from 0 (not at all) to 10 (extremely)?","How praiseworthy is Isabel for this, on a scale from 0 (not at all) to 10 (extremely)?"
prudential-23-good-omitted,prudential-23-good,23,nonmoral_prudential,good,omitted,True,Isabel went to bed early the night before her game. Isabel knew the extra sleep would boost her own performance the next day.,Did Isabel intentionally boost her own performance?,"How blameworthy is Isabel for this, on a scale from 0 (not at all) to 10 (extremely)?","How praiseworthy is Isabel for this, on a scale from 0 (not at all) to 10 (extremely)?"
prudential-23-good-concerned,prudential-23-good,23,nonmoral_prudential,good,concerned,True,Isabel went to bed early the night before her game. Isabel cared a great deal about the effect this would have on her own performance. Isabel knew the extra sleep would boost her own performance the next day.,Did Isabel intentionally boost her own performance?,"How blameworthy is Isabel for this, on a scale from 0 (not at all) to 10 (extremely)?","How praiseworthy is Isabel for this, on a scale from 0 (not at all) to 10 (extremely)?"
procedural-23-bad-indifferent,procedural-23-bad,23,nonmoral_procedural,bad,indifferent,False,Simon adjusted the shared thermostat to his own preference. Simon did not care at all about the effect this would have on the floor's usual thermostat setting. Simon knew adjusting it would break the floor's usual setting.,Did Simon intentionally break the floor's usual thermostat setting?,"How blameworthy is Simon for this, on a scale from 0 (not at all) to 10 (extremely)?","How praiseworthy is Simon for this, on a scale from 0 (not at all) to 10 (extremely)?"
procedural-23-bad-omitted,procedural-23-bad,23,nonmoral_procedural,bad,omitted,False,Simon adjusted the shared thermostat to his own preference. Simon knew adjusting it would break the floor's usual setting.,Did Simon intentionally break the floor's usual thermostat setting?,"How blameworthy is Simon for this, on a scale from 0 (not at all) to 10 (extremely)?","How praiseworthy is Simon for this, on a scale from 0 (not at all) to 10 (extremely)?"
procedural-23-bad-concerned,procedural-23-bad,23,nonmoral_procedural,bad,concerned,False,Simon adjusted the shared thermostat to his own preference. Simon cared a great deal about the effect this would have on the floor's usual thermostat setting. Simon knew adjusting it would break the floor's usual setting.,Did Simon intentionally break the floor's usual thermostat setting?,"How blameworthy is Simon for this, on a scale from 0 (not at all) to 10 (extremely)?","How praiseworthy is Simon for this, on a scale from 0 (not at all) to 10 (extremely)?"
procedural-23-good-indifferent,procedural-23-good,23,nonmoral_procedural,good,indifferent,True,Tara left the shared thermostat at its usual setting. Tara did not care at all about the effect this would have on the floor's usual thermostat setting. Tara knew leaving it would preserve the floor's usual setting.,Did Tara intentionally preserve the floor's usual thermostat setting?,"How blameworthy is Tara for this, on a scale from 0 (not at all) to 10 (extremely)?","How praiseworthy is Tara for this, on a scale from 0 (not at all) to 10 (extremely)?"
procedural-23-good-omitted,procedural-23-good,23,nonmoral_procedural,good,omitted,True,Tara left the shared thermostat at its usual setting. Tara knew leaving it would preserve the floor's usual setting.,Did Tara intentionally preserve the floor's usual thermostat setting?,"How blameworthy is Tara for this, on a scale from 0 (not at all) to 10 (extremely)?","How praiseworthy is Tara for this, on a scale from 0 (not at all) to 10 (extremely)?"
procedural-23-good-concerned,procedural-23-good,23,nonmoral_procedural,good,concerned,True,Tara left the shared thermostat at its usual setting. Tara cared a great deal about the effect this would have on the floor's usual thermostat setting. Tara knew leaving it would preserve the floor's usual setting.,Did Tara intentionally preserve the floor's usual thermostat setting?,"How blameworthy is Tara for this, on a scale from 0 (not at all) to 10 (extremely)?","How praiseworthy is Tara for this, on a scale from 0 (not at all) to 10 (extremely)?"
moral-24-bad-indifferent,moral-24-bad,24,moral,bad,indifferent,True,Rebecca protests in support of political prisoners to get on TV. Rebecca did not care at all about the effect her protests would have on the prisoners. Rebecca knew her protests would cause the execution of the political prisoners.,Did Rebecca intentionally cause the execution of the political prisoners?,"How blameworthy is Rebecca for this, on a scale from 0 (not at all) to 10 (extremely)?","How praiseworthy is Rebecca for this, on a scale from 0 (not at all) to 10 (extremely)?"
moral-24-bad-omitted,moral-24-bad,24,moral,bad,omitted,True,Rebecca protests in support of political prisoners to get on TV. Rebecca knew her protests would cause the execution of the political prisoners.,Did Rebecca intentionally cause the execution of the political prisoners?,"How blameworthy is Rebecca for this, on a scale from 0 (not at all) to 10 (extremely)?","How praiseworthy is Rebecca for this, on a scale from 0 (not at all) to 10 (extremely)?"
moral-24-bad-concerned,moral-24-bad,24,moral,bad,concerned,True,Rebecca protests in support of political prisoners to get on TV. Rebecca cared a great deal about the effect her protests would have on the prisoners. Rebecca knew her protests would cause the execution of the political prisoners.,Did Rebecca intentionally cause the execution of the political prisoners?,"How blameworthy is Rebecca for this, on a scale from 0 (not at all) to 10 (extremely)?","How praiseworthy is Rebecca for this, on a scale from 0 (not at all) to 10 (extremely)?"
moral-24-good-indifferent,moral-24-good,24,moral,good,indifferent,True,Sean protests in support of the death row inmate to get onto newspapers. Sean did not care at all about the effect this would have on the death row inmate. Sean knew his protests would cause the release of the death row inmate.,Did Sean intentionally cause the release of the death row inmate?,"How blameworthy is Sean for this, on a scale from 0 (not at all) to 10 (extremely)?","How praiseworthy is Sean for this, on a scale from 0 (not at all) to 10 (extremely)?"
moral-24-good-omitted,moral-24-good,24,moral,good,omitted,True,Sean protests in support of the death row inmate to get onto newspapers. Sean knew his protests would cause the release of the death row inmate.,Did Sean intentionally cause the release of the death row inmate?,"How blameworthy is Sean for this, on a scale from 0 (not at all) to 10 (extremely)?","How praiseworthy is Sean for this, on a scale from 0 (not at all) to 10 (extremely)?"
moral-24-good-concerned,moral-24-good,24,moral,good,concerned,True,Sean protests in support of the death row inmate to get onto newspapers. Sean cared a great deal about the effect this would have on the death row inmate. Sean knew his protests would cause the release of the death row inmate.,Did Sean intentionally cause the release of the death row inmate?,"How blameworthy is Sean for this, on a scale from 0 (not at all) to 10 (extremely)?","How praiseworthy is Sean for this, on a scale from 0 (not at all) to 10 (extremely)?"
prudential-24-bad-indifferent,prudential-24-bad,24,nonmoral_prudential,bad,indifferent,True,Grace posted a controversial opinion online to get attention. Grace did not care at all about the effect the post would have on her own job. Grace knew the post would get her own job terminated.,Did Grace intentionally get herself fired?,"How blameworthy is Grace for this, on a scale from 0 (not at all) to 10 (extremely)?","How praiseworthy is Grace for this, on a scale from 0 (not at all) to 10 (extremely)?"
prudential-24-bad-omitted,prudential-24-bad,24,nonmoral_prudential,bad,omitted,True,Grace posted a controversial opinion online to get attention. Grace knew the post would get her own job terminated.,Did Grace intentionally get herself fired?,"How blameworthy is Grace for this, on a scale from 0 (not at all) to 10 (extremely)?","How praiseworthy is Grace for this, on a scale from 0 (not at all) to 10 (extremely)?"
prudential-24-bad-concerned,prudential-24-bad,24,nonmoral_prudential,bad,concerned,True,Grace posted a controversial opinion online to get attention. Grace cared a great deal about the effect the post would have on her own job. Grace knew the post would get her own job terminated.,Did Grace intentionally get herself fired?,"How blameworthy is Grace for this, on a scale from 0 (not at all) to 10 (extremely)?","How praiseworthy is Grace for this, on a scale from 0 (not at all) to 10 (extremely)?"
prudential-24-good-indifferent,prudential-24-good,24,nonmoral_prudential,good,indifferent,True,Adam posted a well-researched article online to get attention. Adam did not care at all about the effect the post would have on his own job. Adam knew the post would earn him his own promotion.,Did Adam intentionally earn his own promotion?,"How blameworthy is Adam for this, on a scale from 0 (not at all) to 10 (extremely)?","How praiseworthy is Adam for this, on a scale from 0 (not at all) to 10 (extremely)?"
prudential-24-good-omitted,prudential-24-good,24,nonmoral_prudential,good,omitted,True,Adam posted a well-researched article online to get attention. Adam knew the post would earn him his own promotion.,Did Adam intentionally earn his own promotion?,"How blameworthy is Adam for this, on a scale from 0 (not at all) to 10 (extremely)?","How praiseworthy is Adam for this, on a scale from 0 (not at all) to 10 (extremely)?"
prudential-24-good-concerned,prudential-24-good,24,nonmoral_prudential,good,concerned,True,Adam posted a well-researched article online to get attention. Adam cared a great deal about the effect the post would have on his own job. Adam knew the post would earn him his own promotion.,Did Adam intentionally earn his own promotion?,"How blameworthy is Adam for this, on a scale from 0 (not at all) to 10 (extremely)?","How praiseworthy is Adam for this, on a scale from 0 (not at all) to 10 (extremely)?"
procedural-24-bad-indifferent,procedural-24-bad,24,nonmoral_procedural,bad,indifferent,True,Ulysses renamed the team's shared project channel as a joke. Ulysses did not care at all about the effect this would have on the team's usual naming convention. Ulysses knew the joke name would break the team's naming convention.,Did Ulysses intentionally break the team's naming convention?,"How blameworthy is Ulysses for this, on a scale from 0 (not at all) to 10 (extremely)?","How praiseworthy is Ulysses for this, on a scale from 0 (not at all) to 10 (extremely)?"
procedural-24-bad-omitted,procedural-24-bad,24,nonmoral_procedural,bad,omitted,True,Ulysses renamed the team's shared project channel as a joke. Ulysses knew the joke name would break the team's naming convention.,Did Ulysses intentionally break the team's naming convention?,"How blameworthy is Ulysses for this, on a scale from 0 (not at all) to 10 (extremely)?","How praiseworthy is Ulysses for this, on a scale from 0 (not at all) to 10 (extremely)?"
procedural-24-bad-concerned,procedural-24-bad,24,nonmoral_procedural,bad,concerned,True,Ulysses renamed the team's shared project channel as a joke. Ulysses cared a great deal about the effect this would have on the team's usual naming convention. Ulysses knew the joke name would break the team's naming convention.,Did Ulysses intentionally break the team's naming convention?,"How blameworthy is Ulysses for this, on a scale from 0 (not at all) to 10 (extremely)?","How praiseworthy is Ulysses for this, on a scale from 0 (not at all) to 10 (extremely)?"
procedural-24-good-indifferent,procedural-24-good,24,nonmoral_procedural,good,indifferent,True,Vera kept the team's shared project channel under its usual name. Vera did not care at all about the effect this would have on the team's usual naming convention. Vera knew keeping the name would preserve the team's naming convention.,Did Vera intentionally preserve the team's naming convention?,"How blameworthy is Vera for this, on a scale from 0 (not at all) to 10 (extremely)?","How praiseworthy is Vera for this, on a scale from 0 (not at all) to 10 (extremely)?"
procedural-24-good-omitted,procedural-24-good,24,nonmoral_procedural,good,omitted,True,Vera kept the team's shared project channel under its usual name. Vera knew keeping the name would preserve the team's naming convention.,Did Vera intentionally preserve the team's naming convention?,"How blameworthy is Vera for this, on a scale from 0 (not at all) to 10 (extremely)?","How praiseworthy is Vera for this, on a scale from 0 (not at all) to 10 (extremely)?"
procedural-24-good-concerned,procedural-24-good,24,nonmoral_procedural,good,concerned,True,Vera kept the team's shared project channel under its usual name. Vera cared a great deal about the effect this would have on the team's usual naming convention. Vera knew keeping the name would preserve the team's naming convention.,Did Vera intentionally preserve the team's naming convention?,"How blameworthy is Vera for this, on a scale from 0 (not at all) to 10 (extremely)?","How praiseworthy is Vera for this, on a scale from 0 (not at all) to 10 (extremely)?"
moral-25-bad-indifferent,moral-25-bad,25,moral,bad,indifferent,True,Curtis released the documents to gain publicity. Curtis did not care at all about the effect this would have on his friend's reputation. Curtis knew the documents would ruin his friend's reputation.,Did Curtis intentionally ruin his friend's reputation?,"How blameworthy is Curtis for this, on a scale from 0 (not at all) to 10 (extremely)?","How praiseworthy is Curtis for this, on a scale from 0 (not at all) to 10 (extremely)?"
moral-25-bad-omitted,moral-25-bad,25,moral,bad,omitted,True,Curtis released the documents to gain publicity. Curtis knew the documents would ruin his friend's reputation.,Did Curtis intentionally ruin his friend's reputation?,"How blameworthy is Curtis for this, on a scale from 0 (not at all) to 10 (extremely)?","How praiseworthy is Curtis for this, on a scale from 0 (not at all) to 10 (extremely)?"
moral-25-bad-concerned,moral-25-bad,25,moral,bad,concerned,True,Curtis released the documents to gain publicity. Curtis cared a great deal about the effect this would have on his friend's reputation. Curtis knew the documents would ruin his friend's reputation.,Did Curtis intentionally ruin his friend's reputation?,"How blameworthy is Curtis for this, on a scale from 0 (not at all) to 10 (extremely)?","How praiseworthy is Curtis for this, on a scale from 0 (not at all) to 10 (extremely)?"
moral-25-good-indifferent,moral-25-good,25,moral,good,indifferent,False,Lori released the photos to gain news coverage. Lori did not care at all about the effect this would have on her boss’s reputation. Lori knew the photos would redeem her boss’s reputation.,Did Lori intentionally redeem her boss’s reputation?,"How blameworthy is Lori for this, on a scale from 0 (not at all) to 10 (extremely)?","How praiseworthy is Lori for this, on a scale from 0 (not at all) to 10 (extremely)?"
moral-25-good-omitted,moral-25-good,25,moral,good,omitted,False,Lori released the photos to gain news coverage. Lori knew the photos would redeem her boss’s reputation.,Did Lori intentionally redeem her boss’s reputation?,"How blameworthy is Lori for this, on a scale from 0 (not at all) to 10 (extremely)?","How praiseworthy is Lori for this, on a scale from 0 (not at all) to 10 (extremely)?"
moral-25-good-concerned,moral-25-good,25,moral,good,concerned,False,Lori released the photos to gain news coverage. Lori cared a great deal about the effect this would have on her boss’s reputation. Lori knew the photos would redeem her boss’s reputation.,Did Lori intentionally redeem her boss’s reputation?,"How blameworthy is Lori for this, on a scale from 0 (not at all) to 10 (extremely)?","How praiseworthy is Lori for this, on a scale from 0 (not at all) to 10 (extremely)?"
prudential-25-bad-indifferent,prudential-25-bad,25,nonmoral_prudential,bad,indifferent,True,Justin posted an unedited video to gain views. Justin did not care at all about the effect the video would have on his own reputation. Justin knew the video would ruin his own reputation.,Did Justin intentionally ruin his own reputation?,"How blameworthy is Justin for this, on a scale from 0 (not at all) to 10 (extremely)?","How praiseworthy is Justin for this, on a scale from 0 (not at all) to 10 (extremely)?"
prudential-25-bad-omitted,prudential-25-bad,25,nonmoral_prudential,bad,omitted,True,Justin posted an unedited video to gain views. Justin knew the video would ruin his own reputation.,Did Justin intentionally ruin his own reputation?,"How blameworthy is Justin for this, on a scale from 0 (not at all) to 10 (extremely)?","How praiseworthy is Justin for this, on a scale from 0 (not at all) to 10 (extremely)?"
prudential-25-bad-concerned,prudential-25-bad,25,nonmoral_prudential,bad,concerned,True,Justin posted an unedited video to gain views. Justin cared a great deal about the effect the video would have on his own reputation. Justin knew the video would ruin his own reputation.,Did Justin intentionally ruin his own reputation?,"How blameworthy is Justin for this, on a scale from 0 (not at all) to 10 (extremely)?","How praiseworthy is Justin for this, on a scale from 0 (not at all) to 10 (extremely)?"
prudential-25-good-indifferent,prudential-25-good,25,nonmoral_prudential,good,indifferent,True,Nina posted a polished video to gain views. Nina did not care at all about the effect the video would have on her own reputation. Nina knew the video would boost her own reputation.,Did Nina intentionally boost her own reputation?,"How blameworthy is Nina for this, on a scale from 0 (not at all) to 10 (extremely)?","How praiseworthy is Nina for this, on a scale from 0 (not at all) to 10 (extremely)?"
prudential-25-good-omitted,prudential-25-good,25,nonmoral_prudential,good,omitted,True,Nina posted a polished video to gain views. Nina knew the video would boost her own reputation.,Did Nina intentionally boost her own reputation?,"How blameworthy is Nina for this, on a scale from 0 (not at all) to 10 (extremely)?","How praiseworthy is Nina for this, on a scale from 0 (not at all) to 10 (extremely)?"
prudential-25-good-concerned,prudential-25-good,25,nonmoral_prudential,good,concerned,True,Nina posted a polished video to gain views. Nina cared a great deal about the effect the video would have on her own reputation. Nina knew the video would boost her own reputation.,Did Nina intentionally boost her own reputation?,"How blameworthy is Nina for this, on a scale from 0 (not at all) to 10 (extremely)?","How praiseworthy is Nina for this, on a scale from 0 (not at all) to 10 (extremely)?"
procedural-25-bad-indifferent,procedural-25-bad,25,nonmoral_procedural,bad,indifferent,True,Walter took the conference room without checking the booking calendar. Walter did not care at all about the effect this would have on the office's booking etiquette. Walter knew skipping the check would break the office's booking etiquette.,Did Walter intentionally break the office's booking etiquette?,"How blameworthy is Walter for this, on a scale from 0 (not at all) to 10 (extremely)?","How praiseworthy is Walter for this, on a scale from 0 (not at all) to 10 (extremely)?"
procedural-25-bad-omitted,procedural-25-bad,25,nonmoral_procedural,bad,omitted,True,Walter took the conference room without checking the booking calendar. Walter knew skipping the check would break the office's booking etiquette.,Did Walter intentionally break the office's booking etiquette?,"How blameworthy is Walter for this, on a scale from 0 (not at all) to 10 (extremely)?","How praiseworthy is Walter for this, on a scale from 0 (not at all) to 10 (extremely)?"
procedural-25-bad-concerned,procedural-25-bad,25,nonmoral_procedural,bad,concerned,True,Walter took the conference room without checking the booking calendar. Walter cared a great deal about the effect this would have on the office's booking etiquette. Walter knew skipping the check would break the office's booking etiquette.,Did Walter intentionally break the office's booking etiquette?,"How blameworthy is Walter for this, on a scale from 0 (not at all) to 10 (extremely)?","How praiseworthy is Walter for this, on a scale from 0 (not at all) to 10 (extremely)?"
procedural-25-good-indifferent,procedural-25-good,25,nonmoral_procedural,good,indifferent,True,Xena checked the booking calendar before taking the conference room. Xena did not care at all about the effect this would have on the office's booking etiquette. Xena knew checking would uphold the office's booking etiquette.,Did Xena intentionally uphold the office's booking etiquette?,"How blameworthy is Xena for this, on a scale from 0 (not at all) to 10 (extremely)?","How praiseworthy is Xena for this, on a scale from 0 (not at all) to 10 (extremely)?"
procedural-25-good-omitted,procedural-25-good,25,nonmoral_procedural,good,omitted,True,Xena checked the booking calendar before taking the conference room. Xena knew checking would uphold the office's booking etiquette.,Did Xena intentionally uphold the office's booking etiquette?,"How blameworthy is Xena for this, on a scale from 0 (not at all) to 10 (extremely)?","How praiseworthy is Xena for this, on a scale from 0 (not at all) to 10 (extremely)?"
procedural-25-good-concerned,procedural-25-good,25,nonmoral_procedural,good,concerned,True,Xena checked the booking calendar before taking the conference room. Xena cared a great deal about the effect this would have on the office's booking etiquette. Xena knew checking would uphold the office's booking etiquette.,Did Xena intentionally uphold the office's booking etiquette?,"How blameworthy is Xena for this, on a scale from 0 (not at all) to 10 (extremely)?","How praiseworthy is Xena for this, on a scale from 0 (not at all) to 10 (extremely)?"
moral-26-bad-indifferent,moral-26-bad,26,moral,bad,indifferent,True,Clara enacted the new lunch plan to cut costs. Clara did not care at all about the effect this would have on the health of school children. Clara knew her new lunch plan would harm the health of school children.,Did Clara intentionally harm the health of the school children?,"How blameworthy is Clara for this, on a scale from 0 (not at all) to 10 (extremely)?","How praiseworthy is Clara for this, on a scale from 0 (not at all) to 10 (extremely)?"
moral-26-bad-omitted,moral-26-bad,26,moral,bad,omitted,True,Clara enacted the new lunch plan to cut costs. Clara knew her new lunch plan would harm the health of school children.,Did Clara intentionally harm the health of the school children?,"How blameworthy is Clara for this, on a scale from 0 (not at all) to 10 (extremely)?","How praiseworthy is Clara for this, on a scale from 0 (not at all) to 10 (extremely)?"
moral-26-bad-concerned,moral-26-bad,26,moral,bad,concerned,True,Clara enacted the new lunch plan to cut costs. Clara cared a great deal about the effect this would have on the health of school children. Clara knew her new lunch plan would harm the health of school children.,Did Clara intentionally harm the health of the school children?,"How blameworthy is Clara for this, on a scale from 0 (not at all) to 10 (extremely)?","How praiseworthy is Clara for this, on a scale from 0 (not at all) to 10 (extremely)?"
moral-26-good-indifferent,moral-26-good,26,moral,good,indifferent,False,Martin enacted the health plan to cut costs. Martin did not care at all about the effect this would have on the health of army recruits. Martin knew his new plan would improve the health of army recruits.,Did Martin intentionally improve the health of army recruits?,"How blameworthy is Martin for this, on a scale from 0 (not at all) to 10 (extremely)?","How praiseworthy is Martin for this, on a scale from 0 (not at all) to 10 (extremely)?"
moral-26-good-omitted,moral-26-good,26,moral,good,omitted,False,Martin enacted the health plan to cut costs. Martin knew his new plan would improve the health of army recruits.,Did Martin intentionally improve the health of army recruits?,"How blameworthy is Martin for this, on a scale from 0 (not at all) to 10 (extremely)?","How praiseworthy is Martin for this, on a scale from 0 (not at all) to 10 (extremely)?"
moral-26-good-concerned,moral-26-good,26,moral,good,concerned,False,Martin enacted the health plan to cut costs. Martin cared a great deal about the effect this would have on the health of army recruits. Martin knew his new plan would improve the health of army recruits.,Did Martin intentionally improve the health of army recruits?,"How blameworthy is Martin for this, on a scale from 0 (not at all) to 10 (extremely)?","How praiseworthy is Martin for this, on a scale from 0 (not at all) to 10 (extremely)?"
prudential-26-bad-indifferent,prudential-26-bad,26,nonmoral_prudential,bad,indifferent,True,Kevin switched to a cheaper diet to save money. Kevin did not care at all about the effect the diet would have on his own health. Kevin knew the cheaper diet would harm his own health.,Did Kevin intentionally harm his own health?,"How blameworthy is Kevin for this, on a scale from 0 (not at all) to 10 (extremely)?","How praiseworthy is Kevin for this, on a scale from 0 (not at all) to 10 (extremely)?"
prudential-26-bad-omitted,prudential-26-bad,26,nonmoral_prudential,bad,omitted,True,Kevin switched to a cheaper diet to save money. Kevin knew the cheaper diet would harm his own health.,Did Kevin intentionally harm his own health?,"How blameworthy is Kevin for this, on a scale from 0 (not at all) to 10 (extremely)?","How praiseworthy is Kevin for this, on a scale from 0 (not at all) to 10 (extremely)?"
prudential-26-bad-concerned,prudential-26-bad,26,nonmoral_prudential,bad,concerned,True,Kevin switched to a cheaper diet to save money. Kevin cared a great deal about the effect the diet would have on his own health. Kevin knew the cheaper diet would harm his own health.,Did Kevin intentionally harm his own health?,"How blameworthy is Kevin for this, on a scale from 0 (not at all) to 10 (extremely)?","How praiseworthy is Kevin for this, on a scale from 0 (not at all) to 10 (extremely)?"
prudential-26-good-indifferent,prudential-26-good,26,nonmoral_prudential,good,indifferent,True,Monica switched to a pricier diet to feel better. Monica did not care at all about the effect the diet would have on her own health. Monica knew the diet would improve her own health.,Did Monica intentionally improve her own health?,"How blameworthy is Monica for this, on a scale from 0 (not at all) to 10 (extremely)?","How praiseworthy is Monica for this, on a scale from 0 (not at all) to 10 (extremely)?"
prudential-26-good-omitted,prudential-26-good,26,nonmoral_prudential,good,omitted,True,Monica switched to a pricier diet to feel better. Monica knew the diet would improve her own health.,Did Monica intentionally improve her own health?,"How blameworthy is Monica for this, on a scale from 0 (not at all) to 10 (extremely)?","How praiseworthy is Monica for this, on a scale from 0 (not at all) to 10 (extremely)?"
prudential-26-good-concerned,prudential-26-good,26,nonmoral_prudential,good,concerned,True,Monica switched to a pricier diet to feel better. Monica cared a great deal about the effect the diet would have on her own health. Monica knew the diet would improve her own health.,Did Monica intentionally improve her own health?,"How blameworthy is Monica for this, on a scale from 0 (not at all) to 10 (extremely)?","How praiseworthy is Monica for this, on a scale from 0 (not at all) to 10 (extremely)?"
procedural-26-bad-indifferent,procedural-26-bad,26,nonmoral_procedural,bad,indifferent,True,Yusuf used an outdated version of the company logo on his slides. Yusuf did not care at all about the effect this would have on the company's branding guideline. Yusuf knew the outdated logo would break the branding guideline.,Did Yusuf intentionally break the company's branding guideline?,"How blameworthy is Yusuf for this, on a scale from 0 (not at all) to 10 (extremely)?","How praiseworthy is Yusuf for this, on a scale from 0 (not at all) to 10 (extremely)?"
procedural-26-bad-omitted,procedural-26-bad,26,nonmoral_procedural,bad,omitted,True,Yusuf used an outdated version of the company logo on his slides. Yusuf knew the outdated logo would break the branding guideline.,Did Yusuf intentionally break the company's branding guideline?,"How blameworthy is Yusuf for this, on a scale from 0 (not at all) to 10 (extremely)?","How praiseworthy is Yusuf for this, on a scale from 0 (not at all) to 10 (extremely)?"
procedural-26-bad-concerned,procedural-26-bad,26,nonmoral_procedural,bad,concerned,True,Yusuf used an outdated version of the company logo on his slides. Yusuf cared a great deal about the effect this would have on the company's branding guideline. Yusuf knew the outdated logo would break the branding guideline.,Did Yusuf intentionally break the company's branding guideline?,"How blameworthy is Yusuf for this, on a scale from 0 (not at all) to 10 (extremely)?","How praiseworthy is Yusuf for this, on a scale from 0 (not at all) to 10 (extremely)?"
procedural-26-good-indifferent,procedural-26-good,26,nonmoral_procedural,good,indifferent,True,Zelda used the current company logo on her slides. Zelda did not care at all about the effect this would have on the company's branding guideline. Zelda knew using it would uphold the branding guideline.,Did Zelda intentionally uphold the company's branding guideline?,"How blameworthy is Zelda for this, on a scale from 0 (not at all) to 10 (extremely)?","How praiseworthy is Zelda for this, on a scale from 0 (not at all) to 10 (extremely)?"
procedural-26-good-omitted,procedural-26-good,26,nonmoral_procedural,good,omitted,True,Zelda used the current company logo on her slides. Zelda knew using it would uphold the branding guideline.,Did Zelda intentionally uphold the company's branding guideline?,"How blameworthy is Zelda for this, on a scale from 0 (not at all) to 10 (extremely)?","How praiseworthy is Zelda for this, on a scale from 0 (not at all) to 10 (extremely)?"
procedural-26-good-concerned,procedural-26-good,26,nonmoral_procedural,good,concerned,True,Zelda used the current company logo on her slides. Zelda cared a great deal about the effect this would have on the company's branding guideline. Zelda knew using it would uphold the branding guideline.,Did Zelda intentionally uphold the company's branding guideline?,"How blameworthy is Zelda for this, on a scale from 0 (not at all) to 10 (extremely)?","How praiseworthy is Zelda for this, on a scale from 0 (not at all) to 10 (extremely)?"
moral-27-bad-indifferent,moral-27-bad,27,moral,bad,indifferent,True,Philip told his mother his views to make a point. Phillip did not care at all about the effect this would have on his mother. Phillip knew his views would devastate his mother.,Did Phillip intentionally devastate his mother?,"How blameworthy is Phillip for this, on a scale from 0 (not at all) to 10 (extremely)?","How praiseworthy is Phillip for this, on a scale from 0 (not at all) to 10 (extremely)?"
moral-27-bad-omitted,moral-27-bad,27,moral,bad,omitted,True,Philip told his mother his views to make a point. Phillip knew his views would devastate his mother.,Did Phillip intentionally devastate his mother?,"How blameworthy is Phillip for this, on a scale from 0 (not at all) to 10 (extremely)?","How praiseworthy is Phillip for this, on a scale from 0 (not at all) to 10 (extremely)?"
moral-27-bad-concerned,moral-27-bad,27,moral,bad,concerned,True,Philip told his mother his views to make a point. Phillip cared a great deal about the effect this would have on his mother. Phillip knew his views would devastate his mother.,Did Phillip intentionally devastate his mother?,"How blameworthy is Phillip for this, on a scale from 0 (not at all) to 10 (extremely)?","How praiseworthy is Phillip for this, on a scale from 0 (not at all) to 10 (extremely)?"
moral-27-good-indifferent,moral-27-good,27,moral,good,indifferent,False,Alice told her mother her opinions to make a point. Alice did not care at all about the effect this would have on her mother. Alice knew her opinions would make her mother happy.,Did Alice intentionally make her mother happy?,"How blameworthy is Alice for this, on a scale from 0 (not at all) to 10 (extremely)?","How praiseworthy is Alice for this, on a scale from 0 (not at all) to 10 (extremely)?"
moral-27-good-omitted,moral-27-good,27,moral,good,omitted,False,Alice told her mother her opinions to make a point. Alice knew her opinions would make her mother happy.,Did Alice intentionally make her mother happy?,"How blameworthy is Alice for this, on a scale from 0 (not at all) to 10 (extremely)?","How praiseworthy is Alice for this, on a scale from 0 (not at all) to 10 (extremely)?"
moral-27-good-concerned,moral-27-good,27,moral,good,concerned,False,Alice told her mother her opinions to make a point. Alice cared a great deal about the effect this would have on her mother. Alice knew her opinions would make her mother happy.,Did Alice intentionally make her mother happy?,"How blameworthy is Alice for this, on a scale from 0 (not at all) to 10 (extremely)?","How praiseworthy is Alice for this, on a scale from 0 (not at all) to 10 (extremely)?"
prudential-27-bad-indifferent,prudential-27-bad,27,nonmoral_prudential,bad,indifferent,False,Owen admitted a mistake to his boss to clear his conscience. Owen did not care at all about the effect the admission would have on his own standing. Owen knew the admission would devastate his own standing at work.,Did Owen intentionally devastate his own standing?,"How blameworthy is Owen for this, on a scale from 0 (not at all) to 10 (extremely)?","How praiseworthy is Owen for this, on a scale from 0 (not at all) to 10 (extremely)?"
prudential-27-bad-omitted,prudential-27-bad,27,nonmoral_prudential,bad,omitted,False,Owen admitted a mistake to his boss to clear his conscience. Owen knew the admission would devastate his own standing at work.,Did Owen intentionally devastate his own standing?,"How blameworthy is Owen for this, on a scale from 0 (not at all) to 10 (extremely)?","How praiseworthy is Owen for this, on a scale from 0 (not at all) to 10 (extremely)?"
prudential-27-bad-concerned,prudential-27-bad,27,nonmoral_prudential,bad,concerned,False,Owen admitted a mistake to his boss to clear his conscience. Owen cared a great deal about the effect the admission would have on his own standing. Owen knew the admission would devastate his own standing at work.,Did Owen intentionally devastate his own standing?,"How blameworthy is Owen for this, on a scale from 0 (not at all) to 10 (extremely)?","How praiseworthy is Owen for this, on a scale from 0 (not at all) to 10 (extremely)?"
prudential-27-good-indifferent,prudential-27-good,27,nonmoral_prudential,good,indifferent,False,Hannah admitted an idea to her boss to clear her conscience. Hannah did not care at all about the effect the admission would have on her own standing. Hannah knew the admission would boost her own standing at work.,Did Hannah intentionally boost her own standing?,"How blameworthy is Hannah for this, on a scale from 0 (not at all) to 10 (extremely)?","How praiseworthy is Hannah for this, on a scale from 0 (not at all) to 10 (extremely)?"
prudential-27-good-omitted,prudential-27-good,27,nonmoral_prudential,good,omitted,False,Hannah admitted an idea to her boss to clear her conscience. Hannah knew the admission would boost her own standing at work.,Did Hannah intentionally boost her own standing?,"How blameworthy is Hannah for this, on a scale from 0 (not at all) to 10 (extremely)?","How praiseworthy is Hannah for this, on a scale from 0 (not at all) to 10 (extremely)?"
prudential-27-good-concerned,prudential-27-good,27,nonmoral_prudential,good,concerned,False,Hannah admitted an idea to her boss to clear her conscience. Hannah cared a great deal about the effect the admission would have on her own standing. Hannah knew the admission would boost her own standing at work.,Did Hannah intentionally boost her own standing?,"How blameworthy is Hannah for this, on a scale from 0 (not at all) to 10 (extremely)?","How praiseworthy is Hannah for this, on a scale from 0 (not at all) to 10 (extremely)?"
procedural-27-bad-indifferent,procedural-27-bad,27,nonmoral_procedural,bad,indifferent,False,Aaron sent a large print job ahead of others waiting in line. Aaron did not care at all about the effect this would have on the office's printer queue etiquette. Aaron knew jumping ahead would break the printer queue etiquette.,Did Aaron intentionally break the printer queue etiquette?,"How blameworthy is Aaron for this, on a scale from 0 (not at all) to 10 (extremely)?","How praiseworthy is Aaron for this, on a scale from 0 (not at all) to 10 (extremely)?"
procedural-27-bad-omitted,procedural-27-bad,27,nonmoral_procedural,bad,omitted,False,Aaron sent a large print job ahead of others waiting in line. Aaron knew jumping ahead would break the printer queue etiquette.,Did Aaron intentionally break the printer queue etiquette?,"How blameworthy is Aaron for this, on a scale from 0 (not at all) to 10 (extremely)?","How praiseworthy is Aaron for this, on a scale from 0 (not at all) to 10 (extremely)?"
procedural-27-bad-concerned,procedural-27-bad,27,nonmoral_procedural,bad,concerned,False,Aaron sent a large print job ahead of others waiting in line. Aaron cared a great deal about the effect this would have on the office's printer queue etiquette. Aaron knew jumping ahead would break the printer queue etiquette.,Did Aaron intentionally break the printer queue etiquette?,"How blameworthy is Aaron for this, on a scale from 0 (not at all) to 10 (extremely)?","How praiseworthy is Aaron for this, on a scale from 0 (not at all) to 10 (extremely)?"
procedural-27-good-indifferent,procedural-27-good,27,nonmoral_procedural,good,indifferent,True,Bianca waited her turn to send her print job. Bianca did not care at all about the effect this would have on the office's printer queue etiquette. Bianca knew waiting would uphold the printer queue etiquette.,Did Bianca intentionally uphold the printer queue etiquette?,"How blameworthy is Bianca for this, on a scale from 0 (not at all) to 10 (extremely)?","How praiseworthy is Bianca for this, on a scale from 0 (not at all) to 10 (extremely)?"
procedural-27-good-omitted,procedural-27-good,27,nonmoral_procedural,good,omitted,True,Bianca waited her turn to send her print job. Bianca knew waiting would uphold the printer queue etiquette.,Did Bianca intentionally uphold the printer queue etiquette?,"How blameworthy is Bianca for this, on a scale from 0 (not at all) to 10 (extremely)?","How praiseworthy is Bianca for this, on a scale from 0 (not at all) to 10 (extremely)?"
procedural-27-good-concerned,procedural-27-good,27,nonmoral_procedural,good,concerned,True,Bianca waited her turn to send her print job. Bianca cared a great deal about the effect this would have on the office's printer queue etiquette. Bianca knew waiting would uphold the printer queue etiquette.,Did Bianca intentionally uphold the printer queue etiquette?,"How blameworthy is Bianca for this, on a scale from 0 (not at all) to 10 (extremely)?","How praiseworthy is Bianca for this, on a scale from 0 (not at all) to 10 (extremely)?"
moral-28-bad-indifferent,moral-28-bad,28,moral,bad,indifferent,True,Diane smacked her puppy to relieve her anger. Diane did not care at all about the effect this would have on her puppy. Diane knew the smacking would scar the puppy for life.,Did Diane intentionally scar the puppy for life?,"How blameworthy is Diane for this, on a scale from 0 (not at all) to 10 (extremely)?","How praiseworthy is Diane for this, on a scale from 0 (not at all) to 10 (extremely)?"
moral-28-bad-omitted,moral-28-bad,28,moral,bad,omitted,True,Diane smacked her puppy to relieve her anger. Diane knew the smacking would scar the puppy for life.,Did Diane intentionally scar the puppy for life?,"How blameworthy is Diane for this, on a scale from 0 (not at all) to 10 (extremely)?","How praiseworthy is Diane for this, on a scale from 0 (not at all) to 10 (extremely)?"
moral-28-bad-concerned,moral-28-bad,28,moral,bad,concerned,True,Diane smacked her puppy to relieve her anger. Diane cared a great deal about the effect this would have on her puppy. Diane knew the smacking would scar the puppy for life.,Did Diane intentionally scar the puppy for life?,"How blameworthy is Diane for this, on a scale from 0 (not at all) to 10 (extremely)?","How praiseworthy is Diane for this, on a scale from 0 (not at all) to 10 (extremely)?"
moral-28-good-indifferent,moral-28-good,28,moral,good,indifferent,False,Josh installed a fence around his yard to improve its looks. Josh did not care at all about the effect this would have on his dog. Josh knew the fence would prevent the dog from running into traffic.,Did Josh intentionally prevent the dog from running into traffic?,"How blameworthy is Josh for this, on a scale from 0 (not at all) to 10 (extremely)?","How praiseworthy is Josh for this, on a scale from 0 (not at all) to 10 (extremely)?"
moral-28-good-omitted,moral-28-good,28,moral,good,omitted,False,Josh installed a fence around his yard to improve its looks. Josh knew the fence would prevent the dog from running into traffic.,Did Josh intentionally prevent the dog from running into traffic?,"How blameworthy is Josh for this, on a scale from 0 (not at all) to 10 (extremely)?","How praiseworthy is Josh for this, on a scale from 0 (not at all) to 10 (extremely)?"
moral-28-good-concerned,moral-28-good,28,moral,good,concerned,False,Josh installed a fence around his yard to improve its looks. Josh cared a great deal about the effect this would have on his dog. Josh knew the fence would prevent the dog from running into traffic.,Did Josh intentionally prevent the dog from running into traffic?,"How blameworthy is Josh for this, on a scale from 0 (not at all) to 10 (extremely)?","How praiseworthy is Josh for this, on a scale from 0 (not at all) to 10 (extremely)?"
prudential-28-bad-indifferent,prudential-28-bad,28,nonmoral_prudential,bad,indifferent,True,Warren skipped his physical therapy to save time. Warren did not care at all about the effect skipping it would have on his own knee. Warren knew skipping it would scar his own knee for life.,Did Warren intentionally scar his own knee for life?,"How blameworthy is Warren for this, on a scale from 0 (not at all) to 10 (extremely)?","How praiseworthy is Warren for this, on a scale from 0 (not at all) to 10 (extremely)?"
prudential-28-bad-omitted,prudential-28-bad,28,nonmoral_prudential,bad,omitted,True,Warren skipped his physical therapy to save time. Warren knew skipping it would scar his own knee for life.,Did Warren intentionally scar his own knee for life?,"How blameworthy is Warren for this, on a scale from 0 (not at all) to 10 (extremely)?","How praiseworthy is Warren for this, on a scale from 0 (not at all) to 10 (extremely)?"
prudential-28-bad-concerned,prudential-28-bad,28,nonmoral_prudential,bad,concerned,True,Warren skipped his physical therapy to save time. Warren cared a great deal about the effect skipping it would have on his own knee. Warren knew skipping it would scar his own knee for life.,Did Warren intentionally scar his own knee for life?,"How blameworthy is Warren for this, on a scale from 0 (not at all) to 10 (extremely)?","How praiseworthy is Warren for this, on a scale from 0 (not at all) to 10 (extremely)?"
prudential-28-good-indifferent,prudential-28-good,28,nonmoral_prudential,good,indifferent,True,Teresa installed a railing on her stairs to make them safer. Teresa did not care at all about the effect this would have on her own knee. Teresa knew the railing would prevent her own knee from further injury.,Did Teresa intentionally prevent her own knee from further injury?,"How blameworthy is Teresa for this, on a scale from 0 (not at all) to 10 (extremely)?","How praiseworthy is Teresa for this, on a scale from 0 (not at all) to 10 (extremely)?"
prudential-28-good-omitted,prudential-28-good,28,nonmoral_prudential,good,omitted,True,Teresa installed a railing on her stairs to make them safer. Teresa knew the railing would prevent her own knee from further injury.,Did Teresa intentionally prevent her own knee from further injury?,"How blameworthy is Teresa for this, on a scale from 0 (not at all) to 10 (extremely)?","How praiseworthy is Teresa for this, on a scale from 0 (not at all) to 10 (extremely)?"
prudential-28-good-concerned,prudential-28-good,28,nonmoral_prudential,good,concerned,True,Teresa installed a railing on her stairs to make them safer. Teresa cared a great deal about the effect this would have on her own knee. Teresa knew the railing would prevent her own knee from further injury.,Did Teresa intentionally prevent her own knee from further injury?,"How blameworthy is Teresa for this, on a scale from 0 (not at all) to 10 (extremely)?","How praiseworthy is Teresa for this, on a scale from 0 (not at all) to 10 (extremely)?"
procedural-28-bad-indifferent,procedural-28-bad,28,nonmoral_procedural,bad,indifferent,True,Caleb skipped signing the office holiday card. Caleb did not care at all about the effect this would have on the office's card tradition. Caleb knew skipping it would break the office's card tradition.,Did Caleb intentionally break the office's card tradition?,"How blameworthy is Caleb for this, on a scale from 0 (not at all) to 10 (extremely)?","How praiseworthy is Caleb for this, on a scale from 0 (not at all) to 10 (extremely)?"
procedural-28-bad-omitted,procedural-28-bad,28,nonmoral_procedural,bad,omitted,True,Caleb skipped signing the office holiday card. Caleb knew skipping it would break the office's card tradition.,Did Caleb intentionally break the office's card tradition?,"How blameworthy is Caleb for this, on a scale from 0 (not at all) to 10 (extremely)?","How praiseworthy is Caleb for this, on a scale from 0 (not at all) to 10 (extremely)?"
procedural-28-bad-concerned,procedural-28-bad,28,nonmoral_procedural,bad,concerned,True,Caleb skipped signing the office holiday card. Caleb cared a great deal about the effect this would have on the office's card tradition. Caleb knew skipping it would break the office's card tradition.,Did Caleb intentionally break the office's card tradition?,"How blameworthy is Caleb for this, on a scale from 0 (not at all) to 10 (extremely)?","How praiseworthy is Caleb for this, on a scale from 0 (not at all) to 10 (extremely)?"
procedural-28-good-indifferent,procedural-28-good,28,nonmoral_procedural,good,indifferent,True,Delia signed the office holiday card. Delia did not care at all about the effect this would have on the office's card tradition. Delia knew signing it would continue the office's card tradition.,Did Delia intentionally continue the office's card tradition?,"How blameworthy is Delia for this, on a scale from 0 (not at all) to 10 (extremely)?","How praiseworthy is Delia for this, on a scale from 0 (not at all) to 10 (extremely)?"
procedural-28-good-omitted,procedural-28-good,28,nonmoral_procedural,good,omitted,True,Delia signed the office holiday card. Delia knew signing it would continue the office's card tradition.,Did Delia intentionally continue the office's card tradition?,"How blameworthy is Delia for this, on a scale from 0 (not at all) to 10 (extremely)?","How praiseworthy is Delia for this, on a scale from 0 (not at all) to 10 (extremely)?"
procedural-28-good-concerned,procedural-28-good,28,nonmoral_procedural,good,concerned,True,Delia signed the office holiday card. Delia cared a great deal about the effect this would have on the office's card tradition. Delia knew signing it would continue the office's card tradition.,Did Delia intentionally continue the office's card tradition?,"How blameworthy is Delia for this, on a scale from 0 (not at all) to 10 (extremely)?","How praiseworthy is Delia for this, on a scale from 0 (not at all) to 10 (extremely)?"
moral-29-bad-indifferent,moral-29-bad,29,moral,bad,indifferent,True,The cop pulled over the car to meet his monthly quota. He did not care at all about the effect this would have on traffic. He knew pulling over the car would create a traffic hazard on the busy road.,Did he intentionally create a traffic hazard on the busy road?,"How blameworthy is he for this, on a scale from 0 (not at all) to 10 (extremely)?","How praiseworthy is he for this, on a scale from 0 (not at all) to 10 (extremely)?"
moral-29-bad-omitted,moral-29-bad,29,moral,bad,omitted,True,The cop pulled over the car to meet his monthly quota. He knew pulling over the car would create a traffic hazard on the busy road.,Did he intentionally create a traffic hazard on the busy road?,"How blameworthy is he for this, on a scale from 0 (not at all) to 10 (extremely)?","How praiseworthy is he for this, on a scale from 0 (not at all) to 10 (extremely)?"
moral-29-bad-concerned,moral-29-bad,29,moral,bad,concerned,True,The cop pulled over the car to meet his monthly quota. He cared a great deal about the effect this would have on traffic. He knew pulling over the car would create a traffic hazard on the busy road.,Did he intentionally create a traffic hazard on the busy road?,"How blameworthy is he for this, on a scale from 0 (not at all) to 10 (extremely)?","How praiseworthy is he for this, on a scale from 0 (not at all) to 10 (extremely)?"
moral-29-good-indifferent,moral-29-good,29,moral,good,indifferent,True,The cop pulled over the truck to meet her monthly quota. She did not care at all about the effect would have on the road. She knew pulling over the truck would make the road safer.,Did the cop intentionally make the road safer?,"How blameworthy is the cop for this, on a scale from 0 (not at all) to 10 (extremely)?","How praiseworthy is the cop for this, on a scale from 0 (not at all) to 10 (extremely)?"
moral-29-good-omitted,moral-29-good,29,moral,good,omitted,True,The cop pulled over the truck to meet her monthly quota. She knew pulling over the truck would make the road safer.,Did the cop intentionally make the road safer?,"How blameworthy is the cop for this, on a scale from 0 (not at all) to 10 (extremely)?","How praiseworthy is the cop for this, on a scale from 0 (not at all) to 10 (extremely)?"
moral-29-good-concerned,moral-29-good,29,moral,good,concerned,True,The cop pulled over the truck to meet her monthly quota. She cared a great deal about the effect would have on the road. She knew pulling over the truck would make the road safer.,Did the cop intentionally make the road safer?,"How blameworthy is the cop for this, on a scale from 0 (not at all) to 10 (extremely)?","How praiseworthy is the cop for this, on a scale from 0 (not at all) to 10 (extremely)?"
prudential-29-bad-indifferent,prudential-29-bad,29,nonmoral_prudential,bad,indifferent,False,Diego sped through a yellow light to make his quota of stops. Diego did not care at all about the effect this would have on his own driving record. Diego knew speeding through would create a violation on his own driving record.,Did Diego intentionally create a violation on his own record?,"How blameworthy is Diego for this, on a scale from 0 (not at all) to 10 (extremely)?","How praiseworthy is Diego for this, on a scale from 0 (not at all) to 10 (extremely)?"
prudential-29-bad-omitted,prudential-29-bad,29,nonmoral_prudential,bad,omitted,False,Diego sped through a yellow light to make his quota of stops. Diego knew speeding through would create a violation on his own driving record.,Did Diego intentionally create a violation on his own record?,"How blameworthy is Diego for this, on a scale from 0 (not at all) to 10 (extremely)?","How praiseworthy is Diego for this, on a scale from 0 (not at all) to 10 (extremely)?"
prudential-29-bad-concerned,prudential-29-bad,29,nonmoral_prudential,bad,concerned,False,Diego sped through a yellow light to make his quota of stops. Diego cared a great deal about the effect this would have on his own driving record. Diego knew speeding through would create a violation on his own driving record.,Did Diego intentionally create a violation on his own record?,"How blameworthy is Diego for this, on a scale from 0 (not at all) to 10 (extremely)?","How praiseworthy is Diego for this, on a scale from 0 (not at all) to 10 (extremely)?"
prudential-29-good-indifferent,prudential-29-good,29,nonmoral_prudential,good,indifferent,True,Sandra took the scenic route to meet her step count. Sandra did not care at all about the effect this would have on her own driving record. Sandra knew the scenic route would keep her own driving record clean.,Did Sandra intentionally keep her own driving record clean?,"How blameworthy is Sandra for this, on a scale from 0 (not at all) to 10 (extremely)?","How praiseworthy is Sandra for this, on a scale from 0 (not at all) to 10 (extremely)?"
prudential-29-good-omitted,prudential-29-good,29,nonmoral_prudential,good,omitted,True,Sandra took the scenic route to meet her step count. Sandra knew the scenic route would keep her own driving record clean.,Did Sandra intentionally keep her own driving record clean?,"How blameworthy is Sandra for this, on a scale from 0 (not at all) to 10 (extremely)?","How praiseworthy is Sandra for this, on a scale from 0 (not at all) to 10 (extremely)?"
prudential-29-good-concerned,prudential-29-good,29,nonmoral_prudential,good,concerned,True,Sandra took the scenic route to meet her step count. Sandra cared a great deal about the effect this would have on her own driving record. Sandra knew the scenic route would keep her own driving record clean.,Did Sandra intentionally keep her own driving record clean?,"How blameworthy is Sandra for this, on a scale from 0 (not at all) to 10 (extremely)?","How praiseworthy is Sandra for this, on a scale from 0 (not at all) to 10 (extremely)?"
procedural-29-bad-indifferent,procedural-29-bad,29,nonmoral_procedural,bad,indifferent,True,Ethan spoke out of turn during the team stand-up. Ethan did not care at all about the effect this would have on the team's usual speaking order. Ethan knew speaking early would break the team's usual order.,Did Ethan intentionally break the team's usual speaking order?,"How blameworthy is Ethan for this, on a scale from 0 (not at all) to 10 (extremely)?","How praiseworthy is Ethan for this, on a scale from 0 (not at all) to 10 (extremely)?"
procedural-29-bad-omitted,procedural-29-bad,29,nonmoral_procedural,bad,omitted,True,Ethan spoke out of turn during the team stand-up. Ethan knew speaking early would break the team's usual order.,Did Ethan intentionally break the team's usual speaking order?,"How blameworthy is Ethan for this, on a scale from 0 (not at all) to 10 (extremely)?","How praiseworthy is Ethan for this, on a scale from 0 (not at all) to 10 (extremely)?"
procedural-29-bad-concerned,procedural-29-bad,29,nonmoral_procedural,bad,concerned,True,Ethan spoke out of turn during the team stand-up. Ethan cared a great deal about the effect this would have on the team's usual speaking order. Ethan knew speaking early would break the team's usual order.,Did Ethan intentionally break the team's usual speaking order?,"How blameworthy is Ethan for this, on a scale from 0 (not at all) to 10 (extremely)?","How praiseworthy is Ethan for this, on a scale from 0 (not at all) to 10 (extremely)?"
procedural-29-good-indifferent,procedural-29-good,29,nonmoral_procedural,good,indifferent,True,Fiona spoke in her usual turn during the team stand-up. Fiona did not care at all about the effect this would have on the team's usual speaking order. Fiona knew speaking in turn would preserve the team's usual order.,Did Fiona intentionally preserve the team's usual speaking order?,"How blameworthy is Fiona for this, on a scale from 0 (not at all) to 10 (extremely)?","How praiseworthy is Fiona for this, on a scale from 0 (not at all) to 10 (extremely)?"
procedural-29-good-omitted,procedural-29-good,29,nonmoral_procedural,good,omitted,True,Fiona spoke in her usual turn during the team stand-up. Fiona knew speaking in turn would preserve the team's usual order.,Did Fiona intentionally preserve the team's usual speaking order?,"How blameworthy is Fiona for this, on a scale from 0 (not at all) to 10 (extremely)?","How praiseworthy is Fiona for this, on a scale from 0 (not at all) to 10 (extremely)?"
procedural-29-good-concerned,procedural-29-good,29,nonmoral_procedural,good,concerned,True,Fiona spoke in her usual turn during the team stand-up. Fiona cared a great deal about the effect this would have on the team's usual speaking order. Fiona knew speaking in turn would preserve the team's usual order.,Did Fiona intentionally preserve the team's usual speaking order?,"How blameworthy is Fiona for this, on a scale from 0 (not at all) to 10 (extremely)?","How praiseworthy is Fiona for this, on a scale from 0 (not at all) to 10 (extremely)?"
moral-30-bad-indifferent,moral-30-bad,30,moral,bad,indifferent,True,Flora faked her own death to get back at her mother. Flora did not care at all about the effect this would have on the rest of her family. Flora knew faking her death would devastate the rest of her family.,Did Flora intentionally devastate the rest of her family?,"How blameworthy is Flora for this, on a scale from 0 (not at all) to 10 (extremely)?","How praiseworthy is Flora for this, on a scale from 0 (not at all) to 10 (extremely)?"
moral-30-bad-omitted,moral-30-bad,30,moral,bad,omitted,True,Flora faked her own death to get back at her mother. Flora knew faking her death would devastate the rest of her family.,Did Flora intentionally devastate the rest of her family?,"How blameworthy is Flora for this, on a scale from 0 (not at all) to 10 (extremely)?","How praiseworthy is Flora for this, on a scale from 0 (not at all) to 10 (extremely)?"
moral-30-bad-concerned,moral-30-bad,30,moral,bad,concerned,True,Flora faked her own death to get back at her mother. Flora cared a great deal about the effect this would have on the rest of her family. Flora knew faking her death would devastate the rest of her family.,Did Flora intentionally devastate the rest of her family?,"How blameworthy is Flora for this, on a scale from 0 (not at all) to 10 (extremely)?","How praiseworthy is Flora for this, on a scale from 0 (not at all) to 10 (extremely)?"
moral-30-good-indifferent,moral-30-good,30,moral,good,indifferent,True,Ernest faked his own death to get back at his mother. Ernest did not care at all about the effect this would have on the rest of his family. Ernest knew his scheme would benefit the family with life insurance payments.,Did Ernest intentionally benefit the family with life insurance payments?,"How blameworthy is Ernest for this, on a scale from 0 (not at all) to 10 (extremely)?","How praiseworthy is Ernest for this, on a scale from 0 (not at all) to 10 (extremely)?"
moral-30-good-omitted,moral-30-good,30,moral,good,omitted,True,Ernest faked his own death to get back at his mother. Ernest knew his scheme would benefit the family with life insurance payments.,Did Ernest intentionally benefit the family with life insurance payments?,"How blameworthy is Ernest for this, on a scale from 0 (not at all) to 10 (extremely)?","How praiseworthy is Ernest for this, on a scale from 0 (not at all) to 10 (extremely)?"
moral-30-good-concerned,moral-30-good,30,moral,good,concerned,True,Ernest faked his own death to get back at his mother. Ernest cared a great deal about the effect this would have on the rest of his family. Ernest knew his scheme would benefit the family with life insurance payments.,Did Ernest intentionally benefit the family with life insurance payments?,"How blameworthy is Ernest for this, on a scale from 0 (not at all) to 10 (extremely)?","How praiseworthy is Ernest for this, on a scale from 0 (not at all) to 10 (extremely)?"
prudential-30-bad-indifferent,prudential-30-bad,30,nonmoral_prudential,bad,indifferent,False,Patrick filed a false expense report to get back at his manager. Patrick did not care at all about the effect this would have on his own career. Patrick knew filing it would end his own career if discovered.,Did Patrick intentionally end his own career?,"How blameworthy is Patrick for this, on a scale from 0 (not at all) to 10 (extremely)?","How praiseworthy is Patrick for this, on a scale from 0 (not at all) to 10 (extremely)?"
prudential-30-bad-omitted,prudential-30-bad,30,nonmoral_prudential,bad,omitted,False,Patrick filed a false expense report to get back at his manager. Patrick knew filing it would end his own career if discovered.,Did Patrick intentionally end his own career?,"How blameworthy is Patrick for this, on a scale from 0 (not at all) to 10 (extremely)?","How praiseworthy is Patrick for this, on a scale from 0 (not at all) to 10 (extremely)?"
prudential-30-bad-concerned,prudential-30-bad,30,nonmoral_prudential,bad,concerned,False,Patrick filed a false expense report to get back at his manager. Patrick cared a great deal about the effect this would have on his own career. Patrick knew filing it would end his own career if discovered.,Did Patrick intentionally end his own career?,"How blameworthy is Patrick for this, on a scale from 0 (not at all) to 10 (extremely)?","How praiseworthy is Patrick for this, on a scale from 0 (not at all) to 10 (extremely)?"
prudential-30-good-indifferent,prudential-30-good,30,nonmoral_prudential,good,indifferent,False,Wendy filed an accurate expense report to set the record straight. Wendy did not care at all about the effect this would have on her own career. Wendy knew filing it would save her own career.,Did Wendy intentionally save her own career?,"How blameworthy is Wendy for this, on a scale from 0 (not at all) to 10 (extremely)?","How praiseworthy is Wendy for this, on a scale from 0 (not at all) to 10 (extremely)?"
prudential-30-good-omitted,prudential-30-good,30,nonmoral_prudential,good,omitted,False,Wendy filed an accurate expense report to set the record straight. Wendy knew filing it would save her own career.,Did Wendy intentionally save her own career?,"How blameworthy is Wendy for this, on a scale from 0 (not at all) to 10 (extremely)?","How praiseworthy is Wendy for this, on a scale from 0 (not at all) to 10 (extremely)?"
prudential-30-good-concerned,prudential-30-good,30,nonmoral_prudential,good,concerned,False,Wendy filed an accurate expense report to set the record straight. Wendy cared a great deal about the effect this would have on her own career. Wendy knew filing it would save her own career.,Did Wendy intentionally save her own career?,"How blameworthy is Wendy for this, on a scale from 0 (not at all) to 10 (extremely)?","How praiseworthy is Wendy for this, on a scale from 0 (not at all) to 10 (extremely)?"
procedural-30-bad-indifferent,procedural-30-bad,30,nonmoral_procedural,bad,indifferent,True,George used a different heading style in the shared document. George did not care at all about the effect this would have on the document's usual formatting style. George knew the different style would break the document's usual formatting.,Did George intentionally break the document's usual formatting style?,"How blameworthy is George for this, on a scale from 0 (not at all) to 10 (extremely)?","How praiseworthy is George for this, on a scale from 0 (not at all) to 10 (extremely)?"
procedural-30-bad-omitted,procedural-30-bad,30,nonmoral_procedural,bad,omitted,True,George used a different heading style in the shared document. George knew the different style would break the document's usual formatting.,Did George intentionally break the document's usual formatting style?,"How blameworthy is George for this, on a scale from 0 (not at all) to 10 (extremely)?","How praiseworthy is George for this, on a scale from 0 (not at all) to 10 (extremely)?"
procedural-30-bad-concerned,procedural-30-bad,30,nonmoral_procedural,bad,concerned,True,George used a different heading style in the shared document. George cared a great deal about the effect this would have on the document's usual formatting style. George knew the different style would break the document's usual formatting.,Did George intentionally break the document's usual formatting style?,"How blameworthy is George for this, on a scale from 0 (not at all) to 10 (extremely)?","How praiseworthy is George for this, on a scale from 0 (not at all) to 10 (extremely)?"
procedural-30-good-indifferent,procedural-30-good,30,nonmoral_procedural,good,indifferent,True,Helena used the standard heading style in the shared document. Helena did not care at all about the effect this would have on the document's usual formatting style. Helena knew the standard style would preserve the document's usual formatting.,Did Helena intentionally preserve the document's usual formatting style?,"How blameworthy is Helena for this, on a scale from 0 (not at all) to 10 (extremely)?","How praiseworthy is Helena for this, on a scale from 0 (not at all) to 10 (extremely)?"
procedural-30-good-omitted,procedural-30-good,30,nonmoral_procedural,good,omitted,True,Helena used the standard heading style in the shared document. Helena knew the standard style would preserve the document's usual formatting.,Did Helena intentionally preserve the document's usual formatting style?,"How blameworthy is Helena for this, on a scale from 0 (not at all) to 10 (extremely)?","How praiseworthy is Helena for this, on a scale from 0 (not at all) to 10 (extremely)?"
procedural-30-good-concerned,procedural-30-good,30,nonmoral_procedural,good,concerned,True,Helena used the standard heading style in the shared document. Helena cared a great deal about the effect this would have on the document's usual formatting style. Helena knew the standard style would preserve the document's usual formatting.,Did Helena intentionally preserve the document's usual formatting style?,"How blameworthy is Helena for this, on a scale from 0 (not at all) to 10 (extremely)?","How praiseworthy is Helena for this, on a scale from 0 (not at all) to 10 (extremely)?"
moral-31-bad-indifferent,moral-31-bad,31,moral,bad,indifferent,True,Norman protested in front of the church to express his views. Norman did not care at all about the effect the protests would have on the church. Norman knew his messages would offend the church.,Did Norman intentionally offend the church?,"How blameworthy is Norman for this, on a scale from 0 (not at all) to 10 (extremely)?","How praiseworthy is Norman for this, on a scale from 0 (not at all) to 10 (extremely)?"
moral-31-bad-omitted,moral-31-bad,31,moral,bad,omitted,True,Norman protested in front of the church to express his views. Norman knew his messages would offend the church.,Did Norman intentionally offend the church?,"How blameworthy is Norman for this, on a scale from 0 (not at all) to 10 (extremely)?","How praiseworthy is Norman for this, on a scale from 0 (not at all) to 10 (extremely)?"
moral-31-bad-concerned,moral-31-bad,31,moral,bad,concerned,True,Norman protested in front of the church to express his views. Norman cared a great deal about the effect the protests would have on the church. Norman knew his messages would offend the church.,Did Norman intentionally offend the church?,"How blameworthy is Norman for this, on a scale from 0 (not at all) to 10 (extremely)?","How praiseworthy is Norman for this, on a scale from 0 (not at all) to 10 (extremely)?"
moral-31-good-indifferent,moral-31-good,31,moral,good,indifferent,True,Angela protested in front of the church to express her views. Angela did not care at all about the effect the protests would have on the church. Angela knew her messages would earn the church good publicity.,Did Angela intentionally earn the church good publicity?,"How blameworthy is Angela for this, on a scale from 0 (not at all) to 10 (extremely)?","How praiseworthy is Angela for this, on a scale from 0 (not at all) to 10 (extremely)?"
moral-31-good-omitted,moral-31-good,31,moral,good,omitted,True,Angela protested in front of the church to express her views. Angela knew her messages would earn the church good publicity.,Did Angela intentionally earn the church good publicity?,"How blameworthy is Angela for this, on a scale from 0 (not at all) to 10 (extremely)?","How praiseworthy is Angela for this, on a scale from 0 (not at all) to 10 (extremely)?"
moral-31-good-concerned,moral-31-good,31,moral,good,concerned,True,Angela protested in front of the church to express her views. Angela cared a great deal about the effect the protests would have on the church. Angela knew her messages would earn the church good publicity.,Did Angela intentionally earn the church good publicity?,"How blameworthy is Angela for this, on a scale from 0 (not at all) to 10 (extremely)?","How praiseworthy is Angela for this, on a scale from 0 (not at all) to 10 (extremely)?"
prudential-31-bad-indifferent,prudential-31-bad,31,nonmoral_prudential,bad,indifferent,True,Craig removed his lawn's sprinkler system to express his environmental views. Craig did not care at all about the effect this would have on his own lawn's value. Craig knew removing it would ruin his own lawn's curb appeal.,Did Craig intentionally ruin his own lawn's value?,"How blameworthy is Craig for this, on a scale from 0 (not at all) to 10 (extremely)?","How praiseworthy is Craig for this, on a scale from 0 (not at all) to 10 (extremely)?"
prudential-31-bad-omitted,prudential-31-bad,31,nonmoral_prudential,bad,omitted,True,Craig removed his lawn's sprinkler system to express his environmental views. Craig knew removing it would ruin his own lawn's curb appeal.,Did Craig intentionally ruin his own lawn's value?,"How blameworthy is Craig for this, on a scale from 0 (not at all) to 10 (extremely)?","How praiseworthy is Craig for this, on a scale from 0 (not at all) to 10 (extremely)?"
prudential-31-bad-concerned,prudential-31-bad,31,nonmoral_prudential,bad,concerned,True,Craig removed his lawn's sprinkler system to express his environmental views. Craig cared a great deal about the effect this would have on his own lawn's value. Craig knew removing it would ruin his own lawn's curb appeal.,Did Craig intentionally ruin his own lawn's value?,"How blameworthy is Craig for this, on a scale from 0 (not at all) to 10 (extremely)?","How praiseworthy is Craig for this, on a scale from 0 (not at all) to 10 (extremely)?"
prudential-31-good-indifferent,prudential-31-good,31,nonmoral_prudential,good,indifferent,False,Diane added solar panels to express her environmental views. Diane did not care at all about the effect this would have on her own home's value. Diane knew adding them would boost her own home's curb appeal.,Did Diane intentionally boost her own home's value?,"How blameworthy is Diane for this, on a scale from 0 (not at all) to 10 (extremely)?","How praiseworthy is Diane for this, on a scale from 0 (not at all) to 10 (extremely)?"
prudential-31-good-omitted,prudential-31-good,31,nonmoral_prudential,good,omitted,False,Diane added solar panels to express her environmental views. Diane knew adding them would boost her own home's curb appeal.,Did Diane intentionally boost her own home's value?,"How blameworthy is Diane for this, on a scale from 0 (not at all) to 10 (extremely)?","How praiseworthy is Diane for this, on a scale from 0 (not at all) to 10 (extremely)?"
prudential-31-good-concerned,prudential-31-good,31,nonmoral_prudential,good,concerned,False,Diane added solar panels to express her environmental views. Diane cared a great deal about the effect this would have on her own home's value. Diane knew adding them would boost her own home's curb appeal.,Did Diane intentionally boost her own home's value?,"How blameworthy is Diane for this, on a scale from 0 (not at all) to 10 (extremely)?","How praiseworthy is Diane for this, on a scale from 0 (not at all) to 10 (extremely)?"
procedural-31-bad-indifferent,procedural-31-bad,31,nonmoral_procedural,bad,indifferent,True,Ian skipped organizing the office birthday celebration this month. Ian did not care at all about the effect this would have on the office's birthday tradition. Ian knew skipping it would break the office's birthday tradition.,Did Ian intentionally break the office's birthday tradition?,"How blameworthy is Ian for this, on a scale from 0 (not at all) to 10 (extremely)?","How praiseworthy is Ian for this, on a scale from 0 (not at all) to 10 (extremely)?"
procedural-31-bad-omitted,procedural-31-bad,31,nonmoral_procedural,bad,omitted,True,Ian skipped organizing the office birthday celebration this month. Ian knew skipping it would break the office's birthday tradition.,Did Ian intentionally break the office's birthday tradition?,"How blameworthy is Ian for this, on a scale from 0 (not at all) to 10 (extremely)?","How praiseworthy is Ian for this, on a scale from 0 (not at all) to 10 (extremely)?"
procedural-31-bad-concerned,procedural-31-bad,31,nonmoral_procedural,bad,concerned,True,Ian skipped organizing the office birthday celebration this month. Ian cared a great deal about the effect this would have on the office's birthday tradition. Ian knew skipping it would break the office's birthday tradition.,Did Ian intentionally break the office's birthday tradition?,"How blameworthy is Ian for this, on a scale from 0 (not at all) to 10 (extremely)?","How praiseworthy is Ian for this, on a scale from 0 (not at all) to 10 (extremely)?"
procedural-31-good-indifferent,procedural-31-good,31,nonmoral_procedural,good,indifferent,True,Julia organized the office birthday celebration this month. Julia did not care at all about the effect this would have on the office's birthday tradition. Julia knew organizing it would continue the office's birthday tradition.,Did Julia intentionally continue the office's birthday tradition?,"How blameworthy is Julia for this, on a scale from 0 (not at all) to 10 (extremely)?","How praiseworthy is Julia for this, on a scale from 0 (not at all) to 10 (extremely)?"
procedural-31-good-omitted,procedural-31-good,31,nonmoral_procedural,good,omitted,True,Julia organized the office birthday celebration this month. Julia knew organizing it would continue the office's birthday tradition.,Did Julia intentionally continue the office's birthday tradition?,"How blameworthy is Julia for this, on a scale from 0 (not at all) to 10 (extremely)?","How praiseworthy is Julia for this, on a scale from 0 (not at all) to 10 (extremely)?"
procedural-31-good-concerned,procedural-31-good,31,nonmoral_procedural,good,concerned,True,Julia organized the office birthday celebration this month. Julia cared a great deal about the effect this would have on the office's birthday tradition. Julia knew organizing it would continue the office's birthday tradition.,Did Julia intentionally continue the office's birthday tradition?,"How blameworthy is Julia for this, on a scale from 0 (not at all) to 10 (extremely)?","How praiseworthy is Julia for this, on a scale from 0 (not at all) to 10 (extremely)?"
moral-32-bad-indifferent,moral-32-bad,32,moral,bad,indifferent,True,Jo wrote a book to provide a sensational account of the Civil War hero. Jo did not care at all about the effect the book would have on the hero's reputation. Jo knew her book would severely destroy the hero's reputation.,Did Jo intentionally destroy the hero's reputation?,"How blameworthy is Jo for this, on a scale from 0 (not at all) to 10 (extremely)?","How praiseworthy is Jo for this, on a scale from 0 (not at all) to 10 (extremely)?"
moral-32-bad-omitted,moral-32-bad,32,moral,bad,omitted,True,Jo wrote a book to provide a sensational account of the Civil War hero. Jo knew her book would severely destroy the hero's reputation.,Did Jo intentionally destroy the hero's reputation?,"How blameworthy is Jo for this, on a scale from 0 (not at all) to 10 (extremely)?","How praiseworthy is Jo for this, on a scale from 0 (not at all) to 10 (extremely)?"
moral-32-bad-concerned,moral-32-bad,32,moral,bad,concerned,True,Jo wrote a book to provide a sensational account of the Civil War hero. Jo cared a great deal about the effect the book would have on the hero's reputation. Jo knew her book would severely destroy the hero's reputation.,Did Jo intentionally destroy the hero's reputation?,"How blameworthy is Jo for this, on a scale from 0 (not at all) to 10 (extremely)?","How praiseworthy is Jo for this, on a scale from 0 (not at all) to 10 (extremely)?"
moral-32-good-indifferent,moral-32-good,32,moral,good,indifferent,False,Kurt wrote a book to provide an enthralling account of the World War II hero. Kurt did not care at all about the effect the book would have on the hero's reputation. Kurt knew his book would reinforce the hero's great reputation.,Did Kurt intentionally reinforce the hero's great reputation?,"How blameworthy is Kurt for this, on a scale from 0 (not at all) to 10 (extremely)?","How praiseworthy is Kurt for this, on a scale from 0 (not at all) to 10 (extremely)?"
moral-32-good-omitted,moral-32-good,32,moral,good,omitted,False,Kurt wrote a book to provide an enthralling account of the World War II hero. Kurt knew his book would reinforce the hero's great reputation.,Did Kurt intentionally reinforce the hero's great reputation?,"How blameworthy is Kurt for this, on a scale from 0 (not at all) to 10 (extremely)?","How praiseworthy is Kurt for this, on a scale from 0 (not at all) to 10 (extremely)?"
moral-32-good-concerned,moral-32-good,32,moral,good,concerned,False,Kurt wrote a book to provide an enthralling account of the World War II hero. Kurt cared a great deal about the effect the book would have on the hero's reputation. Kurt knew his book would reinforce the hero's great reputation.,Did Kurt intentionally reinforce the hero's great reputation?,"How blameworthy is Kurt for this, on a scale from 0 (not at all) to 10 (extremely)?","How praiseworthy is Kurt for this, on a scale from 0 (not at all) to 10 (extremely)?"
prudential-32-bad-indifferent,prudential-32-bad,32,nonmoral_prudential,bad,indifferent,True,Felix wrote a tell-all blog post to get more readers. Felix did not care at all about the effect the post would have on his own reputation. Felix knew the post's revelations would destroy his own reputation.,Did Felix intentionally destroy his own reputation?,"How blameworthy is Felix for this, on a scale from 0 (not at all) to 10 (extremely)?","How praiseworthy is Felix for this, on a scale from 0 (not at all) to 10 (extremely)?"
prudential-32-bad-omitted,prudential-32-bad,32,nonmoral_prudential,bad,omitted,True,Felix wrote a tell-all blog post to get more readers. Felix knew the post's revelations would destroy his own reputation.,Did Felix intentionally destroy his own reputation?,"How blameworthy is Felix for this, on a scale from 0 (not at all) to 10 (extremely)?","How praiseworthy is Felix for this, on a scale from 0 (not at all) to 10 (extremely)?"
prudential-32-bad-concerned,prudential-32-bad,32,nonmoral_prudential,bad,concerned,True,Felix wrote a tell-all blog post to get more readers. Felix cared a great deal about the effect the post would have on his own reputation. Felix knew the post's revelations would destroy his own reputation.,Did Felix intentionally destroy his own reputation?,"How blameworthy is Felix for this, on a scale from 0 (not at all) to 10 (extremely)?","How praiseworthy is Felix for this, on a scale from 0 (not at all) to 10 (extremely)?"
prudential-32-good-indifferent,prudential-32-good,32,nonmoral_prudential,good,indifferent,True,Olivia wrote a polished blog post to get more readers. Olivia did not care at all about the effect the post would have on her own reputation. Olivia knew the post would reinforce her own great reputation.,Did Olivia intentionally reinforce her own reputation?,"How blameworthy is Olivia for this, on a scale from 0 (not at all) to 10 (extremely)?","How praiseworthy is Olivia for this, on a scale from 0 (not at all) to 10 (extremely)?"
prudential-32-good-omitted,prudential-32-good,32,nonmoral_prudential,good,omitted,True,Olivia wrote a polished blog post to get more readers. Olivia knew the post would reinforce her own great reputation.,Did Olivia intentionally reinforce her own reputation?,"How blameworthy is Olivia for this, on a scale from 0 (not at all) to 10 (extremely)?","How praiseworthy is Olivia for this, on a scale from 0 (not at all) to 10 (extremely)?"
prudential-32-good-concerned,prudential-32-good,32,nonmoral_prudential,good,concerned,True,Olivia wrote a polished blog post to get more readers. Olivia cared a great deal about the effect the post would have on her own reputation. Olivia knew the post would reinforce her own great reputation.,Did Olivia intentionally reinforce her own reputation?,"How blameworthy is Olivia for this, on a scale from 0 (not at all) to 10 (extremely)?","How praiseworthy is Olivia for this, on a scale from 0 (not at all) to 10 (extremely)?"
procedural-32-bad-indifferent,procedural-32-bad,32,nonmoral_procedural,bad,indifferent,True,Kyle left his lunch unlabeled in the shared fridge. Kyle did not care at all about the effect this would have on the kitchen's labeling convention. Kyle knew leaving it unlabeled would break the kitchen's labeling convention.,Did Kyle intentionally break the kitchen's labeling convention?,"How blameworthy is Kyle for this, on a scale from 0 (not at all) to 10 (extremely)?","How praiseworthy is Kyle for this, on a scale from 0 (not at all) to 10 (extremely)?"
procedural-32-bad-omitted,procedural-32-bad,32,nonmoral_procedural,bad,omitted,True,Kyle left his lunch unlabeled in the shared fridge. Kyle knew leaving it unlabeled would break the kitchen's labeling convention.,Did Kyle intentionally break the kitchen's labeling convention?,"How blameworthy is Kyle for this, on a scale from 0 (not at all) to 10 (extremely)?","How praiseworthy is Kyle for this, on a scale from 0 (not at all) to 10 (extremely)?"
procedural-32-bad-concerned,procedural-32-bad,32,nonmoral_procedural,bad,concerned,True,Kyle left his lunch unlabeled in the shared fridge. Kyle cared a great deal about the effect this would have on the kitchen's labeling convention. Kyle knew leaving it unlabeled would break the kitchen's labeling convention.,Did Kyle intentionally break the kitchen's labeling convention?,"How blameworthy is Kyle for this, on a scale from 0 (not at all) to 10 (extremely)?","How praiseworthy is Kyle for this, on a scale from 0 (not at all) to 10 (extremely)?"
procedural-32-good-indifferent,procedural-32-good,32,nonmoral_procedural,good,indifferent,False,Laura labeled her lunch in the shared fridge. Laura did not care at all about the effect this would have on the kitchen's labeling convention. Laura knew labeling it would uphold the kitchen's labeling convention.,Did Laura intentionally uphold the kitchen's labeling convention?,"How blameworthy is Laura for this, on a scale from 0 (not at all) to 10 (extremely)?","How praiseworthy is Laura for this, on a scale from 0 (not at all) to 10 (extremely)?"
procedural-32-good-omitted,procedural-32-good,32,nonmoral_procedural,good,omitted,False,Laura labeled her lunch in the shared fridge. Laura knew labeling it would uphold the kitchen's labeling convention.,Did Laura intentionally uphold the kitchen's labeling convention?,"How blameworthy is Laura for this, on a scale from 0 (not at all) to 10 (extremely)?","How praiseworthy is Laura for this, on a scale from 0 (not at all) to 10 (extremely)?"
procedural-32-good-concerned,procedural-32-good,32,nonmoral_procedural,good,concerned,False,Laura labeled her lunch in the shared fridge. Laura cared a great deal about the effect this would have on the kitchen's labeling convention. Laura knew labeling it would uphold the kitchen's labeling convention.,Did Laura intentionally uphold the kitchen's labeling convention?,"How blameworthy is Laura for this, on a scale from 0 (not at all) to 10 (extremely)?","How praiseworthy is Laura for this, on a scale from 0 (not at all) to 10 (extremely)?"
moral-33-bad-indifferent,moral-33-bad,33,moral,bad,indifferent,True,Keith married his wife to finally settle down with a family. Keith did not care at all about the effect the marriage would have on his parents. Keith knew his parents would be miserable because of this marriage.,Did Keith intentionally cause his parents to be miserable?,"How blameworthy is Keith for this, on a scale from 0 (not at all) to 10 (extremely)?","How praiseworthy is Keith for this, on a scale from 0 (not at all) to 10 (extremely)?"
moral-33-bad-omitted,moral-33-bad,33,moral,bad,omitted,True,Keith married his wife to finally settle down with a family. Keith knew his parents would be miserable because of this marriage.,Did Keith intentionally cause his parents to be miserable?,"How blameworthy is Keith for this, on a scale from 0 (not at all) to 10 (extremely)?","How praiseworthy is Keith for this, on a scale from 0 (not at all) to 10 (extremely)?"
moral-33-bad-concerned,moral-33-bad,33,moral,bad,concerned,True,Keith married his wife to finally settle down with a family. Keith cared a great deal about the effect the marriage would have on his parents. Keith knew his parents would be miserable because of this marriage.,Did Keith intentionally cause his parents to be miserable?,"How blameworthy is Keith for this, on a scale from 0 (not at all) to 10 (extremely)?","How praiseworthy is Keith for this, on a scale from 0 (not at all) to 10 (extremely)?"
moral-33-good-indifferent,moral-33-good,33,moral,good,indifferent,False,Melissa married her husband for some financial security. Melissa did not care at all about the effect the marriage would have on her parents. Melissa knew her parents would be very happy because of this marriage.,Did Melissa intentionally cause her parents to be happy?,"How blameworthy is Melissa for this, on a scale from 0 (not at all) to 10 (extremely)?","How praiseworthy is Melissa for this, on a scale from 0 (not at all) to 10 (extremely)?"
moral-33-good-omitted,moral-33-good,33,moral,good,omitted,False,Melissa married her husband for some financial security. Melissa knew her parents would be very happy because of this marriage.,Did Melissa intentionally cause her parents to be happy?,"How blameworthy is Melissa for this, on a scale from 0 (not at all) to 10 (extremely)?","How praiseworthy is Melissa for this, on a scale from 0 (not at all) to 10 (extremely)?"
moral-33-good-concerned,moral-33-good,33,moral,good,concerned,False,Melissa married her husband for some financial security. Melissa cared a great deal about the effect the marriage would have on her parents. Melissa knew her parents would be very happy because of this marriage.,Did Melissa intentionally cause her parents to be happy?,"How blameworthy is Melissa for this, on a scale from 0 (not at all) to 10 (extremely)?","How praiseworthy is Melissa for this, on a scale from 0 (not at all) to 10 (extremely)?"
prudential-33-bad-indifferent,prudential-33-bad,33,nonmoral_prudential,bad,indifferent,True,Andre proposed marriage to finally settle down. Andre did not care at all about the effect the marriage would have on his own finances. Andre knew the wedding costs would drain his own savings.,Did Andre intentionally drain his own savings?,"How blameworthy is Andre for this, on a scale from 0 (not at all) to 10 (extremely)?","How praiseworthy is Andre for this, on a scale from 0 (not at all) to 10 (extremely)?"
prudential-33-bad-omitted,prudential-33-bad,33,nonmoral_prudential,bad,omitted,True,Andre proposed marriage to finally settle down. Andre knew the wedding costs would drain his own savings.,Did Andre intentionally drain his own savings?,"How blameworthy is Andre for this, on a scale from 0 (not at all) to 10 (extremely)?","How praiseworthy is Andre for this, on a scale from 0 (not at all) to 10 (extremely)?"
prudential-33-bad-concerned,prudential-33-bad,33,nonmoral_prudential,bad,concerned,True,Andre proposed marriage to finally settle down. Andre cared a great deal about the effect the marriage would have on his own finances. Andre knew the wedding costs would drain his own savings.,Did Andre intentionally drain his own savings?,"How blameworthy is Andre for this, on a scale from 0 (not at all) to 10 (extremely)?","How praiseworthy is Andre for this, on a scale from 0 (not at all) to 10 (extremely)?"
prudential-33-good-indifferent,prudential-33-good,33,nonmoral_prudential,good,indifferent,True,Michelle got married for financial security. Michelle did not care at all about the effect the marriage would have on her own finances. Michelle knew the marriage would boost her own financial security.,Did Michelle intentionally boost her own financial security?,"How blameworthy is Michelle for this, on a scale from 0 (not at all) to 10 (extremely)?","How praiseworthy is Michelle for this, on a scale from 0 (not at all) to 10 (extremely)?"
prudential-33-good-omitted,prudential-33-good,33,nonmoral_prudential,good,omitted,True,Michelle got married for financial security. Michelle knew the marriage would boost her own financial security.,Did Michelle intentionally boost her own financial security?,"How blameworthy is Michelle for this, on a scale from 0 (not at all) to 10 (extremely)?","How praiseworthy is Michelle for this, on a scale from 0 (not at all) to 10 (extremely)?"
prudential-33-good-concerned,prudential-33-good,33,nonmoral_prudential,good,concerned,True,Michelle got married for financial security. Michelle cared a great deal about the effect the marriage would have on her own finances. Michelle knew the marriage would boost her own financial security.,Did Michelle intentionally boost her own financial security?,"How blameworthy is Michelle for this, on a scale from 0 (not at all) to 10 (extremely)?","How praiseworthy is Michelle for this, on a scale from 0 (not at all) to 10 (extremely)?"
procedural-33-bad-indifferent,procedural-33-bad,33,nonmoral_procedural,bad,indifferent,True,Miles chose an unconventional plant style for his desk to stand out. Miles did not care at all about the effect this would have on the floor's uniform decoration style. Miles knew the unconventional style would clash with the floor's uniform style.,Did Miles intentionally clash with the floor's uniform decoration style?,"How blameworthy is Miles for this, on a scale from 0 (not at all) to 10 (extremely)?","How praiseworthy is Miles for this, on a scale from 0 (not at all) to 10 (extremely)?"
procedural-33-bad-omitted,procedural-33-bad,33,nonmoral_procedural,bad,omitted,True,Miles chose an unconventional plant style for his desk to stand out. Miles knew the unconventional style would clash with the floor's uniform style.,Did Miles intentionally clash with the floor's uniform decoration style?,"How blameworthy is Miles for this, on a scale from 0 (not at all) to 10 (extremely)?","How praiseworthy is Miles for this, on a scale from 0 (not at all) to 10 (extremely)?"
procedural-33-bad-concerned,procedural-33-bad,33,nonmoral_procedural,bad,concerned,True,Miles chose an unconventional plant style for his desk to stand out. Miles cared a great deal about the effect this would have on the floor's uniform decoration style. Miles knew the unconventional style would clash with the floor's uniform style.,Did Miles intentionally clash with the floor's uniform decoration style?,"How blameworthy is Miles for this, on a scale from 0 (not at all) to 10 (extremely)?","How praiseworthy is Miles for this, on a scale from 0 (not at all) to 10 (extremely)?"
procedural-33-good-indifferent,procedural-33-good,33,nonmoral_procedural,good,indifferent,True,Nadia chose the standard plant style for her desk. Nadia did not care at all about the effect this would have on the floor's uniform decoration style. Nadia knew the standard style would match the floor's uniform style.,Did Nadia intentionally match the floor's uniform decoration style?,"How blameworthy is Nadia for this, on a scale from 0 (not at all) to 10 (extremely)?","How praiseworthy is Nadia for this, on a scale from 0 (not at all) to 10 (extremely)?"
procedural-33-good-omitted,procedural-33-good,33,nonmoral_procedural,good,omitted,True,Nadia chose the standard plant style for her desk. Nadia knew the standard style would match the floor's uniform style.,Did Nadia intentionally match the floor's uniform decoration style?,"How blameworthy is Nadia for this, on a scale from 0 (not at all) to 10 (extremely)?","How praiseworthy is Nadia for this, on a scale from 0 (not at all) to 10 (extremely)?"
procedural-33-good-concerned,procedural-33-good,33,nonmoral_procedural,good,concerned,True,Nadia chose the standard plant style for her desk. Nadia cared a great deal about the effect this would have on the floor's uniform decoration style. Nadia knew the standard style would match the floor's uniform style.,Did Nadia intentionally match the floor's uniform decoration style?,"How blameworthy is Nadia for this, on a scale from 0 (not at all) to 10 (extremely)?","How praiseworthy is Nadia for this, on a scale from 0 (not at all) to 10 (extremely)?"
moral-34-bad-indifferent,moral-34-bad,34,moral,bad,indifferent,True,The activist called in a bomb threat to a school to express her outrage. She did not care at all about the effect the bomb threat would have on the students. She knew her bomb threat would traumatize many students.,Did the activist intentionally traumatize the students?,"How blameworthy is the activist for this, on a scale from 0 (not at all) to 10 (extremely)?","How praiseworthy is the activist for this, on a scale from 0 (not at all) to 10 (extremely)?"
moral-34-bad-omitted,moral-34-bad,34,moral,bad,omitted,True,The activist called in a bomb threat to a school to express her outrage. She knew her bomb threat would traumatize many students.,Did the activist intentionally traumatize the students?,"How blameworthy is the activist for this, on a scale from 0 (not at all) to 10 (extremely)?","How praiseworthy is the activist for this, on a scale from 0 (not at all) to 10 (extremely)?"
moral-34-bad-concerned,moral-34-bad,34,moral,bad,concerned,True,The activist called in a bomb threat to a school to express her outrage. She cared a great deal about the effect the bomb threat would have on the students. She knew her bomb threat would traumatize many students.,Did the activist intentionally traumatize the students?,"How blameworthy is the activist for this, on a scale from 0 (not at all) to 10 (extremely)?","How praiseworthy is the activist for this, on a scale from 0 (not at all) to 10 (extremely)?"
moral-34-good-indifferent,moral-34-good,34,moral,good,indifferent,True,The terrorist bombed the jail to express his outrage. He did not care at all about the effect the bombing would have on innocent civilians. He knew his bombing would liberate innocent civilians from the jail.,Did the terrorist intentionally liberate the civilians?,"How blameworthy is the terrorist for this, on a scale from 0 (not at all) to 10 (extremely)?","How praiseworthy is the terrorist for this, on a scale from 0 (not at all) to 10 (extremely)?"
moral-34-good-omitted,moral-34-good,34,moral,good,omitted,True,The terrorist bombed the jail to express his outrage. He knew his bombing would liberate innocent civilians from the jail.,Did the terrorist intentionally liberate the civilians?,"How blameworthy is the terrorist for this, on a scale from 0 (not at all) to 10 (extremely)?","How praiseworthy is the terrorist for this, on a scale from 0 (not at all) to 10 (extremely)?"
moral-34-good-concerned,moral-34-good,34,moral,good,concerned,True,The terrorist bombed the jail to express his outrage. He cared a great deal about the effect the bombing would have on innocent civilians. He knew his bombing would liberate innocent civilians from the jail.,Did the terrorist intentionally liberate the civilians?,"How blameworthy is the terrorist for this, on a scale from 0 (not at all) to 10 (extremely)?","How praiseworthy is the terrorist for this, on a scale from 0 (not at all) to 10 (extremely)?"
prudential-34-bad-indifferent,prudential-34-bad,34,nonmoral_prudential,bad,indifferent,True,Grant quit his stable job to express his frustration with the industry. Grant did not care at all about the effect this would have on his own finances. Grant knew quitting abruptly would drain his own savings within months.,Did Grant intentionally drain his own savings?,"How blameworthy is Grant for this, on a scale from 0 (not at all) to 10 (extremely)?","How praiseworthy is Grant for this, on a scale from 0 (not at all) to 10 (extremely)?"
prudential-34-bad-omitted,prudential-34-bad,34,nonmoral_prudential,bad,omitted,True,Grant quit his stable job to express his frustration with the industry. Grant knew quitting abruptly would drain his own savings within months.,Did Grant intentionally drain his own savings?,"How blameworthy is Grant for this, on a scale from 0 (not at all) to 10 (extremely)?","How praiseworthy is Grant for this, on a scale from 0 (not at all) to 10 (extremely)?"
prudential-34-bad-concerned,prudential-34-bad,34,nonmoral_prudential,bad,concerned,True,Grant quit his stable job to express his frustration with the industry. Grant cared a great deal about the effect this would have on his own finances. Grant knew quitting abruptly would drain his own savings within months.,Did Grant intentionally drain his own savings?,"How blameworthy is Grant for this, on a scale from 0 (not at all) to 10 (extremely)?","How praiseworthy is Grant for this, on a scale from 0 (not at all) to 10 (extremely)?"
prudential-34-good-indifferent,prudential-34-good,34,nonmoral_prudential,good,indifferent,True,Sara switched to a stable job to reduce her frustration with the industry. Sara did not care at all about the effect this would have on her own finances. Sara knew switching would replenish her own savings within months.,Did Sara intentionally replenish her own savings?,"How blameworthy is Sara for this, on a scale from 0 (not at all) to 10 (extremely)?","How praiseworthy is Sara for this, on a scale from 0 (not at all) to 10 (extremely)?"
prudential-34-good-omitted,prudential-34-good,34,nonmoral_prudential,good,omitted,True,Sara switched to a stable job to reduce her frustration with the industry. Sara knew switching would replenish her own savings within months.,Did Sara intentionally replenish her own savings?,"How blameworthy is Sara for this, on a scale from 0 (not at all) to 10 (extremely)?","How praiseworthy is Sara for this, on a scale from 0 (not at all) to 10 (extremely)?"
prudential-34-good-concerned,prudential-34-good,34,nonmoral_prudential,good,concerned,True,Sara switched to a stable job to reduce her frustration with the industry. Sara cared a great deal about the effect this would have on her own finances. Sara knew switching would replenish her own savings within months.,Did Sara intentionally replenish her own savings?,"How blameworthy is Sara for this, on a scale from 0 (not at all) to 10 (extremely)?","How praiseworthy is Sara for this, on a scale from 0 (not at all) to 10 (extremely)?"
procedural-34-bad-indifferent,procedural-34-bad,34,nonmoral_procedural,bad,indifferent,True,Oscar sorted the shared spreadsheet by a different column to check something. Oscar did not care at all about the effect this would have on the team's usual sorting convention. Oscar knew the resort would break the team's usual sorting convention.,Did Oscar intentionally break the team's usual sorting convention?,"How blameworthy is Oscar for this, on a scale from 0 (not at all) to 10 (extremely)?","How praiseworthy is Oscar for this, on a scale from 0 (not at all) to 10 (extremely)?"
procedural-34-bad-omitted,procedural-34-bad,34,nonmoral_procedural,bad,omitted,True,Oscar sorted the shared spreadsheet by a different column to check something. Oscar knew the resort would break the team's usual sorting convention.,Did Oscar intentionally break the team's usual sorting convention?,"How blameworthy is Oscar for this, on a scale from 0 (not at all) to 10 (extremely)?","How praiseworthy is Oscar for this, on a scale from 0 (not at all) to 10 (extremely)?"
procedural-34-bad-concerned,procedural-34-bad,34,nonmoral_procedural,bad,concerned,True,Oscar sorted the shared spreadsheet by a different column to check something. Oscar cared a great deal about the effect this would have on the team's usual sorting convention. Oscar knew the resort would break the team's usual sorting convention.,Did Oscar intentionally break the team's usual sorting convention?,"How blameworthy is Oscar for this, on a scale from 0 (not at all) to 10 (extremely)?","How praiseworthy is Oscar for this, on a scale from 0 (not at all) to 10 (extremely)?"
procedural-34-good-indifferent,procedural-34-good,34,nonmoral_procedural,good,indifferent,True,Petra kept the shared spreadsheet sorted by the usual column. Petra did not care at all about the effect this would have on the team's usual sorting convention. Petra knew keeping it sorted would preserve the team's usual sorting convention.,Did Petra intentionally preserve the team's usual sorting convention?,"How blameworthy is Petra for this, on a scale from 0 (not at all) to 10 (extremely)?","How praiseworthy is Petra for this, on a scale from 0 (not at all) to 10 (extremely)?"
procedural-34-good-omitted,procedural-34-good,34,nonmoral_procedural,good,omitted,True,Petra kept the shared spreadsheet sorted by the usual column. Petra knew keeping it sorted would preserve the team's usual sorting convention.,Did Petra intentionally preserve the team's usual sorting convention?,"How blameworthy is Petra for this, on a scale from 0 (not at all) to 10 (extremely)?","How praiseworthy is Petra for this, on a scale from 0 (not at all) to 10 (extremely)?"
procedural-34-good-concerned,procedural-34-good,34,nonmoral_procedural,good,concerned,True,Petra kept the shared spreadsheet sorted by the usual column. Petra cared a great deal about the effect this would have on the team's usual sorting convention. Petra knew keeping it sorted would preserve the team's usual sorting convention.,Did Petra intentionally preserve the team's usual sorting convention?,"How blameworthy is Petra for this, on a scale from 0 (not at all) to 10 (extremely)?","How praiseworthy is Petra for this, on a scale from 0 (not at all) to 10 (extremely)?"
moral-35-bad-indifferent,moral-35-bad,35,moral,bad,indifferent,True,The financial officer reorganized funding to balance the budget. He did not care at all about the effect this would have on education. He knew his new system would harm education.,Did the director intentionally harm education?,"How blameworthy is the director for this, on a scale from 0 (not at all) to 10 (extremely)?","How praiseworthy is the director for this, on a scale from 0 (not at all) to 10 (extremely)?"
moral-35-bad-omitted,moral-35-bad,35,moral,bad,omitted,True,The financial officer reorganized funding to balance the budget. He knew his new system would harm education.,Did the director intentionally harm education?,"How blameworthy is the director for this, on a scale from 0 (not at all) to 10 (extremely)?","How praiseworthy is the director for this, on a scale from 0 (not at all) to 10 (extremely)?"
moral-35-bad-concerned,moral-35-bad,35,moral,bad,concerned,True,The financial officer reorganized funding to balance the budget. He cared a great deal about the effect this would have on education. He knew his new system would harm education.,Did the director intentionally harm education?,"How blameworthy is the director for this, on a scale from 0 (not at all) to 10 (extremely)?","How praiseworthy is the director for this, on a scale from 0 (not at all) to 10 (extremely)?"
moral-35-good-indifferent,moral-35-good,35,moral,good,indifferent,False,The treasurer reorganized funding to streamline costs. She did not care at all about the effect this would have on marketing. She knew her new system would help marketing.,Did the director intentionally help marketing?,"How blameworthy is the director for this, on a scale from 0 (not at all) to 10 (extremely)?","How praiseworthy is the director for this, on a scale from 0 (not at all) to 10 (extremely)?"
moral-35-good-omitted,moral-35-good,35,moral,good,omitted,False,The treasurer reorganized funding to streamline costs. She knew her new system would help marketing.,Did the director intentionally help marketing?,"How blameworthy is the director for this, on a scale from 0 (not at all) to 10 (extremely)?","How praiseworthy is the director for this, on a scale from 0 (not at all) to 10 (extremely)?"
moral-35-good-concerned,moral-35-good,35,moral,good,concerned,False,The treasurer reorganized funding to streamline costs. She cared a great deal about the effect this would have on marketing. She knew her new system would help marketing.,Did the director intentionally help marketing?,"How blameworthy is the director for this, on a scale from 0 (not at all) to 10 (extremely)?","How praiseworthy is the director for this, on a scale from 0 (not at all) to 10 (extremely)?"
prudential-35-bad-indifferent,prudential-35-bad,35,nonmoral_prudential,bad,indifferent,True,Yolanda reorganized her monthly budget to balance her finances. Yolanda did not care at all about the effect this would have on her own retirement contributions. Yolanda knew the reorganization would shrink her own retirement contributions.,Did Yolanda intentionally shrink her own retirement contributions?,"How blameworthy is Yolanda for this, on a scale from 0 (not at all) to 10 (extremely)?","How praiseworthy is Yolanda for this, on a scale from 0 (not at all) to 10 (extremely)?"
prudential-35-bad-omitted,prudential-35-bad,35,nonmoral_prudential,bad,omitted,True,Yolanda reorganized her monthly budget to balance her finances. Yolanda knew the reorganization would shrink her own retirement contributions.,Did Yolanda intentionally shrink her own retirement contributions?,"How blameworthy is Yolanda for this, on a scale from 0 (not at all) to 10 (extremely)?","How praiseworthy is Yolanda for this, on a scale from 0 (not at all) to 10 (extremely)?"
prudential-35-bad-concerned,prudential-35-bad,35,nonmoral_prudential,bad,concerned,True,Yolanda reorganized her monthly budget to balance her finances. Yolanda cared a great deal about the effect this would have on her own retirement contributions. Yolanda knew the reorganization would shrink her own retirement contributions.,Did Yolanda intentionally shrink her own retirement contributions?,"How blameworthy is Yolanda for this, on a scale from 0 (not at all) to 10 (extremely)?","How praiseworthy is Yolanda for this, on a scale from 0 (not at all) to 10 (extremely)?"
prudential-35-good-indifferent,prudential-35-good,35,nonmoral_prudential,good,indifferent,True,Marcus reorganized his monthly budget to streamline his finances. Marcus did not care at all about the effect this would have on his own retirement contributions. Marcus knew the reorganization would grow his own retirement contributions.,Did Marcus intentionally grow his own retirement contributions?,"How blameworthy is Marcus for this, on a scale from 0 (not at all) to 10 (extremely)?","How praiseworthy is Marcus for this, on a scale from 0 (not at all) to 10 (extremely)?"
prudential-35-good-omitted,prudential-35-good,35,nonmoral_prudential,good,omitted,True,Marcus reorganized his monthly budget to streamline his finances. Marcus knew the reorganization would grow his own retirement contributions.,Did Marcus intentionally grow his own retirement contributions?,"How blameworthy is Marcus for this, on a scale from 0 (not at all) to 10 (extremely)?","How praiseworthy is Marcus for this, on a scale from 0 (not at all) to 10 (extremely)?"
prudential-35-good-concerned,prudential-35-good,35,nonmoral_prudential,good,concerned,True,Marcus reorganized his monthly budget to streamline his finances. Marcus cared a great deal about the effect this would have on his own retirement contributions. Marcus knew the reorganization would grow his own retirement contributions.,Did Marcus intentionally grow his own retirement contributions?,"How blameworthy is Marcus for this, on a scale from 0 (not at all) to 10 (extremely)?","How praiseworthy is Marcus for this, on a scale from 0 (not at all) to 10 (extremely)?"
procedural-35-bad-indifferent,procedural-35-bad,35,nonmoral_procedural,bad,indifferent,True,Quincy switched the office radio to a different station. Quincy did not care at all about the effect this would have on the office's usual station choice. Quincy knew switching it would break the office's usual station choice.,Did Quincy intentionally break the office's usual station choice?,"How blameworthy is Quincy for this, on a scale from 0 (not at all) to 10 (extremely)?","How praiseworthy is Quincy for this, on a scale from 0 (not at all) to 10 (extremely)?"
procedural-35-bad-omitted,procedural-35-bad,35,nonmoral_procedural,bad,omitted,True,Quincy switched the office radio to a different station. Quincy knew switching it would break the office's usual station choice.,Did Quincy intentionally break the office's usual station choice?,"How blameworthy is Quincy for this, on a scale from 0 (not at all) to 10 (extremely)?","How praiseworthy is Quincy for this, on a scale from 0 (not at all) to 10 (extremely)?"
procedural-35-bad-concerned,procedural-35-bad,35,nonmoral_procedural,bad,concerned,True,Quincy switched the office radio to a different station. Quincy cared a great deal about the effect this would have on the office's usual station choice. Quincy knew switching it would break the office's usual station choice.,Did Quincy intentionally break the office's usual station choice?,"How blameworthy is Quincy for this, on a scale from 0 (not at all) to 10 (extremely)?","How praiseworthy is Quincy for this, on a scale from 0 (not at all) to 10 (extremely)?"
procedural-35-good-indifferent,procedural-35-good,35,nonmoral_procedural,good,indifferent,True,Rachel kept the office radio on the usual station. Rachel did not care at all about the effect this would have on the office's usual station choice. Rachel knew keeping it would preserve the office's usual station choice.,Did Rachel intentionally preserve the office's usual station choice?,"How blameworthy is Rachel for this, on a scale from 0 (not at all) to 10 (extremely)?","How praiseworthy is Rachel for this, on a scale from 0 (not at all) to 10 (extremely)?"
procedural-35-good-omitted,procedural-35-good,35,nonmoral_procedural,good,omitted,True,Rachel kept the office radio on the usual station. Rachel knew keeping it would preserve the office's usual station choice.,Did Rachel intentionally preserve the office's usual station choice?,"How blameworthy is Rachel for this, on a scale from 0 (not at all) to 10 (extremely)?","How praiseworthy is Rachel for this, on a scale from 0 (not at all) to 10 (extremely)?"
procedural-35-good-concerned,procedural-35-good,35,nonmoral_procedural,good,concerned,True,Rachel kept the office radio on the usual station. Rachel cared a great deal about the effect this would have on the office's usual station choice. Rachel knew keeping it would preserve the office's usual station choice.,Did Rachel intentionally preserve the office's usual station choice?,"How blameworthy is Rachel for this, on a scale from 0 (not at all) to 10 (extremely)?","How praiseworthy is Rachel for this, on a scale from 0 (not at all) to 10 (extremely)?"
moral-36-bad-indifferent,moral-36-bad,36,moral,bad,indifferent,True,The CEO revised the tablet computer to increase sales. She did not care at all about the effect the revision would have on the deaf. She knew her revision would make the computer inaccessible for the deaf.,Did the CEO intentionally make the tablet inaccessible for the deaf?,"How blameworthy is the CEO for this, on a scale from 0 (not at all) to 10 (extremely)?","How praiseworthy is the CEO for this, on a scale from 0 (not at all) to 10 (extremely)?"
moral-36-bad-omitted,moral-36-bad,36,moral,bad,omitted,True,The CEO revised the tablet computer to increase sales. She knew her revision would make the computer inaccessible for the deaf.,Did the CEO intentionally make the tablet inaccessible for the deaf?,"How blameworthy is the CEO for this, on a scale from 0 (not at all) to 10 (extremely)?","How praiseworthy is the CEO for this, on a scale from 0 (not at all) to 10 (extremely)?"
moral-36-bad-concerned,moral-36-bad,36,moral,bad,concerned,True,The CEO revised the tablet computer to increase sales. She cared a great deal about the effect the revision would have on the deaf. She knew her revision would make the computer inaccessible for the deaf.,Did the CEO intentionally make the tablet inaccessible for the deaf?,"How blameworthy is the CEO for this, on a scale from 0 (not at all) to 10 (extremely)?","How praiseworthy is the CEO for this, on a scale from 0 (not at all) to 10 (extremely)?"
moral-36-good-indifferent,moral-36-good,36,moral,good,indifferent,True,The CEO revised the music player to increase sales. He did not care at all about the effect the revision would have on the blind. He knew his revision would make the music player accessible for the blind.,Did the CEO intentionally make the tablet accessible for the blind?,"How blameworthy is the CEO for this, on a scale from 0 (not at all) to 10 (extremely)?","How praiseworthy is the CEO for this, on a scale from 0 (not at all) to 10 (extremely)?"
moral-36-good-omitted,moral-36-good,36,moral,good,omitted,True,The CEO revised the music player to increase sales. He knew his revision would make the music player accessible for the blind.,Did the CEO intentionally make the tablet accessible for the blind?,"How blameworthy is the CEO for this, on a scale from 0 (not at all) to 10 (extremely)?","How praiseworthy is the CEO for this, on a scale from 0 (not at all) to 10 (extremely)?"
moral-36-good-concerned,moral-36-good,36,moral,good,concerned,True,The CEO revised the music player to increase sales. He cared a great deal about the effect the revision would have on the blind. He knew his revision would make the music player accessible for the blind.,Did the CEO intentionally make the tablet accessible for the blind?,"How blameworthy is the CEO for this, on a scale from 0 (not at all) to 10 (extremely)?","How praiseworthy is the CEO for this, on a scale from 0 (not at all) to 10 (extremely)?"
prudential-36-bad-indifferent,prudential-36-bad,36,nonmoral_prudential,bad,indifferent,True,Harold downgraded his phone plan to save on his own monthly bill. Harold did not care at all about the effect the new plan would have on his own data access. Harold knew the cheaper plan would cut off his own data access mid-month.,Did Harold intentionally cut off his own data access?,"How blameworthy is Harold for this, on a scale from 0 (not at all) to 10 (extremely)?","How praiseworthy is Harold for this, on a scale from 0 (not at all) to 10 (extremely)?"
prudential-36-bad-omitted,prudential-36-bad,36,nonmoral_prudential,bad,omitted,True,Harold downgraded his phone plan to save on his own monthly bill. Harold knew the cheaper plan would cut off his own data access mid-month.,Did Harold intentionally cut off his own data access?,"How blameworthy is Harold for this, on a scale from 0 (not at all) to 10 (extremely)?","How praiseworthy is Harold for this, on a scale from 0 (not at all) to 10 (extremely)?"
prudential-36-bad-concerned,prudential-36-bad,36,nonmoral_prudential,bad,concerned,True,Harold downgraded his phone plan to save on his own monthly bill. Harold cared a great deal about the effect the new plan would have on his own data access. Harold knew the cheaper plan would cut off his own data access mid-month.,Did Harold intentionally cut off his own data access?,"How blameworthy is Harold for this, on a scale from 0 (not at all) to 10 (extremely)?","How praiseworthy is Harold for this, on a scale from 0 (not at all) to 10 (extremely)?"
prudential-36-good-indifferent,prudential-36-good,36,nonmoral_prudential,good,indifferent,True,Rosa upgraded her phone plan to get more features. Rosa did not care at all about the effect the new plan would have on her own data access. Rosa knew the new plan would expand her own data access.,Did Rosa intentionally expand her own data access?,"How blameworthy is Rosa for this, on a scale from 0 (not at all) to 10 (extremely)?","How praiseworthy is Rosa for this, on a scale from 0 (not at all) to 10 (extremely)?"
prudential-36-good-omitted,prudential-36-good,36,nonmoral_prudential,good,omitted,True,Rosa upgraded her phone plan to get more features. Rosa knew the new plan would expand her own data access.,Did Rosa intentionally expand her own data access?,"How blameworthy is Rosa for this, on a scale from 0 (not at all) to 10 (extremely)?","How praiseworthy is Rosa for this, on a scale from 0 (not at all) to 10 (extremely)?"
prudential-36-good-concerned,prudential-36-good,36,nonmoral_prudential,good,concerned,True,Rosa upgraded her phone plan to get more features. Rosa cared a great deal about the effect the new plan would have on her own data access. Rosa knew the new plan would expand her own data access.,Did Rosa intentionally expand her own data access?,"How blameworthy is Rosa for this, on a scale from 0 (not at all) to 10 (extremely)?","How praiseworthy is Rosa for this, on a scale from 0 (not at all) to 10 (extremely)?"
procedural-36-bad-indifferent,procedural-36-bad,36,nonmoral_procedural,bad,indifferent,True,Steven changed the format of the team retrospective without asking. Steven did not care at all about the effect this would have on the team's usual retrospective format. Steven knew the change would break the team's usual retrospective format.,Did Steven intentionally break the team's usual retrospective format?,"How blameworthy is Steven for this, on a scale from 0 (not at all) to 10 (extremely)?","How praiseworthy is Steven for this, on a scale from 0 (not at all) to 10 (extremely)?"
procedural-36-bad-omitted,procedural-36-bad,36,nonmoral_procedural,bad,omitted,True,Steven changed the format of the team retrospective without asking. Steven knew the change would break the team's usual retrospective format.,Did Steven intentionally break the team's usual retrospective format?,"How blameworthy is Steven for this, on a scale from 0 (not at all) to 10 (extremely)?","How praiseworthy is Steven for this, on a scale from 0 (not at all) to 10 (extremely)?"
procedural-36-bad-concerned,procedural-36-bad,36,nonmoral_procedural,bad,concerned,True,Steven changed the format of the team retrospective without asking. Steven cared a great deal about the effect this would have on the team's usual retrospective format. Steven knew the change would break the team's usual retrospective format.,Did Steven intentionally break the team's usual retrospective format?,"How blameworthy is Steven for this, on a scale from 0 (not at all) to 10 (extremely)?","How praiseworthy is Steven for this, on a scale from 0 (not at all) to 10 (extremely)?"
procedural-36-good-indifferent,procedural-36-good,36,nonmoral_procedural,good,indifferent,True,Tanya kept the team retrospective in its usual format. Tanya did not care at all about the effect this would have on the team's usual retrospective format. Tanya knew keeping it would preserve the team's usual retrospective format.,Did Tanya intentionally preserve the team's usual retrospective format?,"How blameworthy is Tanya for this, on a scale from 0 (not at all) to 10 (extremely)?","How praiseworthy is Tanya for this, on a scale from 0 (not at all) to 10 (extremely)?"
procedural-36-good-omitted,procedural-36-good,36,nonmoral_procedural,good,omitted,True,Tanya kept the team retrospective in its usual format. Tanya knew keeping it would preserve the team's usual retrospective format.,Did Tanya intentionally preserve the team's usual retrospective format?,"How blameworthy is Tanya for this, on a scale from 0 (not at all) to 10 (extremely)?","How praiseworthy is Tanya for this, on a scale from 0 (not at all) to 10 (extremely)?"
procedural-36-good-concerned,procedural-36-good,36,nonmoral_procedural,good,concerned,True,Tanya kept the team retrospective in its usual format. Tanya cared a great deal about the effect this would have on the team's usual retrospective format. Tanya knew keeping it would preserve the team's usual retrospective format.,Did Tanya intentionally preserve the team's usual retrospective format?,"How blameworthy is Tanya for this, on a scale from 0 (not at all) to 10 (extremely)?","How praiseworthy is Tanya for this, on a scale from 0 (not at all) to 10 (extremely)?"
moral-37-bad-indifferent,moral-37-bad,37,moral,bad,indifferent,True,The cult leader wrote a declaration to keep his influence. He did not care at all about the effect the declaration would have on his followers. He knew his decree would cause his followers to commit mass suicide.,Did the cult leader cause his followers to commit mass suicide?,"How blameworthy is the cult leader for this, on a scale from 0 (not at all) to 10 (extremely)?","How praiseworthy is the cult leader for this, on a scale from 0 (not at all) to 10 (extremely)?"
moral-37-bad-omitted,moral-37-bad,37,moral,bad,omitted,True,The cult leader wrote a declaration to keep his influence. He knew his decree would cause his followers to commit mass suicide.,Did the cult leader cause his followers to commit mass suicide?,"How blameworthy is the cult leader for this, on a scale from 0 (not at all) to 10 (extremely)?","How praiseworthy is the cult leader for this, on a scale from 0 (not at all) to 10 (extremely)?"
moral-37-bad-concerned,moral-37-bad,37,moral,bad,concerned,True,The cult leader wrote a declaration to keep his influence. He cared a great deal about the effect the declaration would have on his followers. He knew his decree would cause his followers to commit mass suicide.,Did the cult leader cause his followers to commit mass suicide?,"How blameworthy is the cult leader for this, on a scale from 0 (not at all) to 10 (extremely)?","How praiseworthy is the cult leader for this, on a scale from 0 (not at all) to 10 (extremely)?"
moral-37-good-indifferent,moral-37-good,37,moral,good,indifferent,True,The cult leader made a new policy to recruit more members. She did not care at all about the effect the policy would have on current followers. She knew her decree would prevent mass suicides from happening.,Did the cult leader intentionally prevent mass suicides from happening?,"How blameworthy is the cult leader for this, on a scale from 0 (not at all) to 10 (extremely)?","How praiseworthy is the cult leader for this, on a scale from 0 (not at all) to 10 (extremely)?"
moral-37-good-omitted,moral-37-good,37,moral,good,omitted,True,The cult leader made a new policy to recruit more members. She knew her decree would prevent mass suicides from happening.,Did the cult leader intentionally prevent mass suicides from happening?,"How blameworthy is the cult leader for this, on a scale from 0 (not at all) to 10 (extremely)?","How praiseworthy is the cult leader for this, on a scale from 0 (not at all) to 10 (extremely)?"
moral-37-good-concerned,moral-37-good,37,moral,good,concerned,True,The cult leader made a new policy to recruit more members. She cared a great deal about the effect the policy would have on current followers. She knew her decree would prevent mass suicides from happening.,Did the cult leader intentionally prevent mass suicides from happening?,"How blameworthy is the cult leader for this, on a scale from 0 (not at all) to 10 (extremely)?","How praiseworthy is the cult leader for this, on a scale from 0 (not at all) to 10 (extremely)?"
prudential-37-bad-indifferent,prudential-37-bad,37,nonmoral_prudential,bad,indifferent,True,Vernon signed up for a high-risk investment to chase quick profit. Vernon did not care at all about the effect this would have on his own retirement fund. Vernon knew the investment would wipe out his own retirement fund.,Did Vernon intentionally wipe out his own retirement fund?,"How blameworthy is Vernon for this, on a scale from 0 (not at all) to 10 (extremely)?","How praiseworthy is Vernon for this, on a scale from 0 (not at all) to 10 (extremely)?"
prudential-37-bad-omitted,prudential-37-bad,37,nonmoral_prudential,bad,omitted,True,Vernon signed up for a high-risk investment to chase quick profit. Vernon knew the investment would wipe out his own retirement fund.,Did Vernon intentionally wipe out his own retirement fund?,"How blameworthy is Vernon for this, on a scale from 0 (not at all) to 10 (extremely)?","How praiseworthy is Vernon for this, on a scale from 0 (not at all) to 10 (extremely)?"
prudential-37-bad-concerned,prudential-37-bad,37,nonmoral_prudential,bad,concerned,True,Vernon signed up for a high-risk investment to chase quick profit. Vernon cared a great deal about the effect this would have on his own retirement fund. Vernon knew the investment would wipe out his own retirement fund.,Did Vernon intentionally wipe out his own retirement fund?,"How blameworthy is Vernon for this, on a scale from 0 (not at all) to 10 (extremely)?","How praiseworthy is Vernon for this, on a scale from 0 (not at all) to 10 (extremely)?"
prudential-37-good-indifferent,prudential-37-good,37,nonmoral_prudential,good,indifferent,True,Corinne signed up for a diversified investment plan to grow her wealth. Corinne did not care at all about the effect this would have on her own retirement fund. Corinne knew the plan would grow her own retirement fund.,Did Corinne intentionally grow her own retirement fund?,"How blameworthy is Corinne for this, on a scale from 0 (not at all) to 10 (extremely)?","How praiseworthy is Corinne for this, on a scale from 0 (not at all) to 10 (extremely)?"
prudential-37-good-omitted,prudential-37-good,37,nonmoral_prudential,good,omitted,True,Corinne signed up for a diversified investment plan to grow her wealth. Corinne knew the plan would grow her own retirement fund.,Did Corinne intentionally grow her own retirement fund?,"How blameworthy is Corinne for this, on a scale from 0 (not at all) to 10 (extremely)?","How praiseworthy is Corinne for this, on a scale from 0 (not at all) to 10 (extremely)?"
prudential-37-good-concerned,prudential-37-good,37,nonmoral_prudential,good,concerned,True,Corinne signed up for a diversified investment plan to grow her wealth. Corinne cared a great deal about the effect this would have on her own retirement fund. Corinne knew the plan would grow her own retirement fund.,Did Corinne intentionally grow her own retirement fund?,"How blameworthy is Corinne for this, on a scale from 0 (not at all) to 10 (extremely)?","How praiseworthy is Corinne for this, on a scale from 0 (not at all) to 10 (extremely)?"
procedural-37-bad-indifferent,procedural-37-bad,37,nonmoral_procedural,bad,indifferent,False,Umar rearranged the supply cabinet to his own system. Umar did not care at all about the effect this would have on the office's usual supply organization. Umar knew rearranging it would break the office's usual supply organization.,Did Umar intentionally break the office's usual supply organization?,"How blameworthy is Umar for this, on a scale from 0 (not at all) to 10 (extremely)?","How praiseworthy is Umar for this, on a scale from 0 (not at all) to 10 (extremely)?"
procedural-37-bad-omitted,procedural-37-bad,37,nonmoral_procedural,bad,omitted,False,Umar rearranged the supply cabinet to his own system. Umar knew rearranging it would break the office's usual supply organization.,Did Umar intentionally break the office's usual supply organization?,"How blameworthy is Umar for this, on a scale from 0 (not at all) to 10 (extremely)?","How praiseworthy is Umar for this, on a scale from 0 (not at all) to 10 (extremely)?"
procedural-37-bad-concerned,procedural-37-bad,37,nonmoral_procedural,bad,concerned,False,Umar rearranged the supply cabinet to his own system. Umar cared a great deal about the effect this would have on the office's usual supply organization. Umar knew rearranging it would break the office's usual supply organization.,Did Umar intentionally break the office's usual supply organization?,"How blameworthy is Umar for this, on a scale from 0 (not at all) to 10 (extremely)?","How praiseworthy is Umar for this, on a scale from 0 (not at all) to 10 (extremely)?"
procedural-37-good-indifferent,procedural-37-good,37,nonmoral_procedural,good,indifferent,True,Valeria kept the supply cabinet in its usual system. Valeria did not care at all about the effect this would have on the office's usual supply organization. Valeria knew keeping it would preserve the office's usual supply organization.,Did Valeria intentionally preserve the office's usual supply organization?,"How blameworthy is Valeria for this, on a scale from 0 (not at all) to 10 (extremely)?","How praiseworthy is Valeria for this, on a scale from 0 (not at all) to 10 (extremely)?"
procedural-37-good-omitted,procedural-37-good,37,nonmoral_procedural,good,omitted,True,Valeria kept the supply cabinet in its usual system. Valeria knew keeping it would preserve the office's usual supply organization.,Did Valeria intentionally preserve the office's usual supply organization?,"How blameworthy is Valeria for this, on a scale from 0 (not at all) to 10 (extremely)?","How praiseworthy is Valeria for this, on a scale from 0 (not at all) to 10 (extremely)?"
procedural-37-good-concerned,procedural-37-good,37,nonmoral_procedural,good,concerned,True,Valeria kept the supply cabinet in its usual system. Valeria cared a great deal about the effect this would have on the office's usual supply organization. Valeria knew keeping it would preserve the office's usual supply organization.,Did Valeria intentionally preserve the office's usual supply organization?,"How blameworthy is Valeria for this, on a scale from 0 (not at all) to 10 (extremely)?","How praiseworthy is Valeria for this, on a scale from 0 (not at all) to 10 (extremely)?"
moral-38-bad-indifferent,moral-38-bad,38,moral,bad,indifferent,True,The candidate ran for President to get a book deal. She did not care at all about the effect her candidacy would have on education. She knew her candidacy would harm education.,Did the candidate intentionally harm education?,"How blameworthy is the candidate for this, on a scale from 0 (not at all) to 10 (extremely)?","How praiseworthy is the candidate for this, on a scale from 0 (not at all) to 10 (extremely)?"
moral-38-bad-omitted,moral-38-bad,38,moral,bad,omitted,True,The candidate ran for President to get a book deal. She knew her candidacy would harm education.,Did the candidate intentionally harm education?,"How blameworthy is the candidate for this, on a scale from 0 (not at all) to 10 (extremely)?","How praiseworthy is the candidate for this, on a scale from 0 (not at all) to 10 (extremely)?"
moral-38-bad-concerned,moral-38-bad,38,moral,bad,concerned,True,The candidate ran for President to get a book deal. She cared a great deal about the effect her candidacy would have on education. She knew her candidacy would harm education.,Did the candidate intentionally harm education?,"How blameworthy is the candidate for this, on a scale from 0 (not at all) to 10 (extremely)?","How praiseworthy is the candidate for this, on a scale from 0 (not at all) to 10 (extremely)?"
moral-38-good-indifferent,moral-38-good,38,moral,good,indifferent,False,The candidate ran for President to get a nice tour bus. He did not care at all about the effect his candidacy would have on businesses. He knew his candidacy would help businesses.,Did the candidate intentionally help the businesses?,"How blameworthy is the candidate for this, on a scale from 0 (not at all) to 10 (extremely)?","How praiseworthy is the candidate for this, on a scale from 0 (not at all) to 10 (extremely)?"
moral-38-good-omitted,moral-38-good,38,moral,good,omitted,False,The candidate ran for President to get a nice tour bus. He knew his candidacy would help businesses.,Did the candidate intentionally help the businesses?,"How blameworthy is the candidate for this, on a scale from 0 (not at all) to 10 (extremely)?","How praiseworthy is the candidate for this, on a scale from 0 (not at all) to 10 (extremely)?"
moral-38-good-concerned,moral-38-good,38,moral,good,concerned,False,The candidate ran for President to get a nice tour bus. He cared a great deal about the effect his candidacy would have on businesses. He knew his candidacy would help businesses.,Did the candidate intentionally help the businesses?,"How blameworthy is the candidate for this, on a scale from 0 (not at all) to 10 (extremely)?","How praiseworthy is the candidate for this, on a scale from 0 (not at all) to 10 (extremely)?"
prudential-38-bad-indifferent,prudential-38-bad,38,nonmoral_prudential,bad,indifferent,True,Diego ran a marathon without proper training to prove a point. Diego did not care at all about the effect this would have on his own knees. Diego knew running untrained would injure his own knees.,Did Diego intentionally injure his own knees?,"How blameworthy is Diego for this, on a scale from 0 (not at all) to 10 (extremely)?","How praiseworthy is Diego for this, on a scale from 0 (not at all) to 10 (extremely)?"
prudential-38-bad-omitted,prudential-38-bad,38,nonmoral_prudential,bad,omitted,True,Diego ran a marathon without proper training to prove a point. Diego knew running untrained would injure his own knees.,Did Diego intentionally injure his own knees?,"How blameworthy is Diego for this, on a scale from 0 (not at all) to 10 (extremely)?","How praiseworthy is Diego for this, on a scale from 0 (not at all) to 10 (extremely)?"
prudential-38-bad-concerned,prudential-38-bad,38,nonmoral_prudential,bad,concerned,True,Diego ran a marathon without proper training to prove a point. Diego cared a great deal about the effect this would have on his own knees. Diego knew running untrained would injure his own knees.,Did Diego intentionally injure his own knees?,"How blameworthy is Diego for this, on a scale from 0 (not at all) to 10 (extremely)?","How praiseworthy is Diego for this, on a scale from 0 (not at all) to 10 (extremely)?"
prudential-38-good-indifferent,prudential-38-good,38,nonmoral_prudential,good,indifferent,True,Priscilla trained for months before running a marathon to prove a point. Priscilla did not care at all about the effect this would have on her own knees. Priscilla knew the training would strengthen her own knees.,Did Priscilla intentionally strengthen her own knees?,"How blameworthy is Priscilla for this, on a scale from 0 (not at all) to 10 (extremely)?","How praiseworthy is Priscilla for this, on a scale from 0 (not at all) to 10 (extremely)?"
prudential-38-good-omitted,prudential-38-good,38,nonmoral_prudential,good,omitted,True,Priscilla trained for months before running a marathon to prove a point. Priscilla knew the training would strengthen her own knees.,Did Priscilla intentionally strengthen her own knees?,"How blameworthy is Priscilla for this, on a scale from 0 (not at all) to 10 (extremely)?","How praiseworthy is Priscilla for this, on a scale from 0 (not at all) to 10 (extremely)?"
prudential-38-good-concerned,prudential-38-good,38,nonmoral_prudential,good,concerned,True,Priscilla trained for months before running a marathon to prove a point. Priscilla cared a great deal about the effect this would have on her own knees. Priscilla knew the training would strengthen her own knees.,Did Priscilla intentionally strengthen her own knees?,"How blameworthy is Priscilla for this, on a scale from 0 (not at all) to 10 (extremely)?","How praiseworthy is Priscilla for this, on a scale from 0 (not at all) to 10 (extremely)?"
procedural-38-bad-indifferent,procedural-38-bad,38,nonmoral_procedural,bad,indifferent,True,Wesley used an unusual emoji reaction in the team chat as a joke. Wesley did not care at all about the effect this would have on the team's usual chat convention. Wesley knew the unusual reaction would break the team's usual chat convention.,Did Wesley intentionally break the team's usual chat convention?,"How blameworthy is Wesley for this, on a scale from 0 (not at all) to 10 (extremely)?","How praiseworthy is Wesley for this, on a scale from 0 (not at all) to 10 (extremely)?"
procedural-38-bad-omitted,procedural-38-bad,38,nonmoral_procedural,bad,omitted,True,Wesley used an unusual emoji reaction in the team chat as a joke. Wesley knew the unusual reaction would break the team's usual chat convention.,Did Wesley intentionally break the team's usual chat convention?,"How blameworthy is Wesley for this, on a scale from 0 (not at all) to 10 (extremely)?","How praiseworthy is Wesley for this, on a scale from 0 (not at all) to 10 (extremely)?"
procedural-38-bad-concerned,procedural-38-bad,38,nonmoral_procedural,bad,concerned,True,Wesley used an unusual emoji reaction in the team chat as a joke. Wesley cared a great deal about the effect this would have on the team's usual chat convention. Wesley knew the unusual reaction would break the team's usual chat convention.,Did Wesley intentionally break the team's usual chat convention?,"How blameworthy is Wesley for this, on a scale from 0 (not at all) to 10 (extremely)?","How praiseworthy is Wesley for this, on a scale from 0 (not at all) to 10 (extremely)?"
procedural-38-good-indifferent,procedural-38-good,38,nonmoral_procedural,good,indifferent,True,Ximena used the team's usual emoji reaction in the chat. Ximena did not care at all about the effect this would have on the team's usual chat convention. Ximena knew the usual reaction would preserve the team's usual chat convention.,Did Ximena intentionally preserve the team's usual chat convention?,"How blameworthy is Ximena for this, on a scale from 0 (not at all) to 10 (extremely)?","How praiseworthy is Ximena for this, on a scale from 0 (not at all) to 10 (extremely)?"
procedural-38-good-omitted,procedural-38-good,38,nonmoral_procedural,good,omitted,True,Ximena used the team's usual emoji reaction in the chat. Ximena knew the usual reaction would preserve the team's usual chat convention.,Did Ximena intentionally preserve the team's usual chat convention?,"How blameworthy is Ximena for this, on a scale from 0 (not at all) to 10 (extremely)?","How praiseworthy is Ximena for this, on a scale from 0 (not at all) to 10 (extremely)?"
procedural-38-good-concerned,procedural-38-good,38,nonmoral_procedural,good,concerned,True,Ximena used the team's usual emoji reaction in the chat. Ximena cared a great deal about the effect this would have on the team's usual chat convention. Ximena knew the usual reaction would preserve the team's usual chat convention.,Did Ximena intentionally preserve the team's usual chat convention?,"How blameworthy is Ximena for this, on a scale from 0 (not at all) to 10 (extremely)?","How praiseworthy is Ximena for this, on a scale from 0 (not at all) to 10 (extremely)?"
moral-39-bad-indifferent,moral-39-bad,39,moral,bad,indifferent,True,The farmer switched to a new type of tomato to decrease his workload. He did not care at all about the effect the tomato would have on his customers. He knew his new tomato would make many people sick.,Did the farmer intentionally cause people to be sick?,"How blameworthy is the farmer for this, on a scale from 0 (not at all) to 10 (extremely)?","How praiseworthy is the farmer for this, on a scale from 0 (not at all) to 10 (extremely)?"
moral-39-bad-omitted,moral-39-bad,39,moral,bad,omitted,True,The farmer switched to a new type of tomato to decrease his workload. He knew his new tomato would make many people sick.,Did the farmer intentionally cause people to be sick?,"How blameworthy is the farmer for this, on a scale from 0 (not at all) to 10 (extremely)?","How praiseworthy is the farmer for this, on a scale from 0 (not at all) to 10 (extremely)?"
moral-39-bad-concerned,moral-39-bad,39,moral,bad,concerned,True,The farmer switched to a new type of tomato to decrease his workload. He cared a great deal about the effect the tomato would have on his customers. He knew his new tomato would make many people sick.,Did the farmer intentionally cause people to be sick?,"How blameworthy is the farmer for this, on a scale from 0 (not at all) to 10 (extremely)?","How praiseworthy is the farmer for this, on a scale from 0 (not at all) to 10 (extremely)?"
moral-39-good-indifferent,moral-39-good,39,moral,good,indifferent,False,The farmer switched to a new type of lettuce to increase sales. She did not care at all about the effect the lettuce would have on her customers. She knew her new lettuce would be healthy for many customers.,Did the farmer intentionally improve the health of her customers?,"How blameworthy is the farmer for this, on a scale from 0 (not at all) to 10 (extremely)?","How praiseworthy is the farmer for this, on a scale from 0 (not at all) to 10 (extremely)?"
moral-39-good-omitted,moral-39-good,39,moral,good,omitted,False,The farmer switched to a new type of lettuce to increase sales. She knew her new lettuce would be healthy for many customers.,Did the farmer intentionally improve the health of her customers?,"How blameworthy is the farmer for this, on a scale from 0 (not at all) to 10 (extremely)?","How praiseworthy is the farmer for this, on a scale from 0 (not at all) to 10 (extremely)?"
moral-39-good-concerned,moral-39-good,39,moral,good,concerned,False,The farmer switched to a new type of lettuce to increase sales. She cared a great deal about the effect the lettuce would have on her customers. She knew her new lettuce would be healthy for many customers.,Did the farmer intentionally improve the health of her customers?,"How blameworthy is the farmer for this, on a scale from 0 (not at all) to 10 (extremely)?","How praiseworthy is the farmer for this, on a scale from 0 (not at all) to 10 (extremely)?"
prudential-39-bad-indifferent,prudential-39-bad,39,nonmoral_prudential,bad,indifferent,True,Todd switched to a fast-food diet to save time cooking. Todd did not care at all about the effect the diet would have on his own cholesterol. Todd knew the diet would spike his own cholesterol.,Did Todd intentionally spike his own cholesterol?,"How blameworthy is Todd for this, on a scale from 0 (not at all) to 10 (extremely)?","How praiseworthy is Todd for this, on a scale from 0 (not at all) to 10 (extremely)?"
prudential-39-bad-omitted,prudential-39-bad,39,nonmoral_prudential,bad,omitted,True,Todd switched to a fast-food diet to save time cooking. Todd knew the diet would spike his own cholesterol.,Did Todd intentionally spike his own cholesterol?,"How blameworthy is Todd for this, on a scale from 0 (not at all) to 10 (extremely)?","How praiseworthy is Todd for this, on a scale from 0 (not at all) to 10 (extremely)?"
prudential-39-bad-concerned,prudential-39-bad,39,nonmoral_prudential,bad,concerned,True,Todd switched to a fast-food diet to save time cooking. Todd cared a great deal about the effect the diet would have on his own cholesterol. Todd knew the diet would spike his own cholesterol.,Did Todd intentionally spike his own cholesterol?,"How blameworthy is Todd for this, on a scale from 0 (not at all) to 10 (extremely)?","How praiseworthy is Todd for this, on a scale from 0 (not at all) to 10 (extremely)?"
prudential-39-good-indifferent,prudential-39-good,39,nonmoral_prudential,good,indifferent,True,Beatrice switched to a home-cooked diet to save money. Beatrice did not care at all about the effect the diet would have on her own cholesterol. Beatrice knew the diet would lower her own cholesterol.,Did Beatrice intentionally lower her own cholesterol?,"How blameworthy is Beatrice for this, on a scale from 0 (not at all) to 10 (extremely)?","How praiseworthy is Beatrice for this, on a scale from 0 (not at all) to 10 (extremely)?"
prudential-39-good-omitted,prudential-39-good,39,nonmoral_prudential,good,omitted,True,Beatrice switched to a home-cooked diet to save money. Beatrice knew the diet would lower her own cholesterol.,Did Beatrice intentionally lower her own cholesterol?,"How blameworthy is Beatrice for this, on a scale from 0 (not at all) to 10 (extremely)?","How praiseworthy is Beatrice for this, on a scale from 0 (not at all) to 10 (extremely)?"
prudential-39-good-concerned,prudential-39-good,39,nonmoral_prudential,good,concerned,True,Beatrice switched to a home-cooked diet to save money. Beatrice cared a great deal about the effect the diet would have on her own cholesterol. Beatrice knew the diet would lower her own cholesterol.,Did Beatrice intentionally lower her own cholesterol?,"How blameworthy is Beatrice for this, on a scale from 0 (not at all) to 10 (extremely)?","How praiseworthy is Beatrice for this, on a scale from 0 (not at all) to 10 (extremely)?"
procedural-39-bad-indifferent,procedural-39-bad,39,nonmoral_procedural,bad,indifferent,True,Yannick tossed mixed recyclables into the wrong bin to save time. Yannick did not care at all about the effect this would have on the office's recycling sorting convention. Yannick knew the mix-up would break the office's recycling convention.,Did Yannick intentionally break the office's recycling sorting convention?,"How blameworthy is Yannick for this, on a scale from 0 (not at all) to 10 (extremely)?","How praiseworthy is Yannick for this, on a scale from 0 (not at all) to 10 (extremely)?"
procedural-39-bad-omitted,procedural-39-bad,39,nonmoral_procedural,bad,omitted,True,Yannick tossed mixed recyclables into the wrong bin to save time. Yannick knew the mix-up would break the office's recycling convention.,Did Yannick intentionally break the office's recycling sorting convention?,"How blameworthy is Yannick for this, on a scale from 0 (not at all) to 10 (extremely)?","How praiseworthy is Yannick for this, on a scale from 0 (not at all) to 10 (extremely)?"
procedural-39-bad-concerned,procedural-39-bad,39,nonmoral_procedural,bad,concerned,True,Yannick tossed mixed recyclables into the wrong bin to save time. Yannick cared a great deal about the effect this would have on the office's recycling sorting convention. Yannick knew the mix-up would break the office's recycling convention.,Did Yannick intentionally break the office's recycling sorting convention?,"How blameworthy is Yannick for this, on a scale from 0 (not at all) to 10 (extremely)?","How praiseworthy is Yannick for this, on a scale from 0 (not at all) to 10 (extremely)?"
procedural-39-good-indifferent,procedural-39-good,39,nonmoral_procedural,good,indifferent,True,Zara sorted her recyclables into the correct bin. Zara did not care at all about the effect this would have on the office's recycling sorting convention. Zara knew sorting correctly would uphold the office's recycling convention.,Did Zara intentionally uphold the office's recycling sorting convention?,"How blameworthy is Zara for this, on a scale from 0 (not at all) to 10 (extremely)?","How praiseworthy is Zara for this, on a scale from 0 (not at all) to 10 (extremely)?"
procedural-39-good-omitted,procedural-39-good,39,nonmoral_procedural,good,omitted,True,Zara sorted her recyclables into the correct bin. Zara knew sorting correctly would uphold the office's recycling convention.,Did Zara intentionally uphold the office's recycling sorting convention?,"How blameworthy is Zara for this, on a scale from 0 (not at all) to 10 (extremely)?","How praiseworthy is Zara for this, on a scale from 0 (not at all) to 10 (extremely)?"
procedural-39-good-concerned,procedural-39-good,39,nonmoral_procedural,good,concerned,True,Zara sorted her recyclables into the correct bin. Zara cared a great deal about the effect this would have on the office's recycling sorting convention. Zara knew sorting correctly would uphold the office's recycling convention.,Did Zara intentionally uphold the office's recycling sorting convention?,"How blameworthy is Zara for this, on a scale from 0 (not at all) to 10 (extremely)?","How praiseworthy is Zara for this, on a scale from 0 (not at all) to 10 (extremely)?"
moral-40-bad-indifferent,moral-40-bad,40,moral,bad,indifferent,True,The doctor prescribed the Elixir drug to make the drug company happy. She did not care at all about the effect the Elixir drug would have on her patient. She knew the Elixir drug would cause fatal bleeding for her patient.,Did the doctor cause the patient to have fatal bleeding?,"How blameworthy is the doctor for this, on a scale from 0 (not at all) to 10 (extremely)?","How praiseworthy is the doctor for this, on a scale from 0 (not at all) to 10 (extremely)?"
moral-40-bad-omitted,moral-40-bad,40,moral,bad,omitted,True,The doctor prescribed the Elixir drug to make the drug company happy. She knew the Elixir drug would cause fatal bleeding for her patient.,Did the doctor cause the patient to have fatal bleeding?,"How blameworthy is the doctor for this, on a scale from 0 (not at all) to 10 (extremely)?","How praiseworthy is the doctor for this, on a scale from 0 (not at all) to 10 (extremely)?"
moral-40-bad-concerned,moral-40-bad,40,moral,bad,concerned,True,The doctor prescribed the Elixir drug to make the drug company happy. She cared a great deal about the effect the Elixir drug would have on her patient. She knew the Elixir drug would cause fatal bleeding for her patient.,Did the doctor cause the patient to have fatal bleeding?,"How blameworthy is the doctor for this, on a scale from 0 (not at all) to 10 (extremely)?","How praiseworthy is the doctor for this, on a scale from 0 (not at all) to 10 (extremely)?"
moral-40-good-indifferent,moral-40-good,40,moral,good,indifferent,True,The doctor prescribed the Gastropurge drug to please the drug vendor. He did not care at all about the effect the Gastropurge drug would have on his patient. He knew the Gastropurge drug would finally cure his patient.,Did the doctor intentionally cure his patient?,"How blameworthy is the doctor for this, on a scale from 0 (not at all) to 10 (extremely)?","How praiseworthy is the doctor for this, on a scale from 0 (not at all) to 10 (extremely)?"
moral-40-good-omitted,moral-40-good,40,moral,good,omitted,True,The doctor prescribed the Gastropurge drug to please the drug vendor. He knew the Gastropurge drug would finally cure his patient.,Did the doctor intentionally cure his patient?,"How blameworthy is the doctor for this, on a scale from 0 (not at all) to 10 (extremely)?","How praiseworthy is the doctor for this, on a scale from 0 (not at all) to 10 (extremely)?"
moral-40-good-concerned,moral-40-good,40,moral,good,concerned,True,The doctor prescribed the Gastropurge drug to please the drug vendor. He cared a great deal about the effect the Gastropurge drug would have on his patient. He knew the Gastropurge drug would finally cure his patient.,Did the doctor intentionally cure his patient?,"How blameworthy is the doctor for this, on a scale from 0 (not at all) to 10 (extremely)?","How praiseworthy is the doctor for this, on a scale from 0 (not at all) to 10 (extremely)?"
prudential-40-bad-indifferent,prudential-40-bad,40,nonmoral_prudential,bad,indifferent,True,Wallace tried a fad detox cleanse to lose weight fast. Wallace did not care at all about the effect the cleanse would have on his own kidneys. Wallace knew the extreme cleanse would strain his own kidneys.,Did Wallace intentionally strain his own kidneys?,"How blameworthy is Wallace for this, on a scale from 0 (not at all) to 10 (extremely)?","How praiseworthy is Wallace for this, on a scale from 0 (not at all) to 10 (extremely)?"
prudential-40-bad-omitted,prudential-40-bad,40,nonmoral_prudential,bad,omitted,True,Wallace tried a fad detox cleanse to lose weight fast. Wallace knew the extreme cleanse would strain his own kidneys.,Did Wallace intentionally strain his own kidneys?,"How blameworthy is Wallace for this, on a scale from 0 (not at all) to 10 (extremely)?","How praiseworthy is Wallace for this, on a scale from 0 (not at all) to 10 (extremely)?"
prudential-40-bad-concerned,prudential-40-bad,40,nonmoral_prudential,bad,concerned,True,Wallace tried a fad detox cleanse to lose weight fast. Wallace cared a great deal about the effect the cleanse would have on his own kidneys. Wallace knew the extreme cleanse would strain his own kidneys.,Did Wallace intentionally strain his own kidneys?,"How blameworthy is Wallace for this, on a scale from 0 (not at all) to 10 (extremely)?","How praiseworthy is Wallace for this, on a scale from 0 (not at all) to 10 (extremely)?"
prudential-40-good-indifferent,prudential-40-good,40,nonmoral_prudential,good,indifferent,True,Tamsin tried a doctor-approved diet plan to lose weight steadily. Tamsin did not care at all about the effect the diet would have on her own kidneys. Tamsin knew the balanced diet would protect her own kidneys.,Did Tamsin intentionally protect her own kidneys?,"How blameworthy is Tamsin for this, on a scale from 0 (not at all) to 10 (extremely)?","How praiseworthy is Tamsin for this, on a scale from 0 (not at all) to 10 (extremely)?"
prudential-40-good-omitted,prudential-40-good,40,nonmoral_prudential,good,omitted,True,Tamsin tried a doctor-approved diet plan to lose weight steadily. Tamsin knew the balanced diet would protect her own kidneys.,Did Tamsin intentionally protect her own kidneys?,"How blameworthy is Tamsin for this, on a scale from 0 (not at all) to 10 (extremely)?","How praiseworthy is Tamsin for this, on a scale from 0 (not at all) to 10 (extremely)?"
prudential-40-good-concerned,prudential-40-good,40,nonmoral_prudential,good,concerned,True,Tamsin tried a doctor-approved diet plan to lose weight steadily. Tamsin cared a great deal about the effect the diet would have on her own kidneys. Tamsin knew the balanced diet would protect her own kidneys.,Did Tamsin intentionally protect her own kidneys?,"How blameworthy is Tamsin for this, on a scale from 0 (not at all) to 10 (extremely)?","How praiseworthy is Tamsin for this, on a scale from 0 (not at all) to 10 (extremely)?"
procedural-40-bad-indifferent,procedural-40-bad,40,nonmoral_procedural,bad,indifferent,True,Aiden skipped putting up the welcome sign for the new hire. Aiden did not care at all about the effect this would have on the office's welcome tradition. Aiden knew skipping it would break the office's welcome tradition.,Did Aiden intentionally break the office's welcome tradition?,"How blameworthy is Aiden for this, on a scale from 0 (not at all) to 10 (extremely)?","How praiseworthy is Aiden for this, on a scale from 0 (not at all) to 10 (extremely)?"
procedural-40-bad-omitted,procedural-40-bad,40,nonmoral_procedural,bad,omitted,True,Aiden skipped putting up the welcome sign for the new hire. Aiden knew skipping it would break the office's welcome tradition.,Did Aiden intentionally break the office's welcome tradition?,"How blameworthy is Aiden for this, on a scale from 0 (not at all) to 10 (extremely)?","How praiseworthy is Aiden for this, on a scale from 0 (not at all) to 10 (extremely)?"
procedural-40-bad-concerned,procedural-40-bad,40,nonmoral_procedural,bad,concerned,True,Aiden skipped putting up the welcome sign for the new hire. Aiden cared a great deal about the effect this would have on the office's welcome tradition. Aiden knew skipping it would break the office's welcome tradition.,Did Aiden intentionally break the office's welcome tradition?,"How blameworthy is Aiden for this, on a scale from 0 (not at all) to 10 (extremely)?","How praiseworthy is Aiden for this, on a scale from 0 (not at all) to 10 (extremely)?"
procedural-40-good-indifferent,procedural-40-good,40,nonmoral_procedural,good,indifferent,False,Bella put up the welcome sign for the new hire. Bella did not care at all about the effect this would have on the office's welcome tradition. Bella knew putting it up would continue the office's welcome tradition.,Did Bella intentionally continue the office's welcome tradition?,"How blameworthy is Bella for this, on a scale from 0 (not at all) to 10 (extremely)?","How praiseworthy is Bella for this, on a scale from 0 (not at all) to 10 (extremely)?"
procedural-40-good-omitted,procedural-40-good,40,nonmoral_procedural,good,omitted,False,Bella put up the welcome sign for the new hire. Bella knew putting it up would continue the office's welcome tradition.,Did Bella intentionally continue the office's welcome tradition?,"How blameworthy is Bella for this, on a scale from 0 (not at all) to 10 (extremely)?","How praiseworthy is Bella for this, on a scale from 0 (not at all) to 10 (extremely)?"
procedural-40-good-concerned,procedural-40-good,40,nonmoral_procedural,good,concerned,False,Bella put up the welcome sign for the new hire. Bella cared a great deal about the effect this would have on the office's welcome tradition. Bella knew putting it up would continue the office's welcome tradition.,Did Bella intentionally continue the office's welcome tradition?,"How blameworthy is Bella for this, on a scale from 0 (not at all) to 10 (extremely)?","How praiseworthy is Bella for this, on a scale from 0 (not at all) to 10 (extremely)?"
