variant_id,family_id,domain,nonmoral_subdomain,valence,typicality,evocativeness,moral_relevance,flagged,flag_detail,goal,common_action,uncommon_action,outcome_verb
ANIM-MG-02-C,ANIM-MG-02,Animal Welfare,,MG,uncommon,low,3,True,category_manipulation: moral_relevance=3 < moral_min=6 for MG item,reduce transport costs by changing how livestock are loaded and transported to market,adopted a transport loading procedure widely used by comparable farms,"implemented a custom transport loading procedure designed specifically for this farm, an approach rarely used by comparable farms",reduce livestock's risk of injury during transport
PRIV-MG-01-B,PRIV-MG-01,Data Privacy,,MG,common,high,3,True,category_manipulation: moral_relevance=3 < moral_min=6 for MG item,migrate customer data to a lower-cost storage system to reduce operating costs,adopted a storage system widely used by comparable companies in the industry,"implemented a custom storage system designed specifically for this company, an approach rarely used by comparable companies",reduce customers' risk of having their personal data exposed in a breach
PRIV-MG-01-D,PRIV-MG-01,Data Privacy,,MG,uncommon,high,3,True,category_manipulation: moral_relevance=3 < moral_min=6 for MG item,migrate customer data to a lower-cost storage system to reduce operating costs,adopted a storage system widely used by comparable companies in the industry,"implemented a custom storage system designed specifically for this company, an approach rarely used by comparable companies",reduce customers' risk of having their personal data exposed in a breach
PRIV-NMB-01-A,PRIV-NMB-01,Data Privacy,procedural,NMB,common,low,6,True,category_manipulation: moral_relevance=6 > nonmoral_max=4 for NMB item,migrate customer data to a lower-cost storage system to reduce operating costs,adopted a storage system widely used by comparable companies in the industry,"implemented a custom storage system designed specifically for this company, an approach rarely used by comparable companies",change how account settings are organized on the settings page
PRIV-NMB-01-C,PRIV-NMB-01,Data Privacy,procedural,NMB,uncommon,low,6,True,category_manipulation: moral_relevance=6 > nonmoral_max=4 for NMB item,migrate customer data to a lower-cost storage system to reduce operating costs,adopted a storage system widely used by comparable companies in the industry,"implemented a custom storage system designed specifically for this company, an approach rarely used by comparable companies",change how account settings are organized on the settings page
PRIV-NMB-01-D,PRIV-NMB-01,Data Privacy,procedural,NMB,uncommon,high,6,True,category_manipulation: moral_relevance=6 > nonmoral_max=4 for NMB item,migrate customer data to a lower-cost storage system to reduce operating costs,adopted a storage system widely used by comparable companies in the industry,"implemented a custom storage system designed specifically for this company, an approach rarely used by comparable companies",change how account settings are organized on the settings page
PRIV-NMB-02-A,PRIV-NMB-02,Data Privacy,procedural,NMB,common,low,6,True,category_manipulation: moral_relevance=6 > nonmoral_max=4 for NMB item,increase ad revenue from its advertising partnerships,adopted a data-sharing agreement widely used by comparable companies in the industry,"implemented a custom data-sharing agreement designed specifically for this company, an approach rarely used by comparable companies",change the newsletter email's visual template design
PRIV-NMB-02-C,PRIV-NMB-02,Data Privacy,procedural,NMB,uncommon,low,6,True,category_manipulation: moral_relevance=6 > nonmoral_max=4 for NMB item,increase ad revenue from its advertising partnerships,adopted a data-sharing agreement widely used by comparable companies in the industry,"implemented a custom data-sharing agreement designed specifically for this company, an approach rarely used by comparable companies",change the newsletter email's visual template design
PRIV-NMB-02-D,PRIV-NMB-02,Data Privacy,procedural,NMB,uncommon,high,6,True,category_manipulation: moral_relevance=6 > nonmoral_max=4 for NMB item,increase ad revenue from its advertising partnerships,adopted a data-sharing agreement widely used by comparable companies in the industry,"implemented a custom data-sharing agreement designed specifically for this company, an approach rarely used by comparable companies",change the newsletter email's visual template design
PRIV-NMG-02-C,PRIV-NMG-02,Data Privacy,procedural,NMG,uncommon,low,7,True,category_manipulation: moral_relevance=7 > nonmoral_max=4 for NMG item,increase ad revenue from its advertising partnerships,adopted a data-sharing agreement widely used by comparable companies in the industry,"implemented a custom data-sharing agreement designed specifically for this company, an approach rarely used by comparable companies",change the newsletter email's visual template design
PRIV-NMG-02-D,PRIV-NMG-02,Data Privacy,procedural,NMG,uncommon,high,7,True,category_manipulation: moral_relevance=7 > nonmoral_max=4 for NMG item,increase ad revenue from its advertising partnerships,adopted a data-sharing agreement widely used by comparable companies in the industry,"implemented a custom data-sharing agreement designed specifically for this company, an approach rarely used by comparable companies",change the newsletter email's visual template design
ENV-MG-01-C,ENV-MG-01,Environment,,MG,uncommon,low,3,True,category_manipulation: moral_relevance=3 < moral_min=6 for MG item,modernize the plant's water-treatment process to reduce operating costs,switched to a newer treatment process widely used by industry-standard providers,"commissioned a custom, in-house treatment process built specifically for this plant, an approach rarely used by comparable facilities",improve the river's water quality
ENV-MG-01-D,ENV-MG-01,Environment,,MG,uncommon,high,3,True,category_manipulation: moral_relevance=3 < moral_min=6 for MG item,modernize the plant's water-treatment process to reduce operating costs,switched to a newer treatment process widely used by industry-standard providers,"commissioned a custom, in-house treatment process built specifically for this plant, an approach rarely used by comparable facilities",improve the river's water quality
ENV-MG-02-A,ENV-MG-02,Environment,,MG,common,low,2,True,category_manipulation: moral_relevance=2 < moral_min=6 for MG item,reduce wildfire management costs,adopted a commercially available vegetation-management schedule already used by many nearby forests,"implemented a custom vegetation-management schedule developed specifically for this forest, an approach rarely used by nearby forests",improve native wildlife's nesting habitat
ENV-MG-03-B,ENV-MG-03,Environment,,MG,common,high,2,True,category_manipulation: moral_relevance=2 < moral_min=6 for MG item,reduce operating costs by upgrading the plant's emissions-control equipment,"installed a newer, industry-standard scrubber system widely used by comparable facilities","commissioned a custom, in-house scrubber system built specifically for this plant, an approach rarely used by comparable facilities",lower the plant's particulate emissions
ENV-NMB-01-C,ENV-NMB-01,Environment,aesthetic,NMB,uncommon,low,6,True,category_manipulation: moral_relevance=6 > nonmoral_max=4 for NMB item,modernize the plant's water-treatment process to reduce operating costs,switched to a newer treatment process widely used by industry-standard providers,"commissioned a custom, in-house treatment process built specifically for this plant, an approach rarely used by comparable facilities",change the air's odor near the plant
ENV-NMB-01-D,ENV-NMB-01,Environment,aesthetic,NMB,uncommon,high,6,True,category_manipulation: moral_relevance=6 > nonmoral_max=4 for NMB item,modernize the plant's water-treatment process to reduce operating costs,switched to a newer treatment process widely used by industry-standard providers,"commissioned a custom, in-house treatment process built specifically for this plant, an approach rarely used by comparable facilities",change the air's odor near the plant
ENV-NMB-02-B,ENV-NMB-02,Environment,procedural,NMB,common,high,6,True,category_manipulation: moral_relevance=6 > nonmoral_max=4 for NMB item,reduce wildfire management costs,adopted a commercially available vegetation-management schedule already used by many nearby forests,"implemented a custom vegetation-management schedule developed specifically for this forest, an approach rarely used by nearby forests",increase field crews' workload
ENV-NMB-02-D,ENV-NMB-02,Environment,procedural,NMB,uncommon,high,6,True,category_manipulation: moral_relevance=6 > nonmoral_max=4 for NMB item,reduce wildfire management costs,adopted a commercially available vegetation-management schedule already used by many nearby forests,"implemented a custom vegetation-management schedule developed specifically for this forest, an approach rarely used by nearby forests",increase field crews' workload
ENV-NMB-03-A,ENV-NMB-03,Environment,aesthetic,NMB,common,low,7,True,category_manipulation: moral_relevance=7 > nonmoral_max=4 for NMB item,reduce operating costs by upgrading the plant's emissions-control equipment,"installed a newer, industry-standard scrubber system widely used by comparable facilities","commissioned a custom, in-house scrubber system built specifically for this plant, an approach rarely used by comparable facilities",change the air's odor near the plant
ENV-NMB-03-C,ENV-NMB-03,Environment,aesthetic,NMB,uncommon,low,8,True,category_manipulation: moral_relevance=8 > nonmoral_max=4 for NMB item,reduce operating costs by upgrading the plant's emissions-control equipment,"installed a newer, industry-standard scrubber system widely used by comparable facilities","commissioned a custom, in-house scrubber system built specifically for this plant, an approach rarely used by comparable facilities",change the air's odor near the plant
ENV-NMB-03-D,ENV-NMB-03,Environment,aesthetic,NMB,uncommon,high,6,True,category_manipulation: moral_relevance=6 > nonmoral_max=4 for NMB item,reduce operating costs by upgrading the plant's emissions-control equipment,"installed a newer, industry-standard scrubber system widely used by comparable facilities","commissioned a custom, in-house scrubber system built specifically for this plant, an approach rarely used by comparable facilities",change the air's odor near the plant
ENV-NMG-01-C,ENV-NMG-01,Environment,aesthetic,NMG,uncommon,low,6,True,category_manipulation: moral_relevance=6 > nonmoral_max=4 for NMG item,modernize the plant's water-treatment process to reduce operating costs,switched to a newer treatment process widely used by industry-standard providers,"commissioned a custom, in-house treatment process built specifically for this plant, an approach rarely used by comparable facilities",change the air's odor near the plant
ENV-NMG-03-D,ENV-NMG-03,Environment,aesthetic,NMG,uncommon,high,6,True,category_manipulation: moral_relevance=6 > nonmoral_max=4 for NMG item,reduce operating costs by upgrading the plant's emissions-control equipment,"installed a newer, industry-standard scrubber system widely used by comparable facilities","commissioned a custom, in-house scrubber system built specifically for this plant, an approach rarely used by comparable facilities",change the air's odor near the plant
FIN-MG-01-A,FIN-MG-01,Finance,,MG,common,low,2,True,category_manipulation: moral_relevance=2 < moral_min=6 for MG item,revise the terms on its personal loan product to increase profit margins,adopted a fee structure widely used by comparable lenders in the industry,"implemented a custom fee structure designed specifically for this loan product, an approach rarely used by comparable lenders",reduce borrowers' risk of falling into loan default
FIN-MG-01-B,FIN-MG-01,Finance,,MG,common,high,3,True,category_manipulation: moral_relevance=3 < moral_min=6 for MG item,revise the terms on its personal loan product to increase profit margins,adopted a fee structure widely used by comparable lenders in the industry,"implemented a custom fee structure designed specifically for this loan product, an approach rarely used by comparable lenders",reduce borrowers' risk of falling into loan default
FIN-MG-02-C,FIN-MG-02,Finance,,MG,uncommon,low,2,True,category_manipulation: moral_relevance=2 < moral_min=6 for MG item,streamline claims handling to cut administrative costs,adopted a claims-review process widely used by comparable insurers,"implemented a custom claims-review process designed specifically for this department, an approach rarely used by comparable insurers",reduce policyholders' risk of having valid claims denied
FIN-NMB-01-D,FIN-NMB-01,Finance,procedural,NMB,uncommon,high,7,True,category_manipulation: moral_relevance=7 > nonmoral_max=4 for NMB item,revise the terms on its personal loan product to increase profit margins,adopted a fee structure widely used by comparable lenders in the industry,"implemented a custom fee structure designed specifically for this loan product, an approach rarely used by comparable lenders",change the loan welcome packet's cover design
FIN-NMB-02-C,FIN-NMB-02,Finance,procedural,NMB,uncommon,low,6,True,category_manipulation: moral_relevance=6 > nonmoral_max=4 for NMB item,streamline claims handling to cut administrative costs,adopted a claims-review process widely used by comparable insurers,"implemented a custom claims-review process designed specifically for this department, an approach rarely used by comparable insurers",change how claim status updates are displayed on the online portal
FIN-NMG-01-A,FIN-NMG-01,Finance,procedural,NMG,common,low,6,True,category_manipulation: moral_relevance=6 > nonmoral_max=4 for NMG item,revise the terms on its personal loan product to increase profit margins,adopted a fee structure widely used by comparable lenders in the industry,"implemented a custom fee structure designed specifically for this loan product, an approach rarely used by comparable lenders",change the loan welcome packet's cover design
FIN-NMG-01-C,FIN-NMG-01,Finance,procedural,NMG,uncommon,low,8,True,category_manipulation: moral_relevance=8 > nonmoral_max=4 for NMG item,revise the terms on its personal loan product to increase profit margins,adopted a fee structure widely used by comparable lenders in the industry,"implemented a custom fee structure designed specifically for this loan product, an approach rarely used by comparable lenders",change the loan welcome packet's cover design
FIN-NMG-01-D,FIN-NMG-01,Finance,procedural,NMG,uncommon,high,8,True,category_manipulation: moral_relevance=8 > nonmoral_max=4 for NMG item,revise the terms on its personal loan product to increase profit margins,adopted a fee structure widely used by comparable lenders in the industry,"implemented a custom fee structure designed specifically for this loan product, an approach rarely used by comparable lenders",change the loan welcome packet's cover design
FOOD-NEU-02-C,FOOD-NEU-02,Food Quality,,NEU,uncommon,low,6,True,category_manipulation: moral_relevance=6 > nonmoral_max=4 for NEU item,revise kitchen sanitation procedures to reduce cleaning-supply costs,adopted a sanitation schedule widely used by comparable restaurant chains,"implemented a custom sanitation schedule designed specifically for this chain, an approach rarely used by comparable restaurants",change the cleaning log's internal file-naming format
FOOD-NMB-01-C,FOOD-NMB-01,Food Quality,aesthetic,NMB,uncommon,low,6,True,category_manipulation: moral_relevance=6 > nonmoral_max=4 for NMB item,streamline allergen testing procedures to reduce lab costs,adopted a testing protocol widely used by comparable food manufacturers,"implemented a custom testing protocol designed specifically for this product line, an approach rarely used by comparable manufacturers",change the product packaging's design
FOOD-NMG-01-B,FOOD-NMG-01,Food Quality,aesthetic,NMG,common,high,7,True,category_manipulation: moral_relevance=7 > nonmoral_max=4 for NMG item,streamline allergen testing procedures to reduce lab costs,adopted a testing protocol widely used by comparable food manufacturers,"implemented a custom testing protocol designed specifically for this product line, an approach rarely used by comparable manufacturers",change the product packaging's design
FOOD-NMG-02-D,FOOD-NMG-02,Food Quality,aesthetic,NMG,uncommon,high,7,True,category_manipulation: moral_relevance=7 > nonmoral_max=4 for NMG item,revise kitchen sanitation procedures to reduce cleaning-supply costs,adopted a sanitation schedule widely used by comparable restaurant chains,"implemented a custom sanitation schedule designed specifically for this chain, an approach rarely used by comparable restaurants",change the dining area's decor
HC-MG-01-B,HC-MG-01,Healthcare,,MG,common,high,2,True,category_manipulation: moral_relevance=2 < moral_min=6 for MG item,restructure nurse staffing ratios to reduce labor costs,adopted a staffing ratio widely used by comparable hospitals in the region,"implemented a custom staffing ratio designed specifically for this hospital, an approach rarely used by comparable facilities",reduce patients' risk of complications linked to inadequate staffing
HC-NMB-01-A,HC-NMB-01,Healthcare,aesthetic,NMB,common,low,8,True,category_manipulation: moral_relevance=8 > nonmoral_max=4 for NMB item,restructure nurse staffing ratios to reduce labor costs,adopted a staffing ratio widely used by comparable hospitals in the region,"implemented a custom staffing ratio designed specifically for this hospital, an approach rarely used by comparable facilities",change the waiting area's decor
HC-NMB-01-B,HC-NMB-01,Healthcare,aesthetic,NMB,common,high,8,True,category_manipulation: moral_relevance=8 > nonmoral_max=4 for NMB item,restructure nurse staffing ratios to reduce labor costs,adopted a staffing ratio widely used by comparable hospitals in the region,"implemented a custom staffing ratio designed specifically for this hospital, an approach rarely used by comparable facilities",change the waiting area's decor
HC-NMB-01-C,HC-NMB-01,Healthcare,aesthetic,NMB,uncommon,low,8,True,category_manipulation: moral_relevance=8 > nonmoral_max=4 for NMB item,restructure nurse staffing ratios to reduce labor costs,adopted a staffing ratio widely used by comparable hospitals in the region,"implemented a custom staffing ratio designed specifically for this hospital, an approach rarely used by comparable facilities",change the waiting area's decor
HC-NMB-01-D,HC-NMB-01,Healthcare,aesthetic,NMB,uncommon,high,9,True,category_manipulation: moral_relevance=9 > nonmoral_max=4 for NMB item,restructure nurse staffing ratios to reduce labor costs,adopted a staffing ratio widely used by comparable hospitals in the region,"implemented a custom staffing ratio designed specifically for this hospital, an approach rarely used by comparable facilities",change the waiting area's decor
HC-NMG-01-A,HC-NMG-01,Healthcare,aesthetic,NMG,common,low,8,True,category_manipulation: moral_relevance=8 > nonmoral_max=4 for NMG item,restructure nurse staffing ratios to reduce labor costs,adopted a staffing ratio widely used by comparable hospitals in the region,"implemented a custom staffing ratio designed specifically for this hospital, an approach rarely used by comparable facilities",change the waiting area's decor
HC-NMG-01-B,HC-NMG-01,Healthcare,aesthetic,NMG,common,high,9,True,category_manipulation: moral_relevance=9 > nonmoral_max=4 for NMG item,restructure nurse staffing ratios to reduce labor costs,adopted a staffing ratio widely used by comparable hospitals in the region,"implemented a custom staffing ratio designed specifically for this hospital, an approach rarely used by comparable facilities",change the waiting area's decor
HC-NMG-01-C,HC-NMG-01,Healthcare,aesthetic,NMG,uncommon,low,8,True,category_manipulation: moral_relevance=8 > nonmoral_max=4 for NMG item,restructure nurse staffing ratios to reduce labor costs,adopted a staffing ratio widely used by comparable hospitals in the region,"implemented a custom staffing ratio designed specifically for this hospital, an approach rarely used by comparable facilities",change the waiting area's decor
PS-MG-01-B,PS-MG-01,Product Safety,,MG,common,high,3,True,category_manipulation: moral_relevance=3 < moral_min=6 for MG item,modernize its toy assembly process to cut production costs,adopted a widely used assembly method common across comparable toy manufacturers,"commissioned a custom, in-house assembly method built specifically for this toy line, an approach rarely used by comparable manufacturers",reduce children's risk of choking on the toy
PS-MG-01-C,PS-MG-01,Product Safety,,MG,uncommon,low,2,True,category_manipulation: moral_relevance=2 < moral_min=6 for MG item,modernize its toy assembly process to cut production costs,adopted a widely used assembly method common across comparable toy manufacturers,"commissioned a custom, in-house assembly method built specifically for this toy line, an approach rarely used by comparable manufacturers",reduce children's risk of choking on the toy
PS-MG-02-A,PS-MG-02,Product Safety,,MG,common,low,2,True,category_manipulation: moral_relevance=2 < moral_min=6 for MG item,modernize its space heater's internal wiring to cut manufacturing costs,switched to a wiring supplier widely used by industry-standard manufacturers,"commissioned a custom, in-house wiring assembly built specifically for this product line, an approach rarely used by comparable manufacturers",reduce customers' risk of fire from the space heater
PS-MG-02-B,PS-MG-02,Product Safety,,MG,common,high,2,True,category_manipulation: moral_relevance=2 < moral_min=6 for MG item,modernize its space heater's internal wiring to cut manufacturing costs,switched to a wiring supplier widely used by industry-standard manufacturers,"commissioned a custom, in-house wiring assembly built specifically for this product line, an approach rarely used by comparable manufacturers",reduce customers' risk of fire from the space heater
PS-MG-02-C,PS-MG-02,Product Safety,,MG,uncommon,low,2,True,category_manipulation: moral_relevance=2 < moral_min=6 for MG item,modernize its space heater's internal wiring to cut manufacturing costs,switched to a wiring supplier widely used by industry-standard manufacturers,"commissioned a custom, in-house wiring assembly built specifically for this product line, an approach rarely used by comparable manufacturers",reduce customers' risk of fire from the space heater
PS-MG-02-D,PS-MG-02,Product Safety,,MG,uncommon,high,2,True,category_manipulation: moral_relevance=2 < moral_min=6 for MG item,modernize its space heater's internal wiring to cut manufacturing costs,switched to a wiring supplier widely used by industry-standard manufacturers,"commissioned a custom, in-house wiring assembly built specifically for this product line, an approach rarely used by comparable manufacturers",reduce customers' risk of fire from the space heater
PS-NMB-02-B,PS-NMB-02,Product Safety,prudential,NMB,common,high,6,True,category_manipulation: moral_relevance=6 > nonmoral_max=4 for NMB item,modernize its space heater's internal wiring to cut manufacturing costs,switched to a wiring supplier widely used by industry-standard manufacturers,"commissioned a custom, in-house wiring assembly built specifically for this product line, an approach rarely used by comparable manufacturers",increase the space heater's electricity usage
PS-NMB-02-D,PS-NMB-02,Product Safety,prudential,NMB,uncommon,high,7,True,category_manipulation: moral_relevance=7 > nonmoral_max=4 for NMB item,modernize its space heater's internal wiring to cut manufacturing costs,switched to a wiring supplier widely used by industry-standard manufacturers,"commissioned a custom, in-house wiring assembly built specifically for this product line, an approach rarely used by comparable manufacturers",increase the space heater's electricity usage
WORK-MG-02-C,WORK-MG-02,Workplace,,MG,uncommon,low,2,True,category_manipulation: moral_relevance=2 < moral_min=6 for MG item,revise the sales team's commission structure to reduce payroll costs,adopted a commission formula widely used by comparable retail chains,"implemented a custom commission formula designed specifically for this store, an approach rarely used by comparable retailers",increase sales associates' take-home pay
WORK-NMB-02-C,WORK-NMB-02,Workplace,procedural,NMB,uncommon,low,7,True,category_manipulation: moral_relevance=7 > nonmoral_max=4 for NMB item,revise the sales team's commission structure to reduce payroll costs,adopted a commission formula widely used by comparable retail chains,"implemented a custom commission formula designed specifically for this store, an approach rarely used by comparable retailers",change how commission breakdowns are displayed on pay stubs
WORK-NMB-02-D,WORK-NMB-02,Workplace,procedural,NMB,uncommon,high,7,True,category_manipulation: moral_relevance=7 > nonmoral_max=4 for NMB item,revise the sales team's commission structure to reduce payroll costs,adopted a commission formula widely used by comparable retail chains,"implemented a custom commission formula designed specifically for this store, an approach rarely used by comparable retailers",change how commission breakdowns are displayed on pay stubs
WORK-NMG-02-C,WORK-NMG-02,Workplace,procedural,NMG,uncommon,low,7,True,category_manipulation: moral_relevance=7 > nonmoral_max=4 for NMG item,revise the sales team's commission structure to reduce payroll costs,adopted a commission formula widely used by comparable retail chains,"implemented a custom commission formula designed specifically for this store, an approach rarely used by comparable retailers",change how commission breakdowns are displayed on pay stubs
WORK-NMG-02-D,WORK-NMG-02,Workplace,procedural,NMG,uncommon,high,7,True,category_manipulation: moral_relevance=7 > nonmoral_max=4 for NMG item,revise the sales team's commission structure to reduce payroll costs,adopted a commission formula widely used by comparable retail chains,"implemented a custom commission formula designed specifically for this store, an approach rarely used by comparable retailers",change how commission breakdowns are displayed on pay stubs
ACAD-MB-01-A,ACAD-MB-01,Academic,,MB,common,low,8,False,,reduce faculty workload spent on grading,adopted a grading rubric widely used by comparable departments,"implemented a custom grading rubric designed specifically for this department, an approach rarely used by comparable departments",increase the risk that students receive grades that don't reflect their actual work
ACAD-MB-01-B,ACAD-MB-01,Academic,,MB,common,high,9,False,,reduce faculty workload spent on grading,adopted a grading rubric widely used by comparable departments,"implemented a custom grading rubric designed specifically for this department, an approach rarely used by comparable departments",increase the risk that students receive grades that don't reflect their actual work
ACAD-MB-01-C,ACAD-MB-01,Academic,,MB,uncommon,low,8,False,,reduce faculty workload spent on grading,adopted a grading rubric widely used by comparable departments,"implemented a custom grading rubric designed specifically for this department, an approach rarely used by comparable departments",increase the risk that students receive grades that don't reflect their actual work
ACAD-MB-01-D,ACAD-MB-01,Academic,,MB,uncommon,high,9,False,,reduce faculty workload spent on grading,adopted a grading rubric widely used by comparable departments,"implemented a custom grading rubric designed specifically for this department, an approach rarely used by comparable departments",increase the risk that students receive grades that don't reflect their actual work
ACAD-MB-02-A,ACAD-MB-02,Academic,,MB,common,low,9,False,,revise the undergraduate admissions evaluation criteria to reduce the review committee's workload,adopted an evaluation rubric widely used by comparable universities,"implemented a custom evaluation rubric designed specifically for this university, an approach rarely used by comparable universities",increase the risk that qualified applicants are rejected
ACAD-MB-02-B,ACAD-MB-02,Academic,,MB,common,high,8,False,,revise the undergraduate admissions evaluation criteria to reduce the review committee's workload,adopted an evaluation rubric widely used by comparable universities,"implemented a custom evaluation rubric designed specifically for this university, an approach rarely used by comparable universities",increase the risk that qualified applicants are rejected
ACAD-MB-02-C,ACAD-MB-02,Academic,,MB,uncommon,low,9,False,,revise the undergraduate admissions evaluation criteria to reduce the review committee's workload,adopted an evaluation rubric widely used by comparable universities,"implemented a custom evaluation rubric designed specifically for this university, an approach rarely used by comparable universities",increase the risk that qualified applicants are rejected
ACAD-MB-02-D,ACAD-MB-02,Academic,,MB,uncommon,high,8,False,,revise the undergraduate admissions evaluation criteria to reduce the review committee's workload,adopted an evaluation rubric widely used by comparable universities,"implemented a custom evaluation rubric designed specifically for this university, an approach rarely used by comparable universities",increase the risk that qualified applicants are rejected
ACAD-MG-01-A,ACAD-MG-01,Academic,,MG,common,low,7,False,,reduce faculty workload spent on grading,adopted a grading rubric widely used by comparable departments,"implemented a custom grading rubric designed specifically for this department, an approach rarely used by comparable departments",reduce the risk that students receive grades that don't reflect their actual work
ACAD-MG-01-B,ACAD-MG-01,Academic,,MG,common,high,7,False,,reduce faculty workload spent on grading,adopted a grading rubric widely used by comparable departments,"implemented a custom grading rubric designed specifically for this department, an approach rarely used by comparable departments",reduce the risk that students receive grades that don't reflect their actual work
ACAD-MG-01-C,ACAD-MG-01,Academic,,MG,uncommon,low,7,False,,reduce faculty workload spent on grading,adopted a grading rubric widely used by comparable departments,"implemented a custom grading rubric designed specifically for this department, an approach rarely used by comparable departments",reduce the risk that students receive grades that don't reflect their actual work
ACAD-MG-01-D,ACAD-MG-01,Academic,,MG,uncommon,high,7,False,,reduce faculty workload spent on grading,adopted a grading rubric widely used by comparable departments,"implemented a custom grading rubric designed specifically for this department, an approach rarely used by comparable departments",reduce the risk that students receive grades that don't reflect their actual work
ACAD-MG-02-A,ACAD-MG-02,Academic,,MG,common,low,8,False,,revise the undergraduate admissions evaluation criteria to reduce the review committee's workload,adopted an evaluation rubric widely used by comparable universities,"implemented a custom evaluation rubric designed specifically for this university, an approach rarely used by comparable universities",reduce the risk that qualified applicants are rejected
ACAD-MG-02-B,ACAD-MG-02,Academic,,MG,common,high,7,False,,revise the undergraduate admissions evaluation criteria to reduce the review committee's workload,adopted an evaluation rubric widely used by comparable universities,"implemented a custom evaluation rubric designed specifically for this university, an approach rarely used by comparable universities",reduce the risk that qualified applicants are rejected
ACAD-MG-02-C,ACAD-MG-02,Academic,,MG,uncommon,low,7,False,,revise the undergraduate admissions evaluation criteria to reduce the review committee's workload,adopted an evaluation rubric widely used by comparable universities,"implemented a custom evaluation rubric designed specifically for this university, an approach rarely used by comparable universities",reduce the risk that qualified applicants are rejected
ACAD-MG-02-D,ACAD-MG-02,Academic,,MG,uncommon,high,8,False,,revise the undergraduate admissions evaluation criteria to reduce the review committee's workload,adopted an evaluation rubric widely used by comparable universities,"implemented a custom evaluation rubric designed specifically for this university, an approach rarely used by comparable universities",reduce the risk that qualified applicants are rejected
ACAD-NEU-01-A,ACAD-NEU-01,Academic,,NEU,common,low,2,False,,reduce faculty workload spent on grading,adopted a grading rubric widely used by comparable departments,"implemented a custom grading rubric designed specifically for this department, an approach rarely used by comparable departments",change the grade-submission log's internal file-naming format
ACAD-NEU-01-B,ACAD-NEU-01,Academic,,NEU,common,high,1,False,,reduce faculty workload spent on grading,adopted a grading rubric widely used by comparable departments,"implemented a custom grading rubric designed specifically for this department, an approach rarely used by comparable departments",change the grade-submission log's internal file-naming format
ACAD-NEU-01-C,ACAD-NEU-01,Academic,,NEU,uncommon,low,2,False,,reduce faculty workload spent on grading,adopted a grading rubric widely used by comparable departments,"implemented a custom grading rubric designed specifically for this department, an approach rarely used by comparable departments",change the grade-submission log's internal file-naming format
ACAD-NEU-01-D,ACAD-NEU-01,Academic,,NEU,uncommon,high,2,False,,reduce faculty workload spent on grading,adopted a grading rubric widely used by comparable departments,"implemented a custom grading rubric designed specifically for this department, an approach rarely used by comparable departments",change the grade-submission log's internal file-naming format
ACAD-NEU-02-A,ACAD-NEU-02,Academic,,NEU,common,low,2,False,,revise the undergraduate admissions evaluation criteria to reduce the review committee's workload,adopted an evaluation rubric widely used by comparable universities,"implemented a custom evaluation rubric designed specifically for this university, an approach rarely used by comparable universities",change the admissions archive's internal file-naming format
ACAD-NEU-02-B,ACAD-NEU-02,Academic,,NEU,common,high,2,False,,revise the undergraduate admissions evaluation criteria to reduce the review committee's workload,adopted an evaluation rubric widely used by comparable universities,"implemented a custom evaluation rubric designed specifically for this university, an approach rarely used by comparable universities",change the admissions archive's internal file-naming format
ACAD-NEU-02-C,ACAD-NEU-02,Academic,,NEU,uncommon,low,2,False,,revise the undergraduate admissions evaluation criteria to reduce the review committee's workload,adopted an evaluation rubric widely used by comparable universities,"implemented a custom evaluation rubric designed specifically for this university, an approach rarely used by comparable universities",change the admissions archive's internal file-naming format
ACAD-NEU-02-D,ACAD-NEU-02,Academic,,NEU,uncommon,high,2,False,,revise the undergraduate admissions evaluation criteria to reduce the review committee's workload,adopted an evaluation rubric widely used by comparable universities,"implemented a custom evaluation rubric designed specifically for this university, an approach rarely used by comparable universities",change the admissions archive's internal file-naming format
ACAD-NMB-01-A,ACAD-NMB-01,Academic,aesthetic,NMB,common,low,1,False,,reduce faculty workload spent on grading,adopted a grading rubric widely used by comparable departments,"implemented a custom grading rubric designed specifically for this department, an approach rarely used by comparable departments",change the course catalog's cover design
ACAD-NMB-01-B,ACAD-NMB-01,Academic,aesthetic,NMB,common,high,2,False,,reduce faculty workload spent on grading,adopted a grading rubric widely used by comparable departments,"implemented a custom grading rubric designed specifically for this department, an approach rarely used by comparable departments",change the course catalog's cover design
ACAD-NMB-01-C,ACAD-NMB-01,Academic,aesthetic,NMB,uncommon,low,2,False,,reduce faculty workload spent on grading,adopted a grading rubric widely used by comparable departments,"implemented a custom grading rubric designed specifically for this department, an approach rarely used by comparable departments",change the course catalog's cover design
ACAD-NMB-01-D,ACAD-NMB-01,Academic,aesthetic,NMB,uncommon,high,1,False,,reduce faculty workload spent on grading,adopted a grading rubric widely used by comparable departments,"implemented a custom grading rubric designed specifically for this department, an approach rarely used by comparable departments",change the course catalog's cover design
ACAD-NMB-02-A,ACAD-NMB-02,Academic,aesthetic,NMB,common,low,2,False,,revise the undergraduate admissions evaluation criteria to reduce the review committee's workload,adopted an evaluation rubric widely used by comparable universities,"implemented a custom evaluation rubric designed specifically for this university, an approach rarely used by comparable universities",change the admissions welcome brochure's cover design
ACAD-NMB-02-B,ACAD-NMB-02,Academic,aesthetic,NMB,common,high,2,False,,revise the undergraduate admissions evaluation criteria to reduce the review committee's workload,adopted an evaluation rubric widely used by comparable universities,"implemented a custom evaluation rubric designed specifically for this university, an approach rarely used by comparable universities",change the admissions welcome brochure's cover design
ACAD-NMB-02-C,ACAD-NMB-02,Academic,aesthetic,NMB,uncommon,low,2,False,,revise the undergraduate admissions evaluation criteria to reduce the review committee's workload,adopted an evaluation rubric widely used by comparable universities,"implemented a custom evaluation rubric designed specifically for this university, an approach rarely used by comparable universities",change the admissions welcome brochure's cover design
ACAD-NMB-02-D,ACAD-NMB-02,Academic,aesthetic,NMB,uncommon,high,2,False,,revise the undergraduate admissions evaluation criteria to reduce the review committee's workload,adopted an evaluation rubric widely used by comparable universities,"implemented a custom evaluation rubric designed specifically for this university, an approach rarely used by comparable universities",change the admissions welcome brochure's cover design
ACAD-NMG-01-A,ACAD-NMG-01,Academic,aesthetic,NMG,common,low,1,False,,reduce faculty workload spent on grading,adopted a grading rubric widely used by comparable departments,"implemented a custom grading rubric designed specifically for this department, an approach rarely used by comparable departments",change the course catalog's cover design
ACAD-NMG-01-B,ACAD-NMG-01,Academic,aesthetic,NMG,common,high,1,False,,reduce faculty workload spent on grading,adopted a grading rubric widely used by comparable departments,"implemented a custom grading rubric designed specifically for this department, an approach rarely used by comparable departments",change the course catalog's cover design
ACAD-NMG-01-C,ACAD-NMG-01,Academic,aesthetic,NMG,uncommon,low,2,False,,reduce faculty workload spent on grading,adopted a grading rubric widely used by comparable departments,"implemented a custom grading rubric designed specifically for this department, an approach rarely used by comparable departments",change the course catalog's cover design
ACAD-NMG-01-D,ACAD-NMG-01,Academic,aesthetic,NMG,uncommon,high,1,False,,reduce faculty workload spent on grading,adopted a grading rubric widely used by comparable departments,"implemented a custom grading rubric designed specifically for this department, an approach rarely used by comparable departments",change the course catalog's cover design
ACAD-NMG-02-A,ACAD-NMG-02,Academic,aesthetic,NMG,common,low,1,False,,revise the undergraduate admissions evaluation criteria to reduce the review committee's workload,adopted an evaluation rubric widely used by comparable universities,"implemented a custom evaluation rubric designed specifically for this university, an approach rarely used by comparable universities",change the admissions welcome brochure's cover design
ACAD-NMG-02-B,ACAD-NMG-02,Academic,aesthetic,NMG,common,high,1,False,,revise the undergraduate admissions evaluation criteria to reduce the review committee's workload,adopted an evaluation rubric widely used by comparable universities,"implemented a custom evaluation rubric designed specifically for this university, an approach rarely used by comparable universities",change the admissions welcome brochure's cover design
ACAD-NMG-02-C,ACAD-NMG-02,Academic,aesthetic,NMG,uncommon,low,2,False,,revise the undergraduate admissions evaluation criteria to reduce the review committee's workload,adopted an evaluation rubric widely used by comparable universities,"implemented a custom evaluation rubric designed specifically for this university, an approach rarely used by comparable universities",change the admissions welcome brochure's cover design
ACAD-NMG-02-D,ACAD-NMG-02,Academic,aesthetic,NMG,uncommon,high,2,False,,revise the undergraduate admissions evaluation criteria to reduce the review committee's workload,adopted an evaluation rubric widely used by comparable universities,"implemented a custom evaluation rubric designed specifically for this university, an approach rarely used by comparable universities",change the admissions welcome brochure's cover design
ANIM-MB-01-A,ANIM-MB-01,Animal Welfare,,MB,common,low,9,False,,reduce the shelter's operating budget,adopted an intake and care policy widely used by comparable shelters,"implemented a custom intake and care policy designed specifically for this shelter, an approach rarely used by comparable shelters","increase the euthanasia rate among healthy, adoptable animals"
ANIM-MB-01-B,ANIM-MB-01,Animal Welfare,,MB,common,high,9,False,,reduce the shelter's operating budget,adopted an intake and care policy widely used by comparable shelters,"implemented a custom intake and care policy designed specifically for this shelter, an approach rarely used by comparable shelters","increase the euthanasia rate among healthy, adoptable animals"
ANIM-MB-01-C,ANIM-MB-01,Animal Welfare,,MB,uncommon,low,9,False,,reduce the shelter's operating budget,adopted an intake and care policy widely used by comparable shelters,"implemented a custom intake and care policy designed specifically for this shelter, an approach rarely used by comparable shelters","increase the euthanasia rate among healthy, adoptable animals"
ANIM-MB-01-D,ANIM-MB-01,Animal Welfare,,MB,uncommon,high,9,False,,reduce the shelter's operating budget,adopted an intake and care policy widely used by comparable shelters,"implemented a custom intake and care policy designed specifically for this shelter, an approach rarely used by comparable shelters","increase the euthanasia rate among healthy, adoptable animals"
ANIM-MB-02-A,ANIM-MB-02,Animal Welfare,,MB,common,low,8,False,,reduce transport costs by changing how livestock are loaded and transported to market,adopted a transport loading procedure widely used by comparable farms,"implemented a custom transport loading procedure designed specifically for this farm, an approach rarely used by comparable farms",increase livestock's risk of injury during transport
ANIM-MB-02-B,ANIM-MB-02,Animal Welfare,,MB,common,high,9,False,,reduce transport costs by changing how livestock are loaded and transported to market,adopted a transport loading procedure widely used by comparable farms,"implemented a custom transport loading procedure designed specifically for this farm, an approach rarely used by comparable farms",increase livestock's risk of injury during transport
ANIM-MB-02-C,ANIM-MB-02,Animal Welfare,,MB,uncommon,low,9,False,,reduce transport costs by changing how livestock are loaded and transported to market,adopted a transport loading procedure widely used by comparable farms,"implemented a custom transport loading procedure designed specifically for this farm, an approach rarely used by comparable farms",increase livestock's risk of injury during transport
ANIM-MB-02-D,ANIM-MB-02,Animal Welfare,,MB,uncommon,high,9,False,,reduce transport costs by changing how livestock are loaded and transported to market,adopted a transport loading procedure widely used by comparable farms,"implemented a custom transport loading procedure designed specifically for this farm, an approach rarely used by comparable farms",increase livestock's risk of injury during transport
ANIM-MG-01-A,ANIM-MG-01,Animal Welfare,,MG,common,low,9,False,,reduce the shelter's operating budget,adopted an intake and care policy widely used by comparable shelters,"implemented a custom intake and care policy designed specifically for this shelter, an approach rarely used by comparable shelters","reduce the euthanasia rate among healthy, adoptable animals"
ANIM-MG-01-B,ANIM-MG-01,Animal Welfare,,MG,common,high,9,False,,reduce the shelter's operating budget,adopted an intake and care policy widely used by comparable shelters,"implemented a custom intake and care policy designed specifically for this shelter, an approach rarely used by comparable shelters","reduce the euthanasia rate among healthy, adoptable animals"
ANIM-MG-01-C,ANIM-MG-01,Animal Welfare,,MG,uncommon,low,8,False,,reduce the shelter's operating budget,adopted an intake and care policy widely used by comparable shelters,"implemented a custom intake and care policy designed specifically for this shelter, an approach rarely used by comparable shelters","reduce the euthanasia rate among healthy, adoptable animals"
ANIM-MG-01-D,ANIM-MG-01,Animal Welfare,,MG,uncommon,high,9,False,,reduce the shelter's operating budget,adopted an intake and care policy widely used by comparable shelters,"implemented a custom intake and care policy designed specifically for this shelter, an approach rarely used by comparable shelters","reduce the euthanasia rate among healthy, adoptable animals"
ANIM-MG-02-A,ANIM-MG-02,Animal Welfare,,MG,common,low,6,False,,reduce transport costs by changing how livestock are loaded and transported to market,adopted a transport loading procedure widely used by comparable farms,"implemented a custom transport loading procedure designed specifically for this farm, an approach rarely used by comparable farms",reduce livestock's risk of injury during transport
ANIM-MG-02-B,ANIM-MG-02,Animal Welfare,,MG,common,high,8,False,,reduce transport costs by changing how livestock are loaded and transported to market,adopted a transport loading procedure widely used by comparable farms,"implemented a custom transport loading procedure designed specifically for this farm, an approach rarely used by comparable farms",reduce livestock's risk of injury during transport
ANIM-MG-02-D,ANIM-MG-02,Animal Welfare,,MG,uncommon,high,7,False,,reduce transport costs by changing how livestock are loaded and transported to market,adopted a transport loading procedure widely used by comparable farms,"implemented a custom transport loading procedure designed specifically for this farm, an approach rarely used by comparable farms",reduce livestock's risk of injury during transport
ANIM-NEU-01-A,ANIM-NEU-01,Animal Welfare,,NEU,common,low,2,False,,reduce the shelter's operating budget,adopted an intake and care policy widely used by comparable shelters,"implemented a custom intake and care policy designed specifically for this shelter, an approach rarely used by comparable shelters",change the intake log's internal file-naming format
ANIM-NEU-01-B,ANIM-NEU-01,Animal Welfare,,NEU,common,high,2,False,,reduce the shelter's operating budget,adopted an intake and care policy widely used by comparable shelters,"implemented a custom intake and care policy designed specifically for this shelter, an approach rarely used by comparable shelters",change the intake log's internal file-naming format
ANIM-NEU-01-C,ANIM-NEU-01,Animal Welfare,,NEU,uncommon,low,2,False,,reduce the shelter's operating budget,adopted an intake and care policy widely used by comparable shelters,"implemented a custom intake and care policy designed specifically for this shelter, an approach rarely used by comparable shelters",change the intake log's internal file-naming format
ANIM-NEU-01-D,ANIM-NEU-01,Animal Welfare,,NEU,uncommon,high,2,False,,reduce the shelter's operating budget,adopted an intake and care policy widely used by comparable shelters,"implemented a custom intake and care policy designed specifically for this shelter, an approach rarely used by comparable shelters",change the intake log's internal file-naming format
ANIM-NEU-02-A,ANIM-NEU-02,Animal Welfare,,NEU,common,low,2,False,,reduce transport costs by changing how livestock are loaded and transported to market,adopted a transport loading procedure widely used by comparable farms,"implemented a custom transport loading procedure designed specifically for this farm, an approach rarely used by comparable farms",change the transport log's internal file-naming format
ANIM-NEU-02-B,ANIM-NEU-02,Animal Welfare,,NEU,common,high,2,False,,reduce transport costs by changing how livestock are loaded and transported to market,adopted a transport loading procedure widely used by comparable farms,"implemented a custom transport loading procedure designed specifically for this farm, an approach rarely used by comparable farms",change the transport log's internal file-naming format
ANIM-NEU-02-C,ANIM-NEU-02,Animal Welfare,,NEU,uncommon,low,2,False,,reduce transport costs by changing how livestock are loaded and transported to market,adopted a transport loading procedure widely used by comparable farms,"implemented a custom transport loading procedure designed specifically for this farm, an approach rarely used by comparable farms",change the transport log's internal file-naming format
ANIM-NEU-02-D,ANIM-NEU-02,Animal Welfare,,NEU,uncommon,high,2,False,,reduce transport costs by changing how livestock are loaded and transported to market,adopted a transport loading procedure widely used by comparable farms,"implemented a custom transport loading procedure designed specifically for this farm, an approach rarely used by comparable farms",change the transport log's internal file-naming format
ANIM-NMB-01-A,ANIM-NMB-01,Animal Welfare,aesthetic,NMB,common,low,2,False,,reduce the shelter's operating budget,adopted an intake and care policy widely used by comparable shelters,"implemented a custom intake and care policy designed specifically for this shelter, an approach rarely used by comparable shelters",change the adoption event flyer's design
ANIM-NMB-01-B,ANIM-NMB-01,Animal Welfare,aesthetic,NMB,common,high,2,False,,reduce the shelter's operating budget,adopted an intake and care policy widely used by comparable shelters,"implemented a custom intake and care policy designed specifically for this shelter, an approach rarely used by comparable shelters",change the adoption event flyer's design
ANIM-NMB-01-C,ANIM-NMB-01,Animal Welfare,aesthetic,NMB,uncommon,low,2,False,,reduce the shelter's operating budget,adopted an intake and care policy widely used by comparable shelters,"implemented a custom intake and care policy designed specifically for this shelter, an approach rarely used by comparable shelters",change the adoption event flyer's design
ANIM-NMB-01-D,ANIM-NMB-01,Animal Welfare,aesthetic,NMB,uncommon,high,2,False,,reduce the shelter's operating budget,adopted an intake and care policy widely used by comparable shelters,"implemented a custom intake and care policy designed specifically for this shelter, an approach rarely used by comparable shelters",change the adoption event flyer's design
ANIM-NMB-02-A,ANIM-NMB-02,Animal Welfare,aesthetic,NMB,common,low,2,False,,reduce transport costs by changing how livestock are loaded and transported to market,adopted a transport loading procedure widely used by comparable farms,"implemented a custom transport loading procedure designed specifically for this farm, an approach rarely used by comparable farms",change the transport truck's exterior paint design
ANIM-NMB-02-B,ANIM-NMB-02,Animal Welfare,aesthetic,NMB,common,high,0,False,,reduce transport costs by changing how livestock are loaded and transported to market,adopted a transport loading procedure widely used by comparable farms,"implemented a custom transport loading procedure designed specifically for this farm, an approach rarely used by comparable farms",change the transport truck's exterior paint design
ANIM-NMB-02-C,ANIM-NMB-02,Animal Welfare,aesthetic,NMB,uncommon,low,2,False,,reduce transport costs by changing how livestock are loaded and transported to market,adopted a transport loading procedure widely used by comparable farms,"implemented a custom transport loading procedure designed specifically for this farm, an approach rarely used by comparable farms",change the transport truck's exterior paint design
ANIM-NMB-02-D,ANIM-NMB-02,Animal Welfare,aesthetic,NMB,uncommon,high,1,False,,reduce transport costs by changing how livestock are loaded and transported to market,adopted a transport loading procedure widely used by comparable farms,"implemented a custom transport loading procedure designed specifically for this farm, an approach rarely used by comparable farms",change the transport truck's exterior paint design
ANIM-NMG-01-A,ANIM-NMG-01,Animal Welfare,aesthetic,NMG,common,low,1,False,,reduce the shelter's operating budget,adopted an intake and care policy widely used by comparable shelters,"implemented a custom intake and care policy designed specifically for this shelter, an approach rarely used by comparable shelters",change the adoption event flyer's design
ANIM-NMG-01-B,ANIM-NMG-01,Animal Welfare,aesthetic,NMG,common,high,2,False,,reduce the shelter's operating budget,adopted an intake and care policy widely used by comparable shelters,"implemented a custom intake and care policy designed specifically for this shelter, an approach rarely used by comparable shelters",change the adoption event flyer's design
ANIM-NMG-01-C,ANIM-NMG-01,Animal Welfare,aesthetic,NMG,uncommon,low,1,False,,reduce the shelter's operating budget,adopted an intake and care policy widely used by comparable shelters,"implemented a custom intake and care policy designed specifically for this shelter, an approach rarely used by comparable shelters",change the adoption event flyer's design
ANIM-NMG-01-D,ANIM-NMG-01,Animal Welfare,aesthetic,NMG,uncommon,high,2,False,,reduce the shelter's operating budget,adopted an intake and care policy widely used by comparable shelters,"implemented a custom intake and care policy designed specifically for this shelter, an approach rarely used by comparable shelters",change the adoption event flyer's design
ANIM-NMG-02-A,ANIM-NMG-02,Animal Welfare,aesthetic,NMG,common,low,2,False,,reduce transport costs by changing how livestock are loaded and transported to market,adopted a transport loading procedure widely used by comparable farms,"implemented a custom transport loading procedure designed specifically for this farm, an approach rarely used by comparable farms",change the transport truck's exterior paint design
ANIM-NMG-02-B,ANIM-NMG-02,Animal Welfare,aesthetic,NMG,common,high,,False,,reduce transport costs by changing how livestock are loaded and transported to market,adopted a transport loading procedure widely used by comparable farms,"implemented a custom transport loading procedure designed specifically for this farm, an approach rarely used by comparable farms",change the transport truck's exterior paint design
ANIM-NMG-02-C,ANIM-NMG-02,Animal Welfare,aesthetic,NMG,uncommon,low,1,False,,reduce transport costs by changing how livestock are loaded and transported to market,adopted a transport loading procedure widely used by comparable farms,"implemented a custom transport loading procedure designed specifically for this farm, an approach rarely used by comparable farms",change the transport truck's exterior paint design
ANIM-NMG-02-D,ANIM-NMG-02,Animal Welfare,aesthetic,NMG,uncommon,high,1,False,,reduce transport costs by changing how livestock are loaded and transported to market,adopted a transport loading procedure widely used by comparable farms,"implemented a custom transport loading procedure designed specifically for this farm, an approach rarely used by comparable farms",change the transport truck's exterior paint design
COMM-MB-01-A,COMM-MB-01,Community,,MB,common,low,8,False,,reallocate emergency response resources across the city to reduce the department's overtime budget,adopted a resource allocation plan widely used by comparable cities,"implemented a custom resource allocation plan designed specifically for this city, an approach rarely used by comparable cities",increase emergency response times in affected neighborhoods
COMM-MB-01-B,COMM-MB-01,Community,,MB,common,high,8,False,,reallocate emergency response resources across the city to reduce the department's overtime budget,adopted a resource allocation plan widely used by comparable cities,"implemented a custom resource allocation plan designed specifically for this city, an approach rarely used by comparable cities",increase emergency response times in affected neighborhoods
COMM-MB-01-C,COMM-MB-01,Community,,MB,uncommon,low,8,False,,reallocate emergency response resources across the city to reduce the department's overtime budget,adopted a resource allocation plan widely used by comparable cities,"implemented a custom resource allocation plan designed specifically for this city, an approach rarely used by comparable cities",increase emergency response times in affected neighborhoods
COMM-MB-01-D,COMM-MB-01,Community,,MB,uncommon,high,9,False,,reallocate emergency response resources across the city to reduce the department's overtime budget,adopted a resource allocation plan widely used by comparable cities,"implemented a custom resource allocation plan designed specifically for this city, an approach rarely used by comparable cities",increase emergency response times in affected neighborhoods
COMM-MB-02-A,COMM-MB-02,Community,,MB,common,low,8,False,,restructure bus routes to reduce the agency's operating costs,adopted a route restructuring plan widely used by comparable transit agencies,"implemented a custom route restructuring plan designed specifically for this agency, an approach rarely used by comparable agencies",reduce residents' access to reliable transportation to work and essential services
COMM-MB-02-B,COMM-MB-02,Community,,MB,common,high,8,False,,restructure bus routes to reduce the agency's operating costs,adopted a route restructuring plan widely used by comparable transit agencies,"implemented a custom route restructuring plan designed specifically for this agency, an approach rarely used by comparable agencies",reduce residents' access to reliable transportation to work and essential services
COMM-MB-02-C,COMM-MB-02,Community,,MB,uncommon,low,9,False,,restructure bus routes to reduce the agency's operating costs,adopted a route restructuring plan widely used by comparable transit agencies,"implemented a custom route restructuring plan designed specifically for this agency, an approach rarely used by comparable agencies",reduce residents' access to reliable transportation to work and essential services
COMM-MB-02-D,COMM-MB-02,Community,,MB,uncommon,high,9,False,,restructure bus routes to reduce the agency's operating costs,adopted a route restructuring plan widely used by comparable transit agencies,"implemented a custom route restructuring plan designed specifically for this agency, an approach rarely used by comparable agencies",reduce residents' access to reliable transportation to work and essential services
COMM-MG-01-A,COMM-MG-01,Community,,MG,common,low,8,False,,reallocate emergency response resources across the city to reduce the department's overtime budget,adopted a resource allocation plan widely used by comparable cities,"implemented a custom resource allocation plan designed specifically for this city, an approach rarely used by comparable cities",reduce emergency response times in affected neighborhoods
COMM-MG-01-B,COMM-MG-01,Community,,MG,common,high,8,False,,reallocate emergency response resources across the city to reduce the department's overtime budget,adopted a resource allocation plan widely used by comparable cities,"implemented a custom resource allocation plan designed specifically for this city, an approach rarely used by comparable cities",reduce emergency response times in affected neighborhoods
COMM-MG-01-C,COMM-MG-01,Community,,MG,uncommon,low,9,False,,reallocate emergency response resources across the city to reduce the department's overtime budget,adopted a resource allocation plan widely used by comparable cities,"implemented a custom resource allocation plan designed specifically for this city, an approach rarely used by comparable cities",reduce emergency response times in affected neighborhoods
COMM-MG-01-D,COMM-MG-01,Community,,MG,uncommon,high,8,False,,reallocate emergency response resources across the city to reduce the department's overtime budget,adopted a resource allocation plan widely used by comparable cities,"implemented a custom resource allocation plan designed specifically for this city, an approach rarely used by comparable cities",reduce emergency response times in affected neighborhoods
COMM-MG-02-A,COMM-MG-02,Community,,MG,common,low,6,False,,restructure bus routes to reduce the agency's operating costs,adopted a route restructuring plan widely used by comparable transit agencies,"implemented a custom route restructuring plan designed specifically for this agency, an approach rarely used by comparable agencies",improve residents' access to reliable transportation to work and essential services
COMM-MG-02-B,COMM-MG-02,Community,,MG,common,high,7,False,,restructure bus routes to reduce the agency's operating costs,adopted a route restructuring plan widely used by comparable transit agencies,"implemented a custom route restructuring plan designed specifically for this agency, an approach rarely used by comparable agencies",improve residents' access to reliable transportation to work and essential services
COMM-MG-02-C,COMM-MG-02,Community,,MG,uncommon,low,8,False,,restructure bus routes to reduce the agency's operating costs,adopted a route restructuring plan widely used by comparable transit agencies,"implemented a custom route restructuring plan designed specifically for this agency, an approach rarely used by comparable agencies",improve residents' access to reliable transportation to work and essential services
COMM-MG-02-D,COMM-MG-02,Community,,MG,uncommon,high,8,False,,restructure bus routes to reduce the agency's operating costs,adopted a route restructuring plan widely used by comparable transit agencies,"implemented a custom route restructuring plan designed specifically for this agency, an approach rarely used by comparable agencies",improve residents' access to reliable transportation to work and essential services
COMM-NEU-01-A,COMM-NEU-01,Community,,NEU,common,low,2,False,,reallocate emergency response resources across the city to reduce the department's overtime budget,adopted a resource allocation plan widely used by comparable cities,"implemented a custom resource allocation plan designed specifically for this city, an approach rarely used by comparable cities",change the dispatch log's internal file-naming format
COMM-NEU-01-B,COMM-NEU-01,Community,,NEU,common,high,2,False,,reallocate emergency response resources across the city to reduce the department's overtime budget,adopted a resource allocation plan widely used by comparable cities,"implemented a custom resource allocation plan designed specifically for this city, an approach rarely used by comparable cities",change the dispatch log's internal file-naming format
COMM-NEU-01-C,COMM-NEU-01,Community,,NEU,uncommon,low,2,False,,reallocate emergency response resources across the city to reduce the department's overtime budget,adopted a resource allocation plan widely used by comparable cities,"implemented a custom resource allocation plan designed specifically for this city, an approach rarely used by comparable cities",change the dispatch log's internal file-naming format
COMM-NEU-01-D,COMM-NEU-01,Community,,NEU,uncommon,high,1,False,,reallocate emergency response resources across the city to reduce the department's overtime budget,adopted a resource allocation plan widely used by comparable cities,"implemented a custom resource allocation plan designed specifically for this city, an approach rarely used by comparable cities",change the dispatch log's internal file-naming format
COMM-NEU-02-A,COMM-NEU-02,Community,,NEU,common,low,2,False,,restructure bus routes to reduce the agency's operating costs,adopted a route restructuring plan widely used by comparable transit agencies,"implemented a custom route restructuring plan designed specifically for this agency, an approach rarely used by comparable agencies",change the route-schedule log's internal file-naming format
COMM-NEU-02-B,COMM-NEU-02,Community,,NEU,common,high,1,False,,restructure bus routes to reduce the agency's operating costs,adopted a route restructuring plan widely used by comparable transit agencies,"implemented a custom route restructuring plan designed specifically for this agency, an approach rarely used by comparable agencies",change the route-schedule log's internal file-naming format
COMM-NEU-02-C,COMM-NEU-02,Community,,NEU,uncommon,low,2,False,,restructure bus routes to reduce the agency's operating costs,adopted a route restructuring plan widely used by comparable transit agencies,"implemented a custom route restructuring plan designed specifically for this agency, an approach rarely used by comparable agencies",change the route-schedule log's internal file-naming format
COMM-NEU-02-D,COMM-NEU-02,Community,,NEU,uncommon,high,2,False,,restructure bus routes to reduce the agency's operating costs,adopted a route restructuring plan widely used by comparable transit agencies,"implemented a custom route restructuring plan designed specifically for this agency, an approach rarely used by comparable agencies",change the route-schedule log's internal file-naming format
COMM-NMB-01-A,COMM-NMB-01,Community,aesthetic,NMB,common,low,2,False,,reallocate emergency response resources across the city to reduce the department's overtime budget,adopted a resource allocation plan widely used by comparable cities,"implemented a custom resource allocation plan designed specifically for this city, an approach rarely used by comparable cities",change the fire station's exterior sign design
COMM-NMB-01-B,COMM-NMB-01,Community,aesthetic,NMB,common,high,1,False,,reallocate emergency response resources across the city to reduce the department's overtime budget,adopted a resource allocation plan widely used by comparable cities,"implemented a custom resource allocation plan designed specifically for this city, an approach rarely used by comparable cities",change the fire station's exterior sign design
COMM-NMB-01-C,COMM-NMB-01,Community,aesthetic,NMB,uncommon,low,2,False,,reallocate emergency response resources across the city to reduce the department's overtime budget,adopted a resource allocation plan widely used by comparable cities,"implemented a custom resource allocation plan designed specifically for this city, an approach rarely used by comparable cities",change the fire station's exterior sign design
COMM-NMB-01-D,COMM-NMB-01,Community,aesthetic,NMB,uncommon,high,1,False,,reallocate emergency response resources across the city to reduce the department's overtime budget,adopted a resource allocation plan widely used by comparable cities,"implemented a custom resource allocation plan designed specifically for this city, an approach rarely used by comparable cities",change the fire station's exterior sign design
COMM-NMB-02-A,COMM-NMB-02,Community,aesthetic,NMB,common,low,2,False,,restructure bus routes to reduce the agency's operating costs,adopted a route restructuring plan widely used by comparable transit agencies,"implemented a custom route restructuring plan designed specifically for this agency, an approach rarely used by comparable agencies",change the bus fleet's exterior livery design
COMM-NMB-02-B,COMM-NMB-02,Community,aesthetic,NMB,common,high,1,False,,restructure bus routes to reduce the agency's operating costs,adopted a route restructuring plan widely used by comparable transit agencies,"implemented a custom route restructuring plan designed specifically for this agency, an approach rarely used by comparable agencies",change the bus fleet's exterior livery design
COMM-NMB-02-C,COMM-NMB-02,Community,aesthetic,NMB,uncommon,low,2,False,,restructure bus routes to reduce the agency's operating costs,adopted a route restructuring plan widely used by comparable transit agencies,"implemented a custom route restructuring plan designed specifically for this agency, an approach rarely used by comparable agencies",change the bus fleet's exterior livery design
COMM-NMB-02-D,COMM-NMB-02,Community,aesthetic,NMB,uncommon,high,2,False,,restructure bus routes to reduce the agency's operating costs,adopted a route restructuring plan widely used by comparable transit agencies,"implemented a custom route restructuring plan designed specifically for this agency, an approach rarely used by comparable agencies",change the bus fleet's exterior livery design
COMM-NMG-01-A,COMM-NMG-01,Community,aesthetic,NMG,common,low,1,False,,reallocate emergency response resources across the city to reduce the department's overtime budget,adopted a resource allocation plan widely used by comparable cities,"implemented a custom resource allocation plan designed specifically for this city, an approach rarely used by comparable cities",change the fire station's exterior sign design
COMM-NMG-01-B,COMM-NMG-01,Community,aesthetic,NMG,common,high,1,False,,reallocate emergency response resources across the city to reduce the department's overtime budget,adopted a resource allocation plan widely used by comparable cities,"implemented a custom resource allocation plan designed specifically for this city, an approach rarely used by comparable cities",change the fire station's exterior sign design
COMM-NMG-01-C,COMM-NMG-01,Community,aesthetic,NMG,uncommon,low,1,False,,reallocate emergency response resources across the city to reduce the department's overtime budget,adopted a resource allocation plan widely used by comparable cities,"implemented a custom resource allocation plan designed specifically for this city, an approach rarely used by comparable cities",change the fire station's exterior sign design
COMM-NMG-01-D,COMM-NMG-01,Community,aesthetic,NMG,uncommon,high,2,False,,reallocate emergency response resources across the city to reduce the department's overtime budget,adopted a resource allocation plan widely used by comparable cities,"implemented a custom resource allocation plan designed specifically for this city, an approach rarely used by comparable cities",change the fire station's exterior sign design
COMM-NMG-02-A,COMM-NMG-02,Community,aesthetic,NMG,common,low,1,False,,restructure bus routes to reduce the agency's operating costs,adopted a route restructuring plan widely used by comparable transit agencies,"implemented a custom route restructuring plan designed specifically for this agency, an approach rarely used by comparable agencies",change the bus fleet's exterior livery design
COMM-NMG-02-B,COMM-NMG-02,Community,aesthetic,NMG,common,high,1,False,,restructure bus routes to reduce the agency's operating costs,adopted a route restructuring plan widely used by comparable transit agencies,"implemented a custom route restructuring plan designed specifically for this agency, an approach rarely used by comparable agencies",change the bus fleet's exterior livery design
COMM-NMG-02-C,COMM-NMG-02,Community,aesthetic,NMG,uncommon,low,1,False,,restructure bus routes to reduce the agency's operating costs,adopted a route restructuring plan widely used by comparable transit agencies,"implemented a custom route restructuring plan designed specifically for this agency, an approach rarely used by comparable agencies",change the bus fleet's exterior livery design
COMM-NMG-02-D,COMM-NMG-02,Community,aesthetic,NMG,uncommon,high,1,False,,restructure bus routes to reduce the agency's operating costs,adopted a route restructuring plan widely used by comparable transit agencies,"implemented a custom route restructuring plan designed specifically for this agency, an approach rarely used by comparable agencies",change the bus fleet's exterior livery design
PRIV-MB-01-A,PRIV-MB-01,Data Privacy,,MB,common,low,9,False,,migrate customer data to a lower-cost storage system to reduce operating costs,adopted a storage system widely used by comparable companies in the industry,"implemented a custom storage system designed specifically for this company, an approach rarely used by comparable companies",increase customers' risk of having their personal data exposed in a breach
PRIV-MB-01-B,PRIV-MB-01,Data Privacy,,MB,common,high,9,False,,migrate customer data to a lower-cost storage system to reduce operating costs,adopted a storage system widely used by comparable companies in the industry,"implemented a custom storage system designed specifically for this company, an approach rarely used by comparable companies",increase customers' risk of having their personal data exposed in a breach
PRIV-MB-01-C,PRIV-MB-01,Data Privacy,,MB,uncommon,low,9,False,,migrate customer data to a lower-cost storage system to reduce operating costs,adopted a storage system widely used by comparable companies in the industry,"implemented a custom storage system designed specifically for this company, an approach rarely used by comparable companies",increase customers' risk of having their personal data exposed in a breach
PRIV-MB-01-D,PRIV-MB-01,Data Privacy,,MB,uncommon,high,9,False,,migrate customer data to a lower-cost storage system to reduce operating costs,adopted a storage system widely used by comparable companies in the industry,"implemented a custom storage system designed specifically for this company, an approach rarely used by comparable companies",increase customers' risk of having their personal data exposed in a breach
PRIV-MB-02-A,PRIV-MB-02,Data Privacy,,MB,common,low,9,False,,increase ad revenue from its advertising partnerships,adopted a data-sharing agreement widely used by comparable companies in the industry,"implemented a custom data-sharing agreement designed specifically for this company, an approach rarely used by comparable companies",expand the sharing of customers' personal browsing data with advertisers without their knowledge
PRIV-MB-02-B,PRIV-MB-02,Data Privacy,,MB,common,high,9,False,,increase ad revenue from its advertising partnerships,adopted a data-sharing agreement widely used by comparable companies in the industry,"implemented a custom data-sharing agreement designed specifically for this company, an approach rarely used by comparable companies",expand the sharing of customers' personal browsing data with advertisers without their knowledge
PRIV-MB-02-C,PRIV-MB-02,Data Privacy,,MB,uncommon,low,9,False,,increase ad revenue from its advertising partnerships,adopted a data-sharing agreement widely used by comparable companies in the industry,"implemented a custom data-sharing agreement designed specifically for this company, an approach rarely used by comparable companies",expand the sharing of customers' personal browsing data with advertisers without their knowledge
PRIV-MB-02-D,PRIV-MB-02,Data Privacy,,MB,uncommon,high,9,False,,increase ad revenue from its advertising partnerships,adopted a data-sharing agreement widely used by comparable companies in the industry,"implemented a custom data-sharing agreement designed specifically for this company, an approach rarely used by comparable companies",expand the sharing of customers' personal browsing data with advertisers without their knowledge
PRIV-MG-01-A,PRIV-MG-01,Data Privacy,,MG,common,low,7,False,,migrate customer data to a lower-cost storage system to reduce operating costs,adopted a storage system widely used by comparable companies in the industry,"implemented a custom storage system designed specifically for this company, an approach rarely used by comparable companies",reduce customers' risk of having their personal data exposed in a breach
PRIV-MG-01-C,PRIV-MG-01,Data Privacy,,MG,uncommon,low,7,False,,migrate customer data to a lower-cost storage system to reduce operating costs,adopted a storage system widely used by comparable companies in the industry,"implemented a custom storage system designed specifically for this company, an approach rarely used by comparable companies",reduce customers' risk of having their personal data exposed in a breach
PRIV-MG-02-A,PRIV-MG-02,Data Privacy,,MG,common,low,8,False,,increase ad revenue from its advertising partnerships,adopted a data-sharing agreement widely used by comparable companies in the industry,"implemented a custom data-sharing agreement designed specifically for this company, an approach rarely used by comparable companies",reduce the sharing of customers' personal browsing data with advertisers
PRIV-MG-02-B,PRIV-MG-02,Data Privacy,,MG,common,high,8,False,,increase ad revenue from its advertising partnerships,adopted a data-sharing agreement widely used by comparable companies in the industry,"implemented a custom data-sharing agreement designed specifically for this company, an approach rarely used by comparable companies",reduce the sharing of customers' personal browsing data with advertisers
PRIV-MG-02-C,PRIV-MG-02,Data Privacy,,MG,uncommon,low,8,False,,increase ad revenue from its advertising partnerships,adopted a data-sharing agreement widely used by comparable companies in the industry,"implemented a custom data-sharing agreement designed specifically for this company, an approach rarely used by comparable companies",reduce the sharing of customers' personal browsing data with advertisers
PRIV-MG-02-D,PRIV-MG-02,Data Privacy,,MG,uncommon,high,8,False,,increase ad revenue from its advertising partnerships,adopted a data-sharing agreement widely used by comparable companies in the industry,"implemented a custom data-sharing agreement designed specifically for this company, an approach rarely used by comparable companies",reduce the sharing of customers' personal browsing data with advertisers
PRIV-NEU-01-A,PRIV-NEU-01,Data Privacy,,NEU,common,low,2,False,,migrate customer data to a lower-cost storage system to reduce operating costs,adopted a storage system widely used by comparable companies in the industry,"implemented a custom storage system designed specifically for this company, an approach rarely used by comparable companies",change the maintenance log's internal file-naming format
PRIV-NEU-01-B,PRIV-NEU-01,Data Privacy,,NEU,common,high,1,False,,migrate customer data to a lower-cost storage system to reduce operating costs,adopted a storage system widely used by comparable companies in the industry,"implemented a custom storage system designed specifically for this company, an approach rarely used by comparable companies",change the maintenance log's internal file-naming format
PRIV-NEU-01-C,PRIV-NEU-01,Data Privacy,,NEU,uncommon,low,2,False,,migrate customer data to a lower-cost storage system to reduce operating costs,adopted a storage system widely used by comparable companies in the industry,"implemented a custom storage system designed specifically for this company, an approach rarely used by comparable companies",change the maintenance log's internal file-naming format
PRIV-NEU-01-D,PRIV-NEU-01,Data Privacy,,NEU,uncommon,high,2,False,,migrate customer data to a lower-cost storage system to reduce operating costs,adopted a storage system widely used by comparable companies in the industry,"implemented a custom storage system designed specifically for this company, an approach rarely used by comparable companies",change the maintenance log's internal file-naming format
PRIV-NEU-02-A,PRIV-NEU-02,Data Privacy,,NEU,common,low,2,False,,increase ad revenue from its advertising partnerships,adopted a data-sharing agreement widely used by comparable companies in the industry,"implemented a custom data-sharing agreement designed specifically for this company, an approach rarely used by comparable companies",change the contract archive's internal file-naming format
PRIV-NEU-02-B,PRIV-NEU-02,Data Privacy,,NEU,common,high,1,False,,increase ad revenue from its advertising partnerships,adopted a data-sharing agreement widely used by comparable companies in the industry,"implemented a custom data-sharing agreement designed specifically for this company, an approach rarely used by comparable companies",change the contract archive's internal file-naming format
PRIV-NEU-02-C,PRIV-NEU-02,Data Privacy,,NEU,uncommon,low,2,False,,increase ad revenue from its advertising partnerships,adopted a data-sharing agreement widely used by comparable companies in the industry,"implemented a custom data-sharing agreement designed specifically for this company, an approach rarely used by comparable companies",change the contract archive's internal file-naming format
PRIV-NEU-02-D,PRIV-NEU-02,Data Privacy,,NEU,uncommon,high,1,False,,increase ad revenue from its advertising partnerships,adopted a data-sharing agreement widely used by comparable companies in the industry,"implemented a custom data-sharing agreement designed specifically for this company, an approach rarely used by comparable companies",change the contract archive's internal file-naming format
PRIV-NMB-01-B,PRIV-NMB-01,Data Privacy,procedural,NMB,common,high,4,False,,migrate customer data to a lower-cost storage system to reduce operating costs,adopted a storage system widely used by comparable companies in the industry,"implemented a custom storage system designed specifically for this company, an approach rarely used by comparable companies",change how account settings are organized on the settings page
PRIV-NMB-02-B,PRIV-NMB-02,Data Privacy,procedural,NMB,common,high,1,False,,increase ad revenue from its advertising partnerships,adopted a data-sharing agreement widely used by comparable companies in the industry,"implemented a custom data-sharing agreement designed specifically for this company, an approach rarely used by comparable companies",change the newsletter email's visual template design
PRIV-NMG-01-A,PRIV-NMG-01,Data Privacy,procedural,NMG,common,low,2,False,,migrate customer data to a lower-cost storage system to reduce operating costs,adopted a storage system widely used by comparable companies in the industry,"implemented a custom storage system designed specifically for this company, an approach rarely used by comparable companies",change how account settings are organized on the settings page
PRIV-NMG-01-B,PRIV-NMG-01,Data Privacy,procedural,NMG,common,high,2,False,,migrate customer data to a lower-cost storage system to reduce operating costs,adopted a storage system widely used by comparable companies in the industry,"implemented a custom storage system designed specifically for this company, an approach rarely used by comparable companies",change how account settings are organized on the settings page
PRIV-NMG-01-C,PRIV-NMG-01,Data Privacy,procedural,NMG,uncommon,low,2,False,,migrate customer data to a lower-cost storage system to reduce operating costs,adopted a storage system widely used by comparable companies in the industry,"implemented a custom storage system designed specifically for this company, an approach rarely used by comparable companies",change how account settings are organized on the settings page
PRIV-NMG-01-D,PRIV-NMG-01,Data Privacy,procedural,NMG,uncommon,high,2,False,,migrate customer data to a lower-cost storage system to reduce operating costs,adopted a storage system widely used by comparable companies in the industry,"implemented a custom storage system designed specifically for this company, an approach rarely used by comparable companies",change how account settings are organized on the settings page
PRIV-NMG-02-A,PRIV-NMG-02,Data Privacy,procedural,NMG,common,low,,False,,increase ad revenue from its advertising partnerships,adopted a data-sharing agreement widely used by comparable companies in the industry,"implemented a custom data-sharing agreement designed specifically for this company, an approach rarely used by comparable companies",change the newsletter email's visual template design
PRIV-NMG-02-B,PRIV-NMG-02,Data Privacy,procedural,NMG,common,high,0,False,,increase ad revenue from its advertising partnerships,adopted a data-sharing agreement widely used by comparable companies in the industry,"implemented a custom data-sharing agreement designed specifically for this company, an approach rarely used by comparable companies",change the newsletter email's visual template design
ENV-MB-01-A,ENV-MB-01,Environment,,MB,common,low,10,False,,modernize the plant's water-treatment process to reduce operating costs,switched to a newer treatment process widely used by industry-standard providers,"commissioned a custom, in-house treatment process built specifically for this plant, an approach rarely used by comparable facilities",contaminate the town's water supply
ENV-MB-01-B,ENV-MB-01,Environment,,MB,common,high,10,False,,modernize the plant's water-treatment process to reduce operating costs,switched to a newer treatment process widely used by industry-standard providers,"commissioned a custom, in-house treatment process built specifically for this plant, an approach rarely used by comparable facilities",contaminate the town's water supply
ENV-MB-01-C,ENV-MB-01,Environment,,MB,uncommon,low,10,False,,modernize the plant's water-treatment process to reduce operating costs,switched to a newer treatment process widely used by industry-standard providers,"commissioned a custom, in-house treatment process built specifically for this plant, an approach rarely used by comparable facilities",contaminate the town's water supply
ENV-MB-01-D,ENV-MB-01,Environment,,MB,uncommon,high,10,False,,modernize the plant's water-treatment process to reduce operating costs,switched to a newer treatment process widely used by industry-standard providers,"commissioned a custom, in-house treatment process built specifically for this plant, an approach rarely used by comparable facilities",contaminate the town's water supply
ENV-MB-02-A,ENV-MB-02,Environment,,MB,common,low,8,False,,reduce wildfire management costs,adopted a commercially available vegetation-management schedule already used by many nearby forests,"implemented a custom vegetation-management schedule developed specifically for this forest, an approach rarely used by nearby forests",reduce native wildlife's nesting habitat
ENV-MB-02-B,ENV-MB-02,Environment,,MB,common,high,8,False,,reduce wildfire management costs,adopted a commercially available vegetation-management schedule already used by many nearby forests,"implemented a custom vegetation-management schedule developed specifically for this forest, an approach rarely used by nearby forests",reduce native wildlife's nesting habitat
ENV-MB-02-C,ENV-MB-02,Environment,,MB,uncommon,low,8,False,,reduce wildfire management costs,adopted a commercially available vegetation-management schedule already used by many nearby forests,"implemented a custom vegetation-management schedule developed specifically for this forest, an approach rarely used by nearby forests",reduce native wildlife's nesting habitat
ENV-MB-02-D,ENV-MB-02,Environment,,MB,uncommon,high,8,False,,reduce wildfire management costs,adopted a commercially available vegetation-management schedule already used by many nearby forests,"implemented a custom vegetation-management schedule developed specifically for this forest, an approach rarely used by nearby forests",reduce native wildlife's nesting habitat
ENV-MB-03-A,ENV-MB-03,Environment,,MB,common,low,9,False,,reduce operating costs by upgrading the plant's emissions-control equipment,"installed a newer, industry-standard scrubber system widely used by comparable facilities","commissioned a custom, in-house scrubber system built specifically for this plant, an approach rarely used by comparable facilities",raise the plant's particulate emissions above the safety threshold
ENV-MB-03-B,ENV-MB-03,Environment,,MB,common,high,9,False,,reduce operating costs by upgrading the plant's emissions-control equipment,"installed a newer, industry-standard scrubber system widely used by comparable facilities","commissioned a custom, in-house scrubber system built specifically for this plant, an approach rarely used by comparable facilities",raise the plant's particulate emissions above the safety threshold
ENV-MB-03-C,ENV-MB-03,Environment,,MB,uncommon,low,9,False,,reduce operating costs by upgrading the plant's emissions-control equipment,"installed a newer, industry-standard scrubber system widely used by comparable facilities","commissioned a custom, in-house scrubber system built specifically for this plant, an approach rarely used by comparable facilities",raise the plant's particulate emissions above the safety threshold
ENV-MB-03-D,ENV-MB-03,Environment,,MB,uncommon,high,10,False,,reduce operating costs by upgrading the plant's emissions-control equipment,"installed a newer, industry-standard scrubber system widely used by comparable facilities","commissioned a custom, in-house scrubber system built specifically for this plant, an approach rarely used by comparable facilities",raise the plant's particulate emissions above the safety threshold
ENV-MG-01-A,ENV-MG-01,Environment,,MG,common,low,7,False,,modernize the plant's water-treatment process to reduce operating costs,switched to a newer treatment process widely used by industry-standard providers,"commissioned a custom, in-house treatment process built specifically for this plant, an approach rarely used by comparable facilities",improve the river's water quality
ENV-MG-01-B,ENV-MG-01,Environment,,MG,common,high,8,False,,modernize the plant's water-treatment process to reduce operating costs,switched to a newer treatment process widely used by industry-standard providers,"commissioned a custom, in-house treatment process built specifically for this plant, an approach rarely used by comparable facilities",improve the river's water quality
ENV-MG-02-B,ENV-MG-02,Environment,,MG,common,high,7,False,,reduce wildfire management costs,adopted a commercially available vegetation-management schedule already used by many nearby forests,"implemented a custom vegetation-management schedule developed specifically for this forest, an approach rarely used by nearby forests",improve native wildlife's nesting habitat
ENV-MG-02-C,ENV-MG-02,Environment,,MG,uncommon,low,7,False,,reduce wildfire management costs,adopted a commercially available vegetation-management schedule already used by many nearby forests,"implemented a custom vegetation-management schedule developed specifically for this forest, an approach rarely used by nearby forests",improve native wildlife's nesting habitat
ENV-MG-02-D,ENV-MG-02,Environment,,MG,uncommon,high,6,False,,reduce wildfire management costs,adopted a commercially available vegetation-management schedule already used by many nearby forests,"implemented a custom vegetation-management schedule developed specifically for this forest, an approach rarely used by nearby forests",improve native wildlife's nesting habitat
ENV-MG-03-A,ENV-MG-03,Environment,,MG,common,low,7,False,,reduce operating costs by upgrading the plant's emissions-control equipment,"installed a newer, industry-standard scrubber system widely used by comparable facilities","commissioned a custom, in-house scrubber system built specifically for this plant, an approach rarely used by comparable facilities",lower the plant's particulate emissions
ENV-MG-03-C,ENV-MG-03,Environment,,MG,uncommon,low,8,False,,reduce operating costs by upgrading the plant's emissions-control equipment,"installed a newer, industry-standard scrubber system widely used by comparable facilities","commissioned a custom, in-house scrubber system built specifically for this plant, an approach rarely used by comparable facilities",lower the plant's particulate emissions
ENV-MG-03-D,ENV-MG-03,Environment,,MG,uncommon,high,8,False,,reduce operating costs by upgrading the plant's emissions-control equipment,"installed a newer, industry-standard scrubber system widely used by comparable facilities","commissioned a custom, in-house scrubber system built specifically for this plant, an approach rarely used by comparable facilities",lower the plant's particulate emissions
ENV-NEU-01-A,ENV-NEU-01,Environment,,NEU,common,low,2,False,,modernize the plant's water-treatment process to reduce operating costs,switched to a newer treatment process widely used by industry-standard providers,"commissioned a custom, in-house treatment process built specifically for this plant, an approach rarely used by comparable facilities",change the maintenance log's internal format
ENV-NEU-01-B,ENV-NEU-01,Environment,,NEU,common,high,2,False,,modernize the plant's water-treatment process to reduce operating costs,switched to a newer treatment process widely used by industry-standard providers,"commissioned a custom, in-house treatment process built specifically for this plant, an approach rarely used by comparable facilities",change the maintenance log's internal format
ENV-NEU-01-C,ENV-NEU-01,Environment,,NEU,uncommon,low,2,False,,modernize the plant's water-treatment process to reduce operating costs,switched to a newer treatment process widely used by industry-standard providers,"commissioned a custom, in-house treatment process built specifically for this plant, an approach rarely used by comparable facilities",change the maintenance log's internal format
ENV-NEU-01-D,ENV-NEU-01,Environment,,NEU,uncommon,high,1,False,,modernize the plant's water-treatment process to reduce operating costs,switched to a newer treatment process widely used by industry-standard providers,"commissioned a custom, in-house treatment process built specifically for this plant, an approach rarely used by comparable facilities",change the maintenance log's internal format
ENV-NEU-02-A,ENV-NEU-02,Environment,,NEU,common,low,2,False,,reduce wildfire management costs,adopted a commercially available vegetation-management schedule already used by many nearby forests,"implemented a custom vegetation-management schedule developed specifically for this forest, an approach rarely used by nearby forests",change the scheduling report's internal file-naming format
ENV-NEU-02-B,ENV-NEU-02,Environment,,NEU,common,high,1,False,,reduce wildfire management costs,adopted a commercially available vegetation-management schedule already used by many nearby forests,"implemented a custom vegetation-management schedule developed specifically for this forest, an approach rarely used by nearby forests",change the scheduling report's internal file-naming format
ENV-NEU-02-C,ENV-NEU-02,Environment,,NEU,uncommon,low,1,False,,reduce wildfire management costs,adopted a commercially available vegetation-management schedule already used by many nearby forests,"implemented a custom vegetation-management schedule developed specifically for this forest, an approach rarely used by nearby forests",change the scheduling report's internal file-naming format
ENV-NEU-02-D,ENV-NEU-02,Environment,,NEU,uncommon,high,1,False,,reduce wildfire management costs,adopted a commercially available vegetation-management schedule already used by many nearby forests,"implemented a custom vegetation-management schedule developed specifically for this forest, an approach rarely used by nearby forests",change the scheduling report's internal file-naming format
ENV-NEU-03-A,ENV-NEU-03,Environment,,NEU,common,low,2,False,,reduce operating costs by upgrading the plant's emissions-control equipment,"installed a newer, industry-standard scrubber system widely used by comparable facilities","commissioned a custom, in-house scrubber system built specifically for this plant, an approach rarely used by comparable facilities",change the air-quality log's internal file format
ENV-NEU-03-B,ENV-NEU-03,Environment,,NEU,common,high,1,False,,reduce operating costs by upgrading the plant's emissions-control equipment,"installed a newer, industry-standard scrubber system widely used by comparable facilities","commissioned a custom, in-house scrubber system built specifically for this plant, an approach rarely used by comparable facilities",change the air-quality log's internal file format
ENV-NEU-03-C,ENV-NEU-03,Environment,,NEU,uncommon,low,2,False,,reduce operating costs by upgrading the plant's emissions-control equipment,"installed a newer, industry-standard scrubber system widely used by comparable facilities","commissioned a custom, in-house scrubber system built specifically for this plant, an approach rarely used by comparable facilities",change the air-quality log's internal file format
ENV-NEU-03-D,ENV-NEU-03,Environment,,NEU,uncommon,high,1,False,,reduce operating costs by upgrading the plant's emissions-control equipment,"installed a newer, industry-standard scrubber system widely used by comparable facilities","commissioned a custom, in-house scrubber system built specifically for this plant, an approach rarely used by comparable facilities",change the air-quality log's internal file format
ENV-NMB-01-A,ENV-NMB-01,Environment,aesthetic,NMB,common,low,4,False,,modernize the plant's water-treatment process to reduce operating costs,switched to a newer treatment process widely used by industry-standard providers,"commissioned a custom, in-house treatment process built specifically for this plant, an approach rarely used by comparable facilities",change the air's odor near the plant
ENV-NMB-01-B,ENV-NMB-01,Environment,aesthetic,NMB,common,high,3,False,,modernize the plant's water-treatment process to reduce operating costs,switched to a newer treatment process widely used by industry-standard providers,"commissioned a custom, in-house treatment process built specifically for this plant, an approach rarely used by comparable facilities",change the air's odor near the plant
ENV-NMB-02-A,ENV-NMB-02,Environment,procedural,NMB,common,low,4,False,,reduce wildfire management costs,adopted a commercially available vegetation-management schedule already used by many nearby forests,"implemented a custom vegetation-management schedule developed specifically for this forest, an approach rarely used by nearby forests",increase field crews' workload
ENV-NMB-02-C,ENV-NMB-02,Environment,procedural,NMB,uncommon,low,4,False,,reduce wildfire management costs,adopted a commercially available vegetation-management schedule already used by many nearby forests,"implemented a custom vegetation-management schedule developed specifically for this forest, an approach rarely used by nearby forests",increase field crews' workload
ENV-NMB-03-B,ENV-NMB-03,Environment,aesthetic,NMB,common,high,4,False,,reduce operating costs by upgrading the plant's emissions-control equipment,"installed a newer, industry-standard scrubber system widely used by comparable facilities","commissioned a custom, in-house scrubber system built specifically for this plant, an approach rarely used by comparable facilities",change the air's odor near the plant
ENV-NMG-01-A,ENV-NMG-01,Environment,aesthetic,NMG,common,low,4,False,,modernize the plant's water-treatment process to reduce operating costs,switched to a newer treatment process widely used by industry-standard providers,"commissioned a custom, in-house treatment process built specifically for this plant, an approach rarely used by comparable facilities",change the air's odor near the plant
ENV-NMG-01-B,ENV-NMG-01,Environment,aesthetic,NMG,common,high,3,False,,modernize the plant's water-treatment process to reduce operating costs,switched to a newer treatment process widely used by industry-standard providers,"commissioned a custom, in-house treatment process built specifically for this plant, an approach rarely used by comparable facilities",change the air's odor near the plant
ENV-NMG-01-D,ENV-NMG-01,Environment,aesthetic,NMG,uncommon,high,,False,,modernize the plant's water-treatment process to reduce operating costs,switched to a newer treatment process widely used by industry-standard providers,"commissioned a custom, in-house treatment process built specifically for this plant, an approach rarely used by comparable facilities",change the air's odor near the plant
ENV-NMG-02-A,ENV-NMG-02,Environment,procedural,NMG,common,low,2,False,,reduce wildfire management costs,adopted a commercially available vegetation-management schedule already used by many nearby forests,"implemented a custom vegetation-management schedule developed specifically for this forest, an approach rarely used by nearby forests",decrease field crews' workload
ENV-NMG-02-B,ENV-NMG-02,Environment,procedural,NMG,common,high,2,False,,reduce wildfire management costs,adopted a commercially available vegetation-management schedule already used by many nearby forests,"implemented a custom vegetation-management schedule developed specifically for this forest, an approach rarely used by nearby forests",decrease field crews' workload
ENV-NMG-02-C,ENV-NMG-02,Environment,procedural,NMG,uncommon,low,1,False,,reduce wildfire management costs,adopted a commercially available vegetation-management schedule already used by many nearby forests,"implemented a custom vegetation-management schedule developed specifically for this forest, an approach rarely used by nearby forests",decrease field crews' workload
ENV-NMG-02-D,ENV-NMG-02,Environment,procedural,NMG,uncommon,high,2,False,,reduce wildfire management costs,adopted a commercially available vegetation-management schedule already used by many nearby forests,"implemented a custom vegetation-management schedule developed specifically for this forest, an approach rarely used by nearby forests",decrease field crews' workload
ENV-NMG-03-A,ENV-NMG-03,Environment,aesthetic,NMG,common,low,2,False,,reduce operating costs by upgrading the plant's emissions-control equipment,"installed a newer, industry-standard scrubber system widely used by comparable facilities","commissioned a custom, in-house scrubber system built specifically for this plant, an approach rarely used by comparable facilities",change the air's odor near the plant
ENV-NMG-03-B,ENV-NMG-03,Environment,aesthetic,NMG,common,high,2,False,,reduce operating costs by upgrading the plant's emissions-control equipment,"installed a newer, industry-standard scrubber system widely used by comparable facilities","commissioned a custom, in-house scrubber system built specifically for this plant, an approach rarely used by comparable facilities",change the air's odor near the plant
ENV-NMG-03-C,ENV-NMG-03,Environment,aesthetic,NMG,uncommon,low,2,False,,reduce operating costs by upgrading the plant's emissions-control equipment,"installed a newer, industry-standard scrubber system widely used by comparable facilities","commissioned a custom, in-house scrubber system built specifically for this plant, an approach rarely used by comparable facilities",change the air's odor near the plant
FIN-MB-01-A,FIN-MB-01,Finance,,MB,common,low,9,False,,revise the terms on its personal loan product to increase profit margins,adopted a fee structure widely used by comparable lenders in the industry,"implemented a custom fee structure designed specifically for this loan product, an approach rarely used by comparable lenders",increase borrowers' risk of falling into loan default
FIN-MB-01-B,FIN-MB-01,Finance,,MB,common,high,9,False,,revise the terms on its personal loan product to increase profit margins,adopted a fee structure widely used by comparable lenders in the industry,"implemented a custom fee structure designed specifically for this loan product, an approach rarely used by comparable lenders",increase borrowers' risk of falling into loan default
FIN-MB-01-C,FIN-MB-01,Finance,,MB,uncommon,low,9,False,,revise the terms on its personal loan product to increase profit margins,adopted a fee structure widely used by comparable lenders in the industry,"implemented a custom fee structure designed specifically for this loan product, an approach rarely used by comparable lenders",increase borrowers' risk of falling into loan default
FIN-MB-01-D,FIN-MB-01,Finance,,MB,uncommon,high,9,False,,revise the terms on its personal loan product to increase profit margins,adopted a fee structure widely used by comparable lenders in the industry,"implemented a custom fee structure designed specifically for this loan product, an approach rarely used by comparable lenders",increase borrowers' risk of falling into loan default
FIN-MB-02-A,FIN-MB-02,Finance,,MB,common,low,9,False,,streamline claims handling to cut administrative costs,adopted a claims-review process widely used by comparable insurers,"implemented a custom claims-review process designed specifically for this department, an approach rarely used by comparable insurers",increase policyholders' risk of having valid claims denied
FIN-MB-02-B,FIN-MB-02,Finance,,MB,common,high,9,False,,streamline claims handling to cut administrative costs,adopted a claims-review process widely used by comparable insurers,"implemented a custom claims-review process designed specifically for this department, an approach rarely used by comparable insurers",increase policyholders' risk of having valid claims denied
FIN-MB-02-C,FIN-MB-02,Finance,,MB,uncommon,low,9,False,,streamline claims handling to cut administrative costs,adopted a claims-review process widely used by comparable insurers,"implemented a custom claims-review process designed specifically for this department, an approach rarely used by comparable insurers",increase policyholders' risk of having valid claims denied
FIN-MB-02-D,FIN-MB-02,Finance,,MB,uncommon,high,9,False,,streamline claims handling to cut administrative costs,adopted a claims-review process widely used by comparable insurers,"implemented a custom claims-review process designed specifically for this department, an approach rarely used by comparable insurers",increase policyholders' risk of having valid claims denied
FIN-MG-01-C,FIN-MG-01,Finance,,MG,uncommon,low,7,False,,revise the terms on its personal loan product to increase profit margins,adopted a fee structure widely used by comparable lenders in the industry,"implemented a custom fee structure designed specifically for this loan product, an approach rarely used by comparable lenders",reduce borrowers' risk of falling into loan default
FIN-MG-01-D,FIN-MG-01,Finance,,MG,uncommon,high,8,False,,revise the terms on its personal loan product to increase profit margins,adopted a fee structure widely used by comparable lenders in the industry,"implemented a custom fee structure designed specifically for this loan product, an approach rarely used by comparable lenders",reduce borrowers' risk of falling into loan default
FIN-MG-02-A,FIN-MG-02,Finance,,MG,common,low,7,False,,streamline claims handling to cut administrative costs,adopted a claims-review process widely used by comparable insurers,"implemented a custom claims-review process designed specifically for this department, an approach rarely used by comparable insurers",reduce policyholders' risk of having valid claims denied
FIN-MG-02-B,FIN-MG-02,Finance,,MG,common,high,8,False,,streamline claims handling to cut administrative costs,adopted a claims-review process widely used by comparable insurers,"implemented a custom claims-review process designed specifically for this department, an approach rarely used by comparable insurers",reduce policyholders' risk of having valid claims denied
FIN-MG-02-D,FIN-MG-02,Finance,,MG,uncommon,high,8,False,,streamline claims handling to cut administrative costs,adopted a claims-review process widely used by comparable insurers,"implemented a custom claims-review process designed specifically for this department, an approach rarely used by comparable insurers",reduce policyholders' risk of having valid claims denied
FIN-NEU-01-A,FIN-NEU-01,Finance,,NEU,common,low,2,False,,revise the terms on its personal loan product to increase profit margins,adopted a fee structure widely used by comparable lenders in the industry,"implemented a custom fee structure designed specifically for this loan product, an approach rarely used by comparable lenders",change the loan archive's internal file-naming format
FIN-NEU-01-B,FIN-NEU-01,Finance,,NEU,common,high,2,False,,revise the terms on its personal loan product to increase profit margins,adopted a fee structure widely used by comparable lenders in the industry,"implemented a custom fee structure designed specifically for this loan product, an approach rarely used by comparable lenders",change the loan archive's internal file-naming format
FIN-NEU-01-C,FIN-NEU-01,Finance,,NEU,uncommon,low,2,False,,revise the terms on its personal loan product to increase profit margins,adopted a fee structure widely used by comparable lenders in the industry,"implemented a custom fee structure designed specifically for this loan product, an approach rarely used by comparable lenders",change the loan archive's internal file-naming format
FIN-NEU-01-D,FIN-NEU-01,Finance,,NEU,uncommon,high,1,False,,revise the terms on its personal loan product to increase profit margins,adopted a fee structure widely used by comparable lenders in the industry,"implemented a custom fee structure designed specifically for this loan product, an approach rarely used by comparable lenders",change the loan archive's internal file-naming format
FIN-NEU-02-A,FIN-NEU-02,Finance,,NEU,common,low,2,False,,streamline claims handling to cut administrative costs,adopted a claims-review process widely used by comparable insurers,"implemented a custom claims-review process designed specifically for this department, an approach rarely used by comparable insurers",change the claims archive's internal file-naming format
FIN-NEU-02-B,FIN-NEU-02,Finance,,NEU,common,high,1,False,,streamline claims handling to cut administrative costs,adopted a claims-review process widely used by comparable insurers,"implemented a custom claims-review process designed specifically for this department, an approach rarely used by comparable insurers",change the claims archive's internal file-naming format
FIN-NEU-02-C,FIN-NEU-02,Finance,,NEU,uncommon,low,2,False,,streamline claims handling to cut administrative costs,adopted a claims-review process widely used by comparable insurers,"implemented a custom claims-review process designed specifically for this department, an approach rarely used by comparable insurers",change the claims archive's internal file-naming format
FIN-NEU-02-D,FIN-NEU-02,Finance,,NEU,uncommon,high,1,False,,streamline claims handling to cut administrative costs,adopted a claims-review process widely used by comparable insurers,"implemented a custom claims-review process designed specifically for this department, an approach rarely used by comparable insurers",change the claims archive's internal file-naming format
FIN-NMB-01-A,FIN-NMB-01,Finance,procedural,NMB,common,low,2,False,,revise the terms on its personal loan product to increase profit margins,adopted a fee structure widely used by comparable lenders in the industry,"implemented a custom fee structure designed specifically for this loan product, an approach rarely used by comparable lenders",change the loan welcome packet's cover design
FIN-NMB-01-B,FIN-NMB-01,Finance,procedural,NMB,common,high,1,False,,revise the terms on its personal loan product to increase profit margins,adopted a fee structure widely used by comparable lenders in the industry,"implemented a custom fee structure designed specifically for this loan product, an approach rarely used by comparable lenders",change the loan welcome packet's cover design
FIN-NMB-01-C,FIN-NMB-01,Finance,procedural,NMB,uncommon,low,,False,,revise the terms on its personal loan product to increase profit margins,adopted a fee structure widely used by comparable lenders in the industry,"implemented a custom fee structure designed specifically for this loan product, an approach rarely used by comparable lenders",change the loan welcome packet's cover design
FIN-NMB-02-A,FIN-NMB-02,Finance,procedural,NMB,common,low,3,False,,streamline claims handling to cut administrative costs,adopted a claims-review process widely used by comparable insurers,"implemented a custom claims-review process designed specifically for this department, an approach rarely used by comparable insurers",change how claim status updates are displayed on the online portal
FIN-NMB-02-B,FIN-NMB-02,Finance,procedural,NMB,common,high,3,False,,streamline claims handling to cut administrative costs,adopted a claims-review process widely used by comparable insurers,"implemented a custom claims-review process designed specifically for this department, an approach rarely used by comparable insurers",change how claim status updates are displayed on the online portal
FIN-NMB-02-D,FIN-NMB-02,Finance,procedural,NMB,uncommon,high,4,False,,streamline claims handling to cut administrative costs,adopted a claims-review process widely used by comparable insurers,"implemented a custom claims-review process designed specifically for this department, an approach rarely used by comparable insurers",change how claim status updates are displayed on the online portal
FIN-NMG-01-B,FIN-NMG-01,Finance,procedural,NMG,common,high,,False,,revise the terms on its personal loan product to increase profit margins,adopted a fee structure widely used by comparable lenders in the industry,"implemented a custom fee structure designed specifically for this loan product, an approach rarely used by comparable lenders",change the loan welcome packet's cover design
FIN-NMG-02-A,FIN-NMG-02,Finance,procedural,NMG,common,low,2,False,,streamline claims handling to cut administrative costs,adopted a claims-review process widely used by comparable insurers,"implemented a custom claims-review process designed specifically for this department, an approach rarely used by comparable insurers",change how claim status updates are displayed on the online portal
FIN-NMG-02-B,FIN-NMG-02,Finance,procedural,NMG,common,high,2,False,,streamline claims handling to cut administrative costs,adopted a claims-review process widely used by comparable insurers,"implemented a custom claims-review process designed specifically for this department, an approach rarely used by comparable insurers",change how claim status updates are displayed on the online portal
FIN-NMG-02-C,FIN-NMG-02,Finance,procedural,NMG,uncommon,low,3,False,,streamline claims handling to cut administrative costs,adopted a claims-review process widely used by comparable insurers,"implemented a custom claims-review process designed specifically for this department, an approach rarely used by comparable insurers",change how claim status updates are displayed on the online portal
FIN-NMG-02-D,FIN-NMG-02,Finance,procedural,NMG,uncommon,high,3,False,,streamline claims handling to cut administrative costs,adopted a claims-review process widely used by comparable insurers,"implemented a custom claims-review process designed specifically for this department, an approach rarely used by comparable insurers",change how claim status updates are displayed on the online portal
FOOD-MB-01-A,FOOD-MB-01,Food Quality,,MB,common,low,9,False,,streamline allergen testing procedures to reduce lab costs,adopted a testing protocol widely used by comparable food manufacturers,"implemented a custom testing protocol designed specifically for this product line, an approach rarely used by comparable manufacturers",increase the risk that undeclared allergens reach customers with allergies
FOOD-MB-01-B,FOOD-MB-01,Food Quality,,MB,common,high,10,False,,streamline allergen testing procedures to reduce lab costs,adopted a testing protocol widely used by comparable food manufacturers,"implemented a custom testing protocol designed specifically for this product line, an approach rarely used by comparable manufacturers",increase the risk that undeclared allergens reach customers with allergies
FOOD-MB-01-C,FOOD-MB-01,Food Quality,,MB,uncommon,low,9,False,,streamline allergen testing procedures to reduce lab costs,adopted a testing protocol widely used by comparable food manufacturers,"implemented a custom testing protocol designed specifically for this product line, an approach rarely used by comparable manufacturers",increase the risk that undeclared allergens reach customers with allergies
FOOD-MB-01-D,FOOD-MB-01,Food Quality,,MB,uncommon,high,9,False,,streamline allergen testing procedures to reduce lab costs,adopted a testing protocol widely used by comparable food manufacturers,"implemented a custom testing protocol designed specifically for this product line, an approach rarely used by comparable manufacturers",increase the risk that undeclared allergens reach customers with allergies
FOOD-MB-02-A,FOOD-MB-02,Food Quality,,MB,common,low,9,False,,revise kitchen sanitation procedures to reduce cleaning-supply costs,adopted a sanitation schedule widely used by comparable restaurant chains,"implemented a custom sanitation schedule designed specifically for this chain, an approach rarely used by comparable restaurants",increase customers' risk of foodborne illness
FOOD-MB-02-B,FOOD-MB-02,Food Quality,,MB,common,high,9,False,,revise kitchen sanitation procedures to reduce cleaning-supply costs,adopted a sanitation schedule widely used by comparable restaurant chains,"implemented a custom sanitation schedule designed specifically for this chain, an approach rarely used by comparable restaurants",increase customers' risk of foodborne illness
FOOD-MB-02-C,FOOD-MB-02,Food Quality,,MB,uncommon,low,9,False,,revise kitchen sanitation procedures to reduce cleaning-supply costs,adopted a sanitation schedule widely used by comparable restaurant chains,"implemented a custom sanitation schedule designed specifically for this chain, an approach rarely used by comparable restaurants",increase customers' risk of foodborne illness
FOOD-MB-02-D,FOOD-MB-02,Food Quality,,MB,uncommon,high,9,False,,revise kitchen sanitation procedures to reduce cleaning-supply costs,adopted a sanitation schedule widely used by comparable restaurant chains,"implemented a custom sanitation schedule designed specifically for this chain, an approach rarely used by comparable restaurants",increase customers' risk of foodborne illness
FOOD-MG-01-A,FOOD-MG-01,Food Quality,,MG,common,low,8,False,,streamline allergen testing procedures to reduce lab costs,adopted a testing protocol widely used by comparable food manufacturers,"implemented a custom testing protocol designed specifically for this product line, an approach rarely used by comparable manufacturers",reduce the risk that undeclared allergens reach customers with allergies
FOOD-MG-01-B,FOOD-MG-01,Food Quality,,MG,common,high,8,False,,streamline allergen testing procedures to reduce lab costs,adopted a testing protocol widely used by comparable food manufacturers,"implemented a custom testing protocol designed specifically for this product line, an approach rarely used by comparable manufacturers",reduce the risk that undeclared allergens reach customers with allergies
FOOD-MG-01-C,FOOD-MG-01,Food Quality,,MG,uncommon,low,9,False,,streamline allergen testing procedures to reduce lab costs,adopted a testing protocol widely used by comparable food manufacturers,"implemented a custom testing protocol designed specifically for this product line, an approach rarely used by comparable manufacturers",reduce the risk that undeclared allergens reach customers with allergies
FOOD-MG-01-D,FOOD-MG-01,Food Quality,,MG,uncommon,high,8,False,,streamline allergen testing procedures to reduce lab costs,adopted a testing protocol widely used by comparable food manufacturers,"implemented a custom testing protocol designed specifically for this product line, an approach rarely used by comparable manufacturers",reduce the risk that undeclared allergens reach customers with allergies
FOOD-MG-02-A,FOOD-MG-02,Food Quality,,MG,common,low,8,False,,revise kitchen sanitation procedures to reduce cleaning-supply costs,adopted a sanitation schedule widely used by comparable restaurant chains,"implemented a custom sanitation schedule designed specifically for this chain, an approach rarely used by comparable restaurants",reduce customers' risk of foodborne illness
FOOD-MG-02-B,FOOD-MG-02,Food Quality,,MG,common,high,8,False,,revise kitchen sanitation procedures to reduce cleaning-supply costs,adopted a sanitation schedule widely used by comparable restaurant chains,"implemented a custom sanitation schedule designed specifically for this chain, an approach rarely used by comparable restaurants",reduce customers' risk of foodborne illness
FOOD-MG-02-C,FOOD-MG-02,Food Quality,,MG,uncommon,low,8,False,,revise kitchen sanitation procedures to reduce cleaning-supply costs,adopted a sanitation schedule widely used by comparable restaurant chains,"implemented a custom sanitation schedule designed specifically for this chain, an approach rarely used by comparable restaurants",reduce customers' risk of foodborne illness
FOOD-MG-02-D,FOOD-MG-02,Food Quality,,MG,uncommon,high,9,False,,revise kitchen sanitation procedures to reduce cleaning-supply costs,adopted a sanitation schedule widely used by comparable restaurant chains,"implemented a custom sanitation schedule designed specifically for this chain, an approach rarely used by comparable restaurants",reduce customers' risk of foodborne illness
FOOD-NEU-01-A,FOOD-NEU-01,Food Quality,,NEU,common,low,2,False,,streamline allergen testing procedures to reduce lab costs,adopted a testing protocol widely used by comparable food manufacturers,"implemented a custom testing protocol designed specifically for this product line, an approach rarely used by comparable manufacturers",change the batch-tracking log's internal file-naming format
FOOD-NEU-01-B,FOOD-NEU-01,Food Quality,,NEU,common,high,2,False,,streamline allergen testing procedures to reduce lab costs,adopted a testing protocol widely used by comparable food manufacturers,"implemented a custom testing protocol designed specifically for this product line, an approach rarely used by comparable manufacturers",change the batch-tracking log's internal file-naming format
FOOD-NEU-01-C,FOOD-NEU-01,Food Quality,,NEU,uncommon,low,2,False,,streamline allergen testing procedures to reduce lab costs,adopted a testing protocol widely used by comparable food manufacturers,"implemented a custom testing protocol designed specifically for this product line, an approach rarely used by comparable manufacturers",change the batch-tracking log's internal file-naming format
FOOD-NEU-01-D,FOOD-NEU-01,Food Quality,,NEU,uncommon,high,1,False,,streamline allergen testing procedures to reduce lab costs,adopted a testing protocol widely used by comparable food manufacturers,"implemented a custom testing protocol designed specifically for this product line, an approach rarely used by comparable manufacturers",change the batch-tracking log's internal file-naming format
FOOD-NEU-02-A,FOOD-NEU-02,Food Quality,,NEU,common,low,2,False,,revise kitchen sanitation procedures to reduce cleaning-supply costs,adopted a sanitation schedule widely used by comparable restaurant chains,"implemented a custom sanitation schedule designed specifically for this chain, an approach rarely used by comparable restaurants",change the cleaning log's internal file-naming format
FOOD-NEU-02-B,FOOD-NEU-02,Food Quality,,NEU,common,high,2,False,,revise kitchen sanitation procedures to reduce cleaning-supply costs,adopted a sanitation schedule widely used by comparable restaurant chains,"implemented a custom sanitation schedule designed specifically for this chain, an approach rarely used by comparable restaurants",change the cleaning log's internal file-naming format
FOOD-NEU-02-D,FOOD-NEU-02,Food Quality,,NEU,uncommon,high,2,False,,revise kitchen sanitation procedures to reduce cleaning-supply costs,adopted a sanitation schedule widely used by comparable restaurant chains,"implemented a custom sanitation schedule designed specifically for this chain, an approach rarely used by comparable restaurants",change the cleaning log's internal file-naming format
FOOD-NMB-01-A,FOOD-NMB-01,Food Quality,aesthetic,NMB,common,low,2,False,,streamline allergen testing procedures to reduce lab costs,adopted a testing protocol widely used by comparable food manufacturers,"implemented a custom testing protocol designed specifically for this product line, an approach rarely used by comparable manufacturers",change the product packaging's design
FOOD-NMB-01-B,FOOD-NMB-01,Food Quality,aesthetic,NMB,common,high,0,False,,streamline allergen testing procedures to reduce lab costs,adopted a testing protocol widely used by comparable food manufacturers,"implemented a custom testing protocol designed specifically for this product line, an approach rarely used by comparable manufacturers",change the product packaging's design
FOOD-NMB-01-D,FOOD-NMB-01,Food Quality,aesthetic,NMB,uncommon,high,0,False,,streamline allergen testing procedures to reduce lab costs,adopted a testing protocol widely used by comparable food manufacturers,"implemented a custom testing protocol designed specifically for this product line, an approach rarely used by comparable manufacturers",change the product packaging's design
FOOD-NMB-02-A,FOOD-NMB-02,Food Quality,aesthetic,NMB,common,low,2,False,,revise kitchen sanitation procedures to reduce cleaning-supply costs,adopted a sanitation schedule widely used by comparable restaurant chains,"implemented a custom sanitation schedule designed specifically for this chain, an approach rarely used by comparable restaurants",change the dining area's decor
FOOD-NMB-02-B,FOOD-NMB-02,Food Quality,aesthetic,NMB,common,high,2,False,,revise kitchen sanitation procedures to reduce cleaning-supply costs,adopted a sanitation schedule widely used by comparable restaurant chains,"implemented a custom sanitation schedule designed specifically for this chain, an approach rarely used by comparable restaurants",change the dining area's decor
FOOD-NMB-02-C,FOOD-NMB-02,Food Quality,aesthetic,NMB,uncommon,low,3,False,,revise kitchen sanitation procedures to reduce cleaning-supply costs,adopted a sanitation schedule widely used by comparable restaurant chains,"implemented a custom sanitation schedule designed specifically for this chain, an approach rarely used by comparable restaurants",change the dining area's decor
FOOD-NMB-02-D,FOOD-NMB-02,Food Quality,aesthetic,NMB,uncommon,high,1,False,,revise kitchen sanitation procedures to reduce cleaning-supply costs,adopted a sanitation schedule widely used by comparable restaurant chains,"implemented a custom sanitation schedule designed specifically for this chain, an approach rarely used by comparable restaurants",change the dining area's decor
FOOD-NMG-01-A,FOOD-NMG-01,Food Quality,aesthetic,NMG,common,low,2,False,,streamline allergen testing procedures to reduce lab costs,adopted a testing protocol widely used by comparable food manufacturers,"implemented a custom testing protocol designed specifically for this product line, an approach rarely used by comparable manufacturers",change the product packaging's design
FOOD-NMG-01-C,FOOD-NMG-01,Food Quality,aesthetic,NMG,uncommon,low,,False,,streamline allergen testing procedures to reduce lab costs,adopted a testing protocol widely used by comparable food manufacturers,"implemented a custom testing protocol designed specifically for this product line, an approach rarely used by comparable manufacturers",change the product packaging's design
FOOD-NMG-01-D,FOOD-NMG-01,Food Quality,aesthetic,NMG,uncommon,high,,False,,streamline allergen testing procedures to reduce lab costs,adopted a testing protocol widely used by comparable food manufacturers,"implemented a custom testing protocol designed specifically for this product line, an approach rarely used by comparable manufacturers",change the product packaging's design
FOOD-NMG-02-A,FOOD-NMG-02,Food Quality,aesthetic,NMG,common,low,2,False,,revise kitchen sanitation procedures to reduce cleaning-supply costs,adopted a sanitation schedule widely used by comparable restaurant chains,"implemented a custom sanitation schedule designed specifically for this chain, an approach rarely used by comparable restaurants",change the dining area's decor
FOOD-NMG-02-B,FOOD-NMG-02,Food Quality,aesthetic,NMG,common,high,2,False,,revise kitchen sanitation procedures to reduce cleaning-supply costs,adopted a sanitation schedule widely used by comparable restaurant chains,"implemented a custom sanitation schedule designed specifically for this chain, an approach rarely used by comparable restaurants",change the dining area's decor
FOOD-NMG-02-C,FOOD-NMG-02,Food Quality,aesthetic,NMG,uncommon,low,2,False,,revise kitchen sanitation procedures to reduce cleaning-supply costs,adopted a sanitation schedule widely used by comparable restaurant chains,"implemented a custom sanitation schedule designed specifically for this chain, an approach rarely used by comparable restaurants",change the dining area's decor
HC-MB-01-A,HC-MB-01,Healthcare,,MB,common,low,9,False,,restructure nurse staffing ratios to reduce labor costs,adopted a staffing ratio widely used by comparable hospitals in the region,"implemented a custom staffing ratio designed specifically for this hospital, an approach rarely used by comparable facilities",increase patients' risk of complications linked to inadequate staffing
HC-MB-01-B,HC-MB-01,Healthcare,,MB,common,high,9,False,,restructure nurse staffing ratios to reduce labor costs,adopted a staffing ratio widely used by comparable hospitals in the region,"implemented a custom staffing ratio designed specifically for this hospital, an approach rarely used by comparable facilities",increase patients' risk of complications linked to inadequate staffing
HC-MB-01-C,HC-MB-01,Healthcare,,MB,uncommon,low,9,False,,restructure nurse staffing ratios to reduce labor costs,adopted a staffing ratio widely used by comparable hospitals in the region,"implemented a custom staffing ratio designed specifically for this hospital, an approach rarely used by comparable facilities",increase patients' risk of complications linked to inadequate staffing
HC-MB-01-D,HC-MB-01,Healthcare,,MB,uncommon,high,10,False,,restructure nurse staffing ratios to reduce labor costs,adopted a staffing ratio widely used by comparable hospitals in the region,"implemented a custom staffing ratio designed specifically for this hospital, an approach rarely used by comparable facilities",increase patients' risk of complications linked to inadequate staffing
HC-MB-02-A,HC-MB-02,Healthcare,,MB,common,low,9,False,,switch to a lower-cost formulary to reduce the hospital's drug procurement costs,adopted a formulary substitution list widely used by comparable hospital pharmacies,"implemented a custom formulary substitution list designed specifically for this hospital, an approach rarely used by comparable pharmacies",increase patients' risk of adverse reactions to their medication
HC-MB-02-B,HC-MB-02,Healthcare,,MB,common,high,9,False,,switch to a lower-cost formulary to reduce the hospital's drug procurement costs,adopted a formulary substitution list widely used by comparable hospital pharmacies,"implemented a custom formulary substitution list designed specifically for this hospital, an approach rarely used by comparable pharmacies",increase patients' risk of adverse reactions to their medication
HC-MB-02-C,HC-MB-02,Healthcare,,MB,uncommon,low,9,False,,switch to a lower-cost formulary to reduce the hospital's drug procurement costs,adopted a formulary substitution list widely used by comparable hospital pharmacies,"implemented a custom formulary substitution list designed specifically for this hospital, an approach rarely used by comparable pharmacies",increase patients' risk of adverse reactions to their medication
HC-MB-02-D,HC-MB-02,Healthcare,,MB,uncommon,high,9,False,,switch to a lower-cost formulary to reduce the hospital's drug procurement costs,adopted a formulary substitution list widely used by comparable hospital pharmacies,"implemented a custom formulary substitution list designed specifically for this hospital, an approach rarely used by comparable pharmacies",increase patients' risk of adverse reactions to their medication
HC-MG-01-A,HC-MG-01,Healthcare,,MG,common,low,8,False,,restructure nurse staffing ratios to reduce labor costs,adopted a staffing ratio widely used by comparable hospitals in the region,"implemented a custom staffing ratio designed specifically for this hospital, an approach rarely used by comparable facilities",reduce patients' risk of complications linked to inadequate staffing
HC-MG-01-C,HC-MG-01,Healthcare,,MG,uncommon,low,,False,,restructure nurse staffing ratios to reduce labor costs,adopted a staffing ratio widely used by comparable hospitals in the region,"implemented a custom staffing ratio designed specifically for this hospital, an approach rarely used by comparable facilities",reduce patients' risk of complications linked to inadequate staffing
HC-MG-01-D,HC-MG-01,Healthcare,,MG,uncommon,high,,False,,restructure nurse staffing ratios to reduce labor costs,adopted a staffing ratio widely used by comparable hospitals in the region,"implemented a custom staffing ratio designed specifically for this hospital, an approach rarely used by comparable facilities",reduce patients' risk of complications linked to inadequate staffing
HC-MG-02-A,HC-MG-02,Healthcare,,MG,common,low,7,False,,switch to a lower-cost formulary to reduce the hospital's drug procurement costs,adopted a formulary substitution list widely used by comparable hospital pharmacies,"implemented a custom formulary substitution list designed specifically for this hospital, an approach rarely used by comparable pharmacies",reduce patients' risk of adverse reactions to their medication
HC-MG-02-B,HC-MG-02,Healthcare,,MG,common,high,8,False,,switch to a lower-cost formulary to reduce the hospital's drug procurement costs,adopted a formulary substitution list widely used by comparable hospital pharmacies,"implemented a custom formulary substitution list designed specifically for this hospital, an approach rarely used by comparable pharmacies",reduce patients' risk of adverse reactions to their medication
HC-MG-02-C,HC-MG-02,Healthcare,,MG,uncommon,low,8,False,,switch to a lower-cost formulary to reduce the hospital's drug procurement costs,adopted a formulary substitution list widely used by comparable hospital pharmacies,"implemented a custom formulary substitution list designed specifically for this hospital, an approach rarely used by comparable pharmacies",reduce patients' risk of adverse reactions to their medication
HC-MG-02-D,HC-MG-02,Healthcare,,MG,uncommon,high,8,False,,switch to a lower-cost formulary to reduce the hospital's drug procurement costs,adopted a formulary substitution list widely used by comparable hospital pharmacies,"implemented a custom formulary substitution list designed specifically for this hospital, an approach rarely used by comparable pharmacies",reduce patients' risk of adverse reactions to their medication
HC-NEU-01-A,HC-NEU-01,Healthcare,,NEU,common,low,,False,,restructure nurse staffing ratios to reduce labor costs,adopted a staffing ratio widely used by comparable hospitals in the region,"implemented a custom staffing ratio designed specifically for this hospital, an approach rarely used by comparable facilities",change the shift-scheduling log's internal file format
HC-NEU-01-B,HC-NEU-01,Healthcare,,NEU,common,high,2,False,,restructure nurse staffing ratios to reduce labor costs,adopted a staffing ratio widely used by comparable hospitals in the region,"implemented a custom staffing ratio designed specifically for this hospital, an approach rarely used by comparable facilities",change the shift-scheduling log's internal file format
HC-NEU-01-C,HC-NEU-01,Healthcare,,NEU,uncommon,low,0,False,,restructure nurse staffing ratios to reduce labor costs,adopted a staffing ratio widely used by comparable hospitals in the region,"implemented a custom staffing ratio designed specifically for this hospital, an approach rarely used by comparable facilities",change the shift-scheduling log's internal file format
HC-NEU-01-D,HC-NEU-01,Healthcare,,NEU,uncommon,high,2,False,,restructure nurse staffing ratios to reduce labor costs,adopted a staffing ratio widely used by comparable hospitals in the region,"implemented a custom staffing ratio designed specifically for this hospital, an approach rarely used by comparable facilities",change the shift-scheduling log's internal file format
HC-NEU-02-A,HC-NEU-02,Healthcare,,NEU,common,low,2,False,,switch to a lower-cost formulary to reduce the hospital's drug procurement costs,adopted a formulary substitution list widely used by comparable hospital pharmacies,"implemented a custom formulary substitution list designed specifically for this hospital, an approach rarely used by comparable pharmacies",change the prescription archive's internal file-naming format
HC-NEU-02-B,HC-NEU-02,Healthcare,,NEU,common,high,1,False,,switch to a lower-cost formulary to reduce the hospital's drug procurement costs,adopted a formulary substitution list widely used by comparable hospital pharmacies,"implemented a custom formulary substitution list designed specifically for this hospital, an approach rarely used by comparable pharmacies",change the prescription archive's internal file-naming format
HC-NEU-02-C,HC-NEU-02,Healthcare,,NEU,uncommon,low,2,False,,switch to a lower-cost formulary to reduce the hospital's drug procurement costs,adopted a formulary substitution list widely used by comparable hospital pharmacies,"implemented a custom formulary substitution list designed specifically for this hospital, an approach rarely used by comparable pharmacies",change the prescription archive's internal file-naming format
HC-NEU-02-D,HC-NEU-02,Healthcare,,NEU,uncommon,high,1,False,,switch to a lower-cost formulary to reduce the hospital's drug procurement costs,adopted a formulary substitution list widely used by comparable hospital pharmacies,"implemented a custom formulary substitution list designed specifically for this hospital, an approach rarely used by comparable pharmacies",change the prescription archive's internal file-naming format
HC-NMB-02-A,HC-NMB-02,Healthcare,procedural,NMB,common,low,2,False,,switch to a lower-cost formulary to reduce the hospital's drug procurement costs,adopted a formulary substitution list widely used by comparable hospital pharmacies,"implemented a custom formulary substitution list designed specifically for this hospital, an approach rarely used by comparable pharmacies",change the color of the prescription bottle's cap
HC-NMB-02-B,HC-NMB-02,Healthcare,procedural,NMB,common,high,0,False,,switch to a lower-cost formulary to reduce the hospital's drug procurement costs,adopted a formulary substitution list widely used by comparable hospital pharmacies,"implemented a custom formulary substitution list designed specifically for this hospital, an approach rarely used by comparable pharmacies",change the color of the prescription bottle's cap
HC-NMB-02-C,HC-NMB-02,Healthcare,procedural,NMB,uncommon,low,3,False,,switch to a lower-cost formulary to reduce the hospital's drug procurement costs,adopted a formulary substitution list widely used by comparable hospital pharmacies,"implemented a custom formulary substitution list designed specifically for this hospital, an approach rarely used by comparable pharmacies",change the color of the prescription bottle's cap
HC-NMB-02-D,HC-NMB-02,Healthcare,procedural,NMB,uncommon,high,0,False,,switch to a lower-cost formulary to reduce the hospital's drug procurement costs,adopted a formulary substitution list widely used by comparable hospital pharmacies,"implemented a custom formulary substitution list designed specifically for this hospital, an approach rarely used by comparable pharmacies",change the color of the prescription bottle's cap
HC-NMG-01-D,HC-NMG-01,Healthcare,aesthetic,NMG,uncommon,high,1,False,,restructure nurse staffing ratios to reduce labor costs,adopted a staffing ratio widely used by comparable hospitals in the region,"implemented a custom staffing ratio designed specifically for this hospital, an approach rarely used by comparable facilities",change the waiting area's decor
HC-NMG-02-A,HC-NMG-02,Healthcare,procedural,NMG,common,low,2,False,,switch to a lower-cost formulary to reduce the hospital's drug procurement costs,adopted a formulary substitution list widely used by comparable hospital pharmacies,"implemented a custom formulary substitution list designed specifically for this hospital, an approach rarely used by comparable pharmacies",change the color of the prescription bottle's cap
HC-NMG-02-B,HC-NMG-02,Healthcare,procedural,NMG,common,high,1,False,,switch to a lower-cost formulary to reduce the hospital's drug procurement costs,adopted a formulary substitution list widely used by comparable hospital pharmacies,"implemented a custom formulary substitution list designed specifically for this hospital, an approach rarely used by comparable pharmacies",change the color of the prescription bottle's cap
HC-NMG-02-C,HC-NMG-02,Healthcare,procedural,NMG,uncommon,low,,False,,switch to a lower-cost formulary to reduce the hospital's drug procurement costs,adopted a formulary substitution list widely used by comparable hospital pharmacies,"implemented a custom formulary substitution list designed specifically for this hospital, an approach rarely used by comparable pharmacies",change the color of the prescription bottle's cap
HC-NMG-02-D,HC-NMG-02,Healthcare,procedural,NMG,uncommon,high,2,False,,switch to a lower-cost formulary to reduce the hospital's drug procurement costs,adopted a formulary substitution list widely used by comparable hospital pharmacies,"implemented a custom formulary substitution list designed specifically for this hospital, an approach rarely used by comparable pharmacies",change the color of the prescription bottle's cap
PS-MB-01-A,PS-MB-01,Product Safety,,MB,common,low,9,False,,modernize its toy assembly process to cut production costs,adopted a widely used assembly method common across comparable toy manufacturers,"commissioned a custom, in-house assembly method built specifically for this toy line, an approach rarely used by comparable manufacturers",put children at risk of choking
PS-MB-01-B,PS-MB-01,Product Safety,,MB,common,high,10,False,,modernize its toy assembly process to cut production costs,adopted a widely used assembly method common across comparable toy manufacturers,"commissioned a custom, in-house assembly method built specifically for this toy line, an approach rarely used by comparable manufacturers",put children at risk of choking
PS-MB-01-C,PS-MB-01,Product Safety,,MB,uncommon,low,10,False,,modernize its toy assembly process to cut production costs,adopted a widely used assembly method common across comparable toy manufacturers,"commissioned a custom, in-house assembly method built specifically for this toy line, an approach rarely used by comparable manufacturers",put children at risk of choking
PS-MB-01-D,PS-MB-01,Product Safety,,MB,uncommon,high,9,False,,modernize its toy assembly process to cut production costs,adopted a widely used assembly method common across comparable toy manufacturers,"commissioned a custom, in-house assembly method built specifically for this toy line, an approach rarely used by comparable manufacturers",put children at risk of choking
PS-MB-02-A,PS-MB-02,Product Safety,,MB,common,low,9,False,,modernize its space heater's internal wiring to cut manufacturing costs,switched to a wiring supplier widely used by industry-standard manufacturers,"commissioned a custom, in-house wiring assembly built specifically for this product line, an approach rarely used by comparable manufacturers",put customers' homes at risk of fire
PS-MB-02-B,PS-MB-02,Product Safety,,MB,common,high,9,False,,modernize its space heater's internal wiring to cut manufacturing costs,switched to a wiring supplier widely used by industry-standard manufacturers,"commissioned a custom, in-house wiring assembly built specifically for this product line, an approach rarely used by comparable manufacturers",put customers' homes at risk of fire
PS-MB-02-C,PS-MB-02,Product Safety,,MB,uncommon,low,9,False,,modernize its space heater's internal wiring to cut manufacturing costs,switched to a wiring supplier widely used by industry-standard manufacturers,"commissioned a custom, in-house wiring assembly built specifically for this product line, an approach rarely used by comparable manufacturers",put customers' homes at risk of fire
PS-MB-02-D,PS-MB-02,Product Safety,,MB,uncommon,high,10,False,,modernize its space heater's internal wiring to cut manufacturing costs,switched to a wiring supplier widely used by industry-standard manufacturers,"commissioned a custom, in-house wiring assembly built specifically for this product line, an approach rarely used by comparable manufacturers",put customers' homes at risk of fire
PS-MG-01-A,PS-MG-01,Product Safety,,MG,common,low,8,False,,modernize its toy assembly process to cut production costs,adopted a widely used assembly method common across comparable toy manufacturers,"commissioned a custom, in-house assembly method built specifically for this toy line, an approach rarely used by comparable manufacturers",reduce children's risk of choking on the toy
PS-MG-01-D,PS-MG-01,Product Safety,,MG,uncommon,high,8,False,,modernize its toy assembly process to cut production costs,adopted a widely used assembly method common across comparable toy manufacturers,"commissioned a custom, in-house assembly method built specifically for this toy line, an approach rarely used by comparable manufacturers",reduce children's risk of choking on the toy
PS-NEU-01-A,PS-NEU-01,Product Safety,,NEU,common,low,2,False,,modernize its toy assembly process to cut production costs,adopted a widely used assembly method common across comparable toy manufacturers,"commissioned a custom, in-house assembly method built specifically for this toy line, an approach rarely used by comparable manufacturers",change the shipment log's internal file-naming format
PS-NEU-01-B,PS-NEU-01,Product Safety,,NEU,common,high,1,False,,modernize its toy assembly process to cut production costs,adopted a widely used assembly method common across comparable toy manufacturers,"commissioned a custom, in-house assembly method built specifically for this toy line, an approach rarely used by comparable manufacturers",change the shipment log's internal file-naming format
PS-NEU-01-C,PS-NEU-01,Product Safety,,NEU,uncommon,low,2,False,,modernize its toy assembly process to cut production costs,adopted a widely used assembly method common across comparable toy manufacturers,"commissioned a custom, in-house assembly method built specifically for this toy line, an approach rarely used by comparable manufacturers",change the shipment log's internal file-naming format
PS-NEU-01-D,PS-NEU-01,Product Safety,,NEU,uncommon,high,1,False,,modernize its toy assembly process to cut production costs,adopted a widely used assembly method common across comparable toy manufacturers,"commissioned a custom, in-house assembly method built specifically for this toy line, an approach rarely used by comparable manufacturers",change the shipment log's internal file-naming format
PS-NEU-02-A,PS-NEU-02,Product Safety,,NEU,common,low,2,False,,modernize its space heater's internal wiring to cut manufacturing costs,switched to a wiring supplier widely used by industry-standard manufacturers,"commissioned a custom, in-house wiring assembly built specifically for this product line, an approach rarely used by comparable manufacturers",change the testing log's internal file-naming format
PS-NEU-02-B,PS-NEU-02,Product Safety,,NEU,common,high,2,False,,modernize its space heater's internal wiring to cut manufacturing costs,switched to a wiring supplier widely used by industry-standard manufacturers,"commissioned a custom, in-house wiring assembly built specifically for this product line, an approach rarely used by comparable manufacturers",change the testing log's internal file-naming format
PS-NEU-02-C,PS-NEU-02,Product Safety,,NEU,uncommon,low,2,False,,modernize its space heater's internal wiring to cut manufacturing costs,switched to a wiring supplier widely used by industry-standard manufacturers,"commissioned a custom, in-house wiring assembly built specifically for this product line, an approach rarely used by comparable manufacturers",change the testing log's internal file-naming format
PS-NEU-02-D,PS-NEU-02,Product Safety,,NEU,uncommon,high,1,False,,modernize its space heater's internal wiring to cut manufacturing costs,switched to a wiring supplier widely used by industry-standard manufacturers,"commissioned a custom, in-house wiring assembly built specifically for this product line, an approach rarely used by comparable manufacturers",change the testing log's internal file-naming format
PS-NMB-01-A,PS-NMB-01,Product Safety,aesthetic,NMB,common,low,2,False,,modernize its toy assembly process to cut production costs,adopted a widely used assembly method common across comparable toy manufacturers,"commissioned a custom, in-house assembly method built specifically for this toy line, an approach rarely used by comparable manufacturers",change the toy's paint color scheme
PS-NMB-01-B,PS-NMB-01,Product Safety,aesthetic,NMB,common,high,2,False,,modernize its toy assembly process to cut production costs,adopted a widely used assembly method common across comparable toy manufacturers,"commissioned a custom, in-house assembly method built specifically for this toy line, an approach rarely used by comparable manufacturers",change the toy's paint color scheme
PS-NMB-01-C,PS-NMB-01,Product Safety,aesthetic,NMB,uncommon,low,2,False,,modernize its toy assembly process to cut production costs,adopted a widely used assembly method common across comparable toy manufacturers,"commissioned a custom, in-house assembly method built specifically for this toy line, an approach rarely used by comparable manufacturers",change the toy's paint color scheme
PS-NMB-01-D,PS-NMB-01,Product Safety,aesthetic,NMB,uncommon,high,2,False,,modernize its toy assembly process to cut production costs,adopted a widely used assembly method common across comparable toy manufacturers,"commissioned a custom, in-house assembly method built specifically for this toy line, an approach rarely used by comparable manufacturers",change the toy's paint color scheme
PS-NMB-02-A,PS-NMB-02,Product Safety,prudential,NMB,common,low,3,False,,modernize its space heater's internal wiring to cut manufacturing costs,switched to a wiring supplier widely used by industry-standard manufacturers,"commissioned a custom, in-house wiring assembly built specifically for this product line, an approach rarely used by comparable manufacturers",increase the space heater's electricity usage
PS-NMB-02-C,PS-NMB-02,Product Safety,prudential,NMB,uncommon,low,3,False,,modernize its space heater's internal wiring to cut manufacturing costs,switched to a wiring supplier widely used by industry-standard manufacturers,"commissioned a custom, in-house wiring assembly built specifically for this product line, an approach rarely used by comparable manufacturers",increase the space heater's electricity usage
PS-NMG-01-A,PS-NMG-01,Product Safety,aesthetic,NMG,common,low,2,False,,modernize its toy assembly process to cut production costs,adopted a widely used assembly method common across comparable toy manufacturers,"commissioned a custom, in-house assembly method built specifically for this toy line, an approach rarely used by comparable manufacturers",change the toy's paint color scheme
PS-NMG-01-B,PS-NMG-01,Product Safety,aesthetic,NMG,common,high,2,False,,modernize its toy assembly process to cut production costs,adopted a widely used assembly method common across comparable toy manufacturers,"commissioned a custom, in-house assembly method built specifically for this toy line, an approach rarely used by comparable manufacturers",change the toy's paint color scheme
PS-NMG-01-C,PS-NMG-01,Product Safety,aesthetic,NMG,uncommon,low,1,False,,modernize its toy assembly process to cut production costs,adopted a widely used assembly method common across comparable toy manufacturers,"commissioned a custom, in-house assembly method built specifically for this toy line, an approach rarely used by comparable manufacturers",change the toy's paint color scheme
PS-NMG-01-D,PS-NMG-01,Product Safety,aesthetic,NMG,uncommon,high,1,False,,modernize its toy assembly process to cut production costs,adopted a widely used assembly method common across comparable toy manufacturers,"commissioned a custom, in-house assembly method built specifically for this toy line, an approach rarely used by comparable manufacturers",change the toy's paint color scheme
PS-NMG-02-A,PS-NMG-02,Product Safety,prudential,NMG,common,low,2,False,,modernize its space heater's internal wiring to cut manufacturing costs,switched to a wiring supplier widely used by industry-standard manufacturers,"commissioned a custom, in-house wiring assembly built specifically for this product line, an approach rarely used by comparable manufacturers",decrease the space heater's electricity usage
PS-NMG-02-B,PS-NMG-02,Product Safety,prudential,NMG,common,high,2,False,,modernize its space heater's internal wiring to cut manufacturing costs,switched to a wiring supplier widely used by industry-standard manufacturers,"commissioned a custom, in-house wiring assembly built specifically for this product line, an approach rarely used by comparable manufacturers",decrease the space heater's electricity usage
PS-NMG-02-C,PS-NMG-02,Product Safety,prudential,NMG,uncommon,low,,False,,modernize its space heater's internal wiring to cut manufacturing costs,switched to a wiring supplier widely used by industry-standard manufacturers,"commissioned a custom, in-house wiring assembly built specifically for this product line, an approach rarely used by comparable manufacturers",decrease the space heater's electricity usage
PS-NMG-02-D,PS-NMG-02,Product Safety,prudential,NMG,uncommon,high,2,False,,modernize its space heater's internal wiring to cut manufacturing costs,switched to a wiring supplier widely used by industry-standard manufacturers,"commissioned a custom, in-house wiring assembly built specifically for this product line, an approach rarely used by comparable manufacturers",decrease the space heater's electricity usage
WORK-MB-01-A,WORK-MB-01,Workplace,,MB,common,low,9,False,,restructure the team's shift schedule to increase quarterly output,adopted a shift-rotation schedule widely used by comparable departments in the industry,"implemented a custom shift-rotation schedule designed specifically for this team, an approach rarely used by comparable departments",increase employees' risk of exhaustion-related harm
WORK-MB-01-B,WORK-MB-01,Workplace,,MB,common,high,9,False,,restructure the team's shift schedule to increase quarterly output,adopted a shift-rotation schedule widely used by comparable departments in the industry,"implemented a custom shift-rotation schedule designed specifically for this team, an approach rarely used by comparable departments",increase employees' risk of exhaustion-related harm
WORK-MB-01-C,WORK-MB-01,Workplace,,MB,uncommon,low,9,False,,restructure the team's shift schedule to increase quarterly output,adopted a shift-rotation schedule widely used by comparable departments in the industry,"implemented a custom shift-rotation schedule designed specifically for this team, an approach rarely used by comparable departments",increase employees' risk of exhaustion-related harm
WORK-MB-01-D,WORK-MB-01,Workplace,,MB,uncommon,high,9,False,,restructure the team's shift schedule to increase quarterly output,adopted a shift-rotation schedule widely used by comparable departments in the industry,"implemented a custom shift-rotation schedule designed specifically for this team, an approach rarely used by comparable departments",increase employees' risk of exhaustion-related harm
WORK-MB-02-A,WORK-MB-02,Workplace,,MB,common,low,7,False,,revise the sales team's commission structure to reduce payroll costs,adopted a commission formula widely used by comparable retail chains,"implemented a custom commission formula designed specifically for this store, an approach rarely used by comparable retailers",reduce sales associates' take-home pay below what they had budgeted for
WORK-MB-02-B,WORK-MB-02,Workplace,,MB,common,high,8,False,,revise the sales team's commission structure to reduce payroll costs,adopted a commission formula widely used by comparable retail chains,"implemented a custom commission formula designed specifically for this store, an approach rarely used by comparable retailers",reduce sales associates' take-home pay below what they had budgeted for
WORK-MB-02-C,WORK-MB-02,Workplace,,MB,uncommon,low,8,False,,revise the sales team's commission structure to reduce payroll costs,adopted a commission formula widely used by comparable retail chains,"implemented a custom commission formula designed specifically for this store, an approach rarely used by comparable retailers",reduce sales associates' take-home pay below what they had budgeted for
WORK-MB-02-D,WORK-MB-02,Workplace,,MB,uncommon,high,9,False,,revise the sales team's commission structure to reduce payroll costs,adopted a commission formula widely used by comparable retail chains,"implemented a custom commission formula designed specifically for this store, an approach rarely used by comparable retailers",reduce sales associates' take-home pay below what they had budgeted for
WORK-MG-01-A,WORK-MG-01,Workplace,,MG,common,low,7,False,,restructure the team's shift schedule to increase quarterly output,adopted a shift-rotation schedule widely used by comparable departments in the industry,"implemented a custom shift-rotation schedule designed specifically for this team, an approach rarely used by comparable departments",reduce employees' risk of exhaustion-related harm
WORK-MG-01-B,WORK-MG-01,Workplace,,MG,common,high,7,False,,restructure the team's shift schedule to increase quarterly output,adopted a shift-rotation schedule widely used by comparable departments in the industry,"implemented a custom shift-rotation schedule designed specifically for this team, an approach rarely used by comparable departments",reduce employees' risk of exhaustion-related harm
WORK-MG-01-C,WORK-MG-01,Workplace,,MG,uncommon,low,8,False,,restructure the team's shift schedule to increase quarterly output,adopted a shift-rotation schedule widely used by comparable departments in the industry,"implemented a custom shift-rotation schedule designed specifically for this team, an approach rarely used by comparable departments",reduce employees' risk of exhaustion-related harm
WORK-MG-01-D,WORK-MG-01,Workplace,,MG,uncommon,high,8,False,,restructure the team's shift schedule to increase quarterly output,adopted a shift-rotation schedule widely used by comparable departments in the industry,"implemented a custom shift-rotation schedule designed specifically for this team, an approach rarely used by comparable departments",reduce employees' risk of exhaustion-related harm
WORK-MG-02-A,WORK-MG-02,Workplace,,MG,common,low,,False,,revise the sales team's commission structure to reduce payroll costs,adopted a commission formula widely used by comparable retail chains,"implemented a custom commission formula designed specifically for this store, an approach rarely used by comparable retailers",increase sales associates' take-home pay
WORK-MG-02-B,WORK-MG-02,Workplace,,MG,common,high,6,False,,revise the sales team's commission structure to reduce payroll costs,adopted a commission formula widely used by comparable retail chains,"implemented a custom commission formula designed specifically for this store, an approach rarely used by comparable retailers",increase sales associates' take-home pay
WORK-MG-02-D,WORK-MG-02,Workplace,,MG,uncommon,high,,False,,revise the sales team's commission structure to reduce payroll costs,adopted a commission formula widely used by comparable retail chains,"implemented a custom commission formula designed specifically for this store, an approach rarely used by comparable retailers",increase sales associates' take-home pay
WORK-NEU-01-A,WORK-NEU-01,Workplace,,NEU,common,low,2,False,,restructure the team's shift schedule to increase quarterly output,adopted a shift-rotation schedule widely used by comparable departments in the industry,"implemented a custom shift-rotation schedule designed specifically for this team, an approach rarely used by comparable departments",change the scheduling system's internal record format
WORK-NEU-01-B,WORK-NEU-01,Workplace,,NEU,common,high,1,False,,restructure the team's shift schedule to increase quarterly output,adopted a shift-rotation schedule widely used by comparable departments in the industry,"implemented a custom shift-rotation schedule designed specifically for this team, an approach rarely used by comparable departments",change the scheduling system's internal record format
WORK-NEU-01-C,WORK-NEU-01,Workplace,,NEU,uncommon,low,2,False,,restructure the team's shift schedule to increase quarterly output,adopted a shift-rotation schedule widely used by comparable departments in the industry,"implemented a custom shift-rotation schedule designed specifically for this team, an approach rarely used by comparable departments",change the scheduling system's internal record format
WORK-NEU-01-D,WORK-NEU-01,Workplace,,NEU,uncommon,high,1,False,,restructure the team's shift schedule to increase quarterly output,adopted a shift-rotation schedule widely used by comparable departments in the industry,"implemented a custom shift-rotation schedule designed specifically for this team, an approach rarely used by comparable departments",change the scheduling system's internal record format
WORK-NEU-02-A,WORK-NEU-02,Workplace,,NEU,common,low,2,False,,revise the sales team's commission structure to reduce payroll costs,adopted a commission formula widely used by comparable retail chains,"implemented a custom commission formula designed specifically for this store, an approach rarely used by comparable retailers",change the payroll archive's internal file-naming format
WORK-NEU-02-B,WORK-NEU-02,Workplace,,NEU,common,high,1,False,,revise the sales team's commission structure to reduce payroll costs,adopted a commission formula widely used by comparable retail chains,"implemented a custom commission formula designed specifically for this store, an approach rarely used by comparable retailers",change the payroll archive's internal file-naming format
WORK-NEU-02-C,WORK-NEU-02,Workplace,,NEU,uncommon,low,2,False,,revise the sales team's commission structure to reduce payroll costs,adopted a commission formula widely used by comparable retail chains,"implemented a custom commission formula designed specifically for this store, an approach rarely used by comparable retailers",change the payroll archive's internal file-naming format
WORK-NEU-02-D,WORK-NEU-02,Workplace,,NEU,uncommon,high,2,False,,revise the sales team's commission structure to reduce payroll costs,adopted a commission formula widely used by comparable retail chains,"implemented a custom commission formula designed specifically for this store, an approach rarely used by comparable retailers",change the payroll archive's internal file-naming format
WORK-NMB-01-A,WORK-NMB-01,Workplace,procedural,NMB,common,low,2,False,,restructure the team's shift schedule to increase quarterly output,adopted a shift-rotation schedule widely used by comparable departments in the industry,"implemented a custom shift-rotation schedule designed specifically for this team, an approach rarely used by comparable departments",change the office's seating arrangement
WORK-NMB-01-B,WORK-NMB-01,Workplace,procedural,NMB,common,high,0,False,,restructure the team's shift schedule to increase quarterly output,adopted a shift-rotation schedule widely used by comparable departments in the industry,"implemented a custom shift-rotation schedule designed specifically for this team, an approach rarely used by comparable departments",change the office's seating arrangement
WORK-NMB-01-C,WORK-NMB-01,Workplace,procedural,NMB,uncommon,low,2,False,,restructure the team's shift schedule to increase quarterly output,adopted a shift-rotation schedule widely used by comparable departments in the industry,"implemented a custom shift-rotation schedule designed specifically for this team, an approach rarely used by comparable departments",change the office's seating arrangement
WORK-NMB-01-D,WORK-NMB-01,Workplace,procedural,NMB,uncommon,high,2,False,,restructure the team's shift schedule to increase quarterly output,adopted a shift-rotation schedule widely used by comparable departments in the industry,"implemented a custom shift-rotation schedule designed specifically for this team, an approach rarely used by comparable departments",change the office's seating arrangement
WORK-NMB-02-A,WORK-NMB-02,Workplace,procedural,NMB,common,low,3,False,,revise the sales team's commission structure to reduce payroll costs,adopted a commission formula widely used by comparable retail chains,"implemented a custom commission formula designed specifically for this store, an approach rarely used by comparable retailers",change how commission breakdowns are displayed on pay stubs
WORK-NMB-02-B,WORK-NMB-02,Workplace,procedural,NMB,common,high,2,False,,revise the sales team's commission structure to reduce payroll costs,adopted a commission formula widely used by comparable retail chains,"implemented a custom commission formula designed specifically for this store, an approach rarely used by comparable retailers",change how commission breakdowns are displayed on pay stubs
WORK-NMG-01-A,WORK-NMG-01,Workplace,procedural,NMG,common,low,2,False,,restructure the team's shift schedule to increase quarterly output,adopted a shift-rotation schedule widely used by comparable departments in the industry,"implemented a custom shift-rotation schedule designed specifically for this team, an approach rarely used by comparable departments",change the office's seating arrangement
WORK-NMG-01-B,WORK-NMG-01,Workplace,procedural,NMG,common,high,2,False,,restructure the team's shift schedule to increase quarterly output,adopted a shift-rotation schedule widely used by comparable departments in the industry,"implemented a custom shift-rotation schedule designed specifically for this team, an approach rarely used by comparable departments",change the office's seating arrangement
WORK-NMG-01-C,WORK-NMG-01,Workplace,procedural,NMG,uncommon,low,2,False,,restructure the team's shift schedule to increase quarterly output,adopted a shift-rotation schedule widely used by comparable departments in the industry,"implemented a custom shift-rotation schedule designed specifically for this team, an approach rarely used by comparable departments",change the office's seating arrangement
WORK-NMG-01-D,WORK-NMG-01,Workplace,procedural,NMG,uncommon,high,2,False,,restructure the team's shift schedule to increase quarterly output,adopted a shift-rotation schedule widely used by comparable departments in the industry,"implemented a custom shift-rotation schedule designed specifically for this team, an approach rarely used by comparable departments",change the office's seating arrangement
WORK-NMG-02-A,WORK-NMG-02,Workplace,procedural,NMG,common,low,1,False,,revise the sales team's commission structure to reduce payroll costs,adopted a commission formula widely used by comparable retail chains,"implemented a custom commission formula designed specifically for this store, an approach rarely used by comparable retailers",change how commission breakdowns are displayed on pay stubs
WORK-NMG-02-B,WORK-NMG-02,Workplace,procedural,NMG,common,high,,False,,revise the sales team's commission structure to reduce payroll costs,adopted a commission formula widely used by comparable retail chains,"implemented a custom commission formula designed specifically for this store, an approach rarely used by comparable retailers",change how commission breakdowns are displayed on pay stubs
