variant_id,family_id,domain,valence,nonmoral_subdomain,sign,typicality,evocativeness,scenario,q_intentionality,q_blame,q_praise
ENV-MB-01-A,ENV-MB-01,Environment,MB,,bad,common,low,The plant manager switched to a newer treatment process widely used by industry-standard providers to modernize the plant's water-treatment process to reduce operating costs. The plant manager did not care at all about the effect this would have on the river and the town drawing water from it downstream. The plant manager knew that this would contaminate the town's water supply: a subsequent water-quality audit found contaminant levels in the river had risen well above the safety threshold used by the downstream town's treatment plant.,Did the plant manager intentionally contaminate the town's water supply? Answer on a scale from 0 (not at all intentionally) to 10 (completely intentionally).,"How blameworthy is the plant manager for this, on a scale from 0 (not at all) to 10 (extremely)?","How praiseworthy is the plant manager for this, on a scale from 0 (not at all) to 10 (extremely)?"
ENV-MB-01-B,ENV-MB-01,Environment,MB,,bad,common,high,The plant manager switched to a newer treatment process widely used by industry-standard providers to modernize the plant's water-treatment process to reduce operating costs. The plant manager did not care at all about the effect this would have on the river and the town drawing water from it downstream. The plant manager knew that this would contaminate the town's water supply: residents of the downstream town later reported an outbreak of stomach illness traced to the tainted water supply.,Did the plant manager intentionally contaminate the town's water supply? Answer on a scale from 0 (not at all intentionally) to 10 (completely intentionally).,"How blameworthy is the plant manager for this, on a scale from 0 (not at all) to 10 (extremely)?","How praiseworthy is the plant manager for this, on a scale from 0 (not at all) to 10 (extremely)?"
ENV-MB-01-C,ENV-MB-01,Environment,MB,,bad,uncommon,low,"The plant manager commissioned a custom, in-house treatment process built specifically for this plant, an approach rarely used by comparable facilities to modernize the plant's water-treatment process to reduce operating costs. The plant manager did not care at all about the effect this would have on the river and the town drawing water from it downstream. The plant manager knew that this would contaminate the town's water supply: a subsequent water-quality audit found contaminant levels in the river had risen well above the safety threshold used by the downstream town's treatment plant.",Did the plant manager intentionally contaminate the town's water supply? Answer on a scale from 0 (not at all intentionally) to 10 (completely intentionally).,"How blameworthy is the plant manager for this, on a scale from 0 (not at all) to 10 (extremely)?","How praiseworthy is the plant manager for this, on a scale from 0 (not at all) to 10 (extremely)?"
ENV-MB-01-D,ENV-MB-01,Environment,MB,,bad,uncommon,high,"The plant manager commissioned a custom, in-house treatment process built specifically for this plant, an approach rarely used by comparable facilities to modernize the plant's water-treatment process to reduce operating costs. The plant manager did not care at all about the effect this would have on the river and the town drawing water from it downstream. The plant manager knew that this would contaminate the town's water supply: residents of the downstream town later reported an outbreak of stomach illness traced to the tainted water supply.",Did the plant manager intentionally contaminate the town's water supply? Answer on a scale from 0 (not at all intentionally) to 10 (completely intentionally).,"How blameworthy is the plant manager for this, on a scale from 0 (not at all) to 10 (extremely)?","How praiseworthy is the plant manager for this, on a scale from 0 (not at all) to 10 (extremely)?"
ENV-MG-01-A,ENV-MG-01,Environment,MG,,good,common,low,The plant manager switched to a newer treatment process widely used by industry-standard providers to modernize the plant's water-treatment process to reduce operating costs. The plant manager did not care at all about the effect this would have on the river and the town drawing water from it downstream. The plant manager knew that this would improve the river's water quality: a subsequent water-quality audit found contaminant levels in the river had fallen well below the prior year's readings.,Did the plant manager intentionally improve the river's water quality? Answer on a scale from 0 (not at all intentionally) to 10 (completely intentionally).,"How blameworthy is the plant manager for this, on a scale from 0 (not at all) to 10 (extremely)?","How praiseworthy is the plant manager for this, on a scale from 0 (not at all) to 10 (extremely)?"
ENV-MG-01-B,ENV-MG-01,Environment,MG,,good,common,high,"The plant manager switched to a newer treatment process widely used by industry-standard providers to modernize the plant's water-treatment process to reduce operating costs. The plant manager did not care at all about the effect this would have on the river and the town drawing water from it downstream. The plant manager knew that this would improve the river's water quality: fish that had been dying off in the area began thriving again along the riverbank, and the downstream town lifted its water advisory.",Did the plant manager intentionally improve the river's water quality? Answer on a scale from 0 (not at all intentionally) to 10 (completely intentionally).,"How blameworthy is the plant manager for this, on a scale from 0 (not at all) to 10 (extremely)?","How praiseworthy is the plant manager for this, on a scale from 0 (not at all) to 10 (extremely)?"
ENV-MG-01-C,ENV-MG-01,Environment,MG,,good,uncommon,low,"The plant manager commissioned a custom, in-house treatment process built specifically for this plant, an approach rarely used by comparable facilities to modernize the plant's water-treatment process to reduce operating costs. The plant manager did not care at all about the effect this would have on the river and the town drawing water from it downstream. The plant manager knew that this would improve the river's water quality: a subsequent water-quality audit found contaminant levels in the river had fallen well below the prior year's readings.",Did the plant manager intentionally improve the river's water quality? Answer on a scale from 0 (not at all intentionally) to 10 (completely intentionally).,"How blameworthy is the plant manager for this, on a scale from 0 (not at all) to 10 (extremely)?","How praiseworthy is the plant manager for this, on a scale from 0 (not at all) to 10 (extremely)?"
ENV-MG-01-D,ENV-MG-01,Environment,MG,,good,uncommon,high,"The plant manager commissioned a custom, in-house treatment process built specifically for this plant, an approach rarely used by comparable facilities to modernize the plant's water-treatment process to reduce operating costs. The plant manager did not care at all about the effect this would have on the river and the town drawing water from it downstream. The plant manager knew that this would improve the river's water quality: fish that had been dying off in the area began thriving again along the riverbank, and the downstream town lifted its water advisory.",Did the plant manager intentionally improve the river's water quality? Answer on a scale from 0 (not at all intentionally) to 10 (completely intentionally).,"How blameworthy is the plant manager for this, on a scale from 0 (not at all) to 10 (extremely)?","How praiseworthy is the plant manager for this, on a scale from 0 (not at all) to 10 (extremely)?"
ENV-NMB-01-A,ENV-NMB-01,Environment,NMB,aesthetic,bad,common,low,The plant manager switched to a newer treatment process widely used by industry-standard providers to modernize the plant's water-treatment process to reduce operating costs. The plant manager did not care at all about the effect this would have on nearby residents downwind of the plant. The plant manager knew that this would change the air's odor near the plant: a subsequent resident survey found that the air's ambient odor near the plant had changed noticeably.,Did the plant manager intentionally change the air's odor near the plant? Answer on a scale from 0 (not at all intentionally) to 10 (completely intentionally).,"How blameworthy is the plant manager for this, on a scale from 0 (not at all) to 10 (extremely)?","How praiseworthy is the plant manager for this, on a scale from 0 (not at all) to 10 (extremely)?"
ENV-NMB-01-B,ENV-NMB-01,Environment,NMB,aesthetic,bad,common,high,"The plant manager switched to a newer treatment process widely used by industry-standard providers to modernize the plant's water-treatment process to reduce operating costs. The plant manager did not care at all about the effect this would have on nearby residents downwind of the plant. The plant manager knew that this would change the air's odor near the plant: residents downwind of the plant said the air now carried a faint, unfamiliar odor on humid days that hadn't been present before.",Did the plant manager intentionally change the air's odor near the plant? Answer on a scale from 0 (not at all intentionally) to 10 (completely intentionally).,"How blameworthy is the plant manager for this, on a scale from 0 (not at all) to 10 (extremely)?","How praiseworthy is the plant manager for this, on a scale from 0 (not at all) to 10 (extremely)?"
ENV-NMB-01-C,ENV-NMB-01,Environment,NMB,aesthetic,bad,uncommon,low,"The plant manager commissioned a custom, in-house treatment process built specifically for this plant, an approach rarely used by comparable facilities to modernize the plant's water-treatment process to reduce operating costs. The plant manager did not care at all about the effect this would have on nearby residents downwind of the plant. The plant manager knew that this would change the air's odor near the plant: a subsequent resident survey found that the air's ambient odor near the plant had changed noticeably.",Did the plant manager intentionally change the air's odor near the plant? Answer on a scale from 0 (not at all intentionally) to 10 (completely intentionally).,"How blameworthy is the plant manager for this, on a scale from 0 (not at all) to 10 (extremely)?","How praiseworthy is the plant manager for this, on a scale from 0 (not at all) to 10 (extremely)?"
ENV-NMB-01-D,ENV-NMB-01,Environment,NMB,aesthetic,bad,uncommon,high,"The plant manager commissioned a custom, in-house treatment process built specifically for this plant, an approach rarely used by comparable facilities to modernize the plant's water-treatment process to reduce operating costs. The plant manager did not care at all about the effect this would have on nearby residents downwind of the plant. The plant manager knew that this would change the air's odor near the plant: residents downwind of the plant said the air now carried a faint, unfamiliar odor on humid days that hadn't been present before.",Did the plant manager intentionally change the air's odor near the plant? Answer on a scale from 0 (not at all intentionally) to 10 (completely intentionally).,"How blameworthy is the plant manager for this, on a scale from 0 (not at all) to 10 (extremely)?","How praiseworthy is the plant manager for this, on a scale from 0 (not at all) to 10 (extremely)?"
ENV-NMG-01-A,ENV-NMG-01,Environment,NMG,aesthetic,good,common,low,The plant manager switched to a newer treatment process widely used by industry-standard providers to modernize the plant's water-treatment process to reduce operating costs. The plant manager did not care at all about the effect this would have on nearby residents downwind of the plant. The plant manager knew that this would change the air's odor near the plant: a subsequent resident survey found that the air's ambient odor near the plant had changed noticeably.,Did the plant manager intentionally change the air's odor near the plant? Answer on a scale from 0 (not at all intentionally) to 10 (completely intentionally).,"How blameworthy is the plant manager for this, on a scale from 0 (not at all) to 10 (extremely)?","How praiseworthy is the plant manager for this, on a scale from 0 (not at all) to 10 (extremely)?"
ENV-NMG-01-B,ENV-NMG-01,Environment,NMG,aesthetic,good,common,high,The plant manager switched to a newer treatment process widely used by industry-standard providers to modernize the plant's water-treatment process to reduce operating costs. The plant manager did not care at all about the effect this would have on nearby residents downwind of the plant. The plant manager knew that this would change the air's odor near the plant: residents downwind of the plant said the air now carried a faint floral-like scent on humid days that hadn't been present before.,Did the plant manager intentionally change the air's odor near the plant? Answer on a scale from 0 (not at all intentionally) to 10 (completely intentionally).,"How blameworthy is the plant manager for this, on a scale from 0 (not at all) to 10 (extremely)?","How praiseworthy is the plant manager for this, on a scale from 0 (not at all) to 10 (extremely)?"
ENV-NMG-01-C,ENV-NMG-01,Environment,NMG,aesthetic,good,uncommon,low,"The plant manager commissioned a custom, in-house treatment process built specifically for this plant, an approach rarely used by comparable facilities to modernize the plant's water-treatment process to reduce operating costs. The plant manager did not care at all about the effect this would have on nearby residents downwind of the plant. The plant manager knew that this would change the air's odor near the plant: a subsequent resident survey found that the air's ambient odor near the plant had changed noticeably.",Did the plant manager intentionally change the air's odor near the plant? Answer on a scale from 0 (not at all intentionally) to 10 (completely intentionally).,"How blameworthy is the plant manager for this, on a scale from 0 (not at all) to 10 (extremely)?","How praiseworthy is the plant manager for this, on a scale from 0 (not at all) to 10 (extremely)?"
ENV-NMG-01-D,ENV-NMG-01,Environment,NMG,aesthetic,good,uncommon,high,"The plant manager commissioned a custom, in-house treatment process built specifically for this plant, an approach rarely used by comparable facilities to modernize the plant's water-treatment process to reduce operating costs. The plant manager did not care at all about the effect this would have on nearby residents downwind of the plant. The plant manager knew that this would change the air's odor near the plant: residents downwind of the plant said the air now carried a faint floral-like scent on humid days that hadn't been present before.",Did the plant manager intentionally change the air's odor near the plant? Answer on a scale from 0 (not at all intentionally) to 10 (completely intentionally).,"How blameworthy is the plant manager for this, on a scale from 0 (not at all) to 10 (extremely)?","How praiseworthy is the plant manager for this, on a scale from 0 (not at all) to 10 (extremely)?"
ENV-NEU-01-A,ENV-NEU-01,Environment,NEU,,na,common,low,The plant manager switched to a newer treatment process widely used by industry-standard providers to modernize the plant's water-treatment process to reduce operating costs. The plant manager did not care at all about the effect this would have on staff who review the maintenance logs. The plant manager knew that this would change the maintenance log's internal format: the new treatment process's control software began logging maintenance entries in a different internal format than before.,Did the plant manager intentionally change the maintenance log's internal format? Answer on a scale from 0 (not at all intentionally) to 10 (completely intentionally).,"How blameworthy is the plant manager for this, on a scale from 0 (not at all) to 10 (extremely)?","How praiseworthy is the plant manager for this, on a scale from 0 (not at all) to 10 (extremely)?"
ENV-NEU-01-B,ENV-NEU-01,Environment,NEU,,na,common,high,"The plant manager switched to a newer treatment process widely used by industry-standard providers to modernize the plant's water-treatment process to reduce operating costs. The plant manager did not care at all about the effect this would have on staff who review the maintenance logs. The plant manager knew that this would change the maintenance log's internal format: a maintenance log entry that would have read '03/14/2027 - Filter check' under the old system now reads '2027-03-14_FilterCheck' instead, with no change to who reviews the logs or how maintenance is scheduled.",Did the plant manager intentionally change the maintenance log's internal format? Answer on a scale from 0 (not at all intentionally) to 10 (completely intentionally).,"How blameworthy is the plant manager for this, on a scale from 0 (not at all) to 10 (extremely)?","How praiseworthy is the plant manager for this, on a scale from 0 (not at all) to 10 (extremely)?"
ENV-NEU-01-C,ENV-NEU-01,Environment,NEU,,na,uncommon,low,"The plant manager commissioned a custom, in-house treatment process built specifically for this plant, an approach rarely used by comparable facilities to modernize the plant's water-treatment process to reduce operating costs. The plant manager did not care at all about the effect this would have on staff who review the maintenance logs. The plant manager knew that this would change the maintenance log's internal format: the new treatment process's control software began logging maintenance entries in a different internal format than before.",Did the plant manager intentionally change the maintenance log's internal format? Answer on a scale from 0 (not at all intentionally) to 10 (completely intentionally).,"How blameworthy is the plant manager for this, on a scale from 0 (not at all) to 10 (extremely)?","How praiseworthy is the plant manager for this, on a scale from 0 (not at all) to 10 (extremely)?"
ENV-NEU-01-D,ENV-NEU-01,Environment,NEU,,na,uncommon,high,"The plant manager commissioned a custom, in-house treatment process built specifically for this plant, an approach rarely used by comparable facilities to modernize the plant's water-treatment process to reduce operating costs. The plant manager did not care at all about the effect this would have on staff who review the maintenance logs. The plant manager knew that this would change the maintenance log's internal format: a maintenance log entry that would have read '03/14/2027 - Filter check' under the old system now reads '2027-03-14_FilterCheck' instead, with no change to who reviews the logs or how maintenance is scheduled.",Did the plant manager intentionally change the maintenance log's internal format? Answer on a scale from 0 (not at all intentionally) to 10 (completely intentionally).,"How blameworthy is the plant manager for this, on a scale from 0 (not at all) to 10 (extremely)?","How praiseworthy is the plant manager for this, on a scale from 0 (not at all) to 10 (extremely)?"
ENV-MB-02-A,ENV-MB-02,Environment,MB,,bad,common,low,The forestry supervisor adopted a commercially available vegetation-management schedule already used by many nearby forests to reduce wildfire management costs. The forestry supervisor did not care at all about the effect this would have on native wildlife relying on the forest's habitat. The forestry supervisor knew that this would reduce native wildlife's nesting habitat: a follow-up ecological survey found that the amount of suitable nesting habitat for native wildlife had decreased.,Did the forestry supervisor intentionally reduce native wildlife's nesting habitat? Answer on a scale from 0 (not at all intentionally) to 10 (completely intentionally).,"How blameworthy is the forestry supervisor for this, on a scale from 0 (not at all) to 10 (extremely)?","How praiseworthy is the forestry supervisor for this, on a scale from 0 (not at all) to 10 (extremely)?"
ENV-MB-02-B,ENV-MB-02,Environment,MB,,bad,common,high,The forestry supervisor adopted a commercially available vegetation-management schedule already used by many nearby forests to reduce wildfire management costs. The forestry supervisor did not care at all about the effect this would have on native wildlife relying on the forest's habitat. The forestry supervisor knew that this would reduce native wildlife's nesting habitat: a follow-up ecological survey found that the amount of suitable nesting habitat had shrunk to less than half of what it had measured the previous year.,Did the forestry supervisor intentionally reduce native wildlife's nesting habitat? Answer on a scale from 0 (not at all intentionally) to 10 (completely intentionally).,"How blameworthy is the forestry supervisor for this, on a scale from 0 (not at all) to 10 (extremely)?","How praiseworthy is the forestry supervisor for this, on a scale from 0 (not at all) to 10 (extremely)?"
ENV-MB-02-C,ENV-MB-02,Environment,MB,,bad,uncommon,low,"The forestry supervisor implemented a custom vegetation-management schedule developed specifically for this forest, an approach rarely used by nearby forests to reduce wildfire management costs. The forestry supervisor did not care at all about the effect this would have on native wildlife relying on the forest's habitat. The forestry supervisor knew that this would reduce native wildlife's nesting habitat: a follow-up ecological survey found that the amount of suitable nesting habitat for native wildlife had decreased.",Did the forestry supervisor intentionally reduce native wildlife's nesting habitat? Answer on a scale from 0 (not at all intentionally) to 10 (completely intentionally).,"How blameworthy is the forestry supervisor for this, on a scale from 0 (not at all) to 10 (extremely)?","How praiseworthy is the forestry supervisor for this, on a scale from 0 (not at all) to 10 (extremely)?"
ENV-MB-02-D,ENV-MB-02,Environment,MB,,bad,uncommon,high,"The forestry supervisor implemented a custom vegetation-management schedule developed specifically for this forest, an approach rarely used by nearby forests to reduce wildfire management costs. The forestry supervisor did not care at all about the effect this would have on native wildlife relying on the forest's habitat. The forestry supervisor knew that this would reduce native wildlife's nesting habitat: a follow-up ecological survey found that the amount of suitable nesting habitat had shrunk to less than half of what it had measured the previous year.",Did the forestry supervisor intentionally reduce native wildlife's nesting habitat? Answer on a scale from 0 (not at all intentionally) to 10 (completely intentionally).,"How blameworthy is the forestry supervisor for this, on a scale from 0 (not at all) to 10 (extremely)?","How praiseworthy is the forestry supervisor for this, on a scale from 0 (not at all) to 10 (extremely)?"
ENV-MG-02-A,ENV-MG-02,Environment,MG,,good,common,low,The forestry supervisor adopted a commercially available vegetation-management schedule already used by many nearby forests to reduce wildfire management costs. The forestry supervisor did not care at all about the effect this would have on native wildlife relying on the forest's habitat. The forestry supervisor knew that this would improve native wildlife's nesting habitat: a follow-up ecological survey found that the amount of suitable nesting habitat for native wildlife had increased.,Did the forestry supervisor intentionally improve native wildlife's nesting habitat? Answer on a scale from 0 (not at all intentionally) to 10 (completely intentionally).,"How blameworthy is the forestry supervisor for this, on a scale from 0 (not at all) to 10 (extremely)?","How praiseworthy is the forestry supervisor for this, on a scale from 0 (not at all) to 10 (extremely)?"
ENV-MG-02-B,ENV-MG-02,Environment,MG,,good,common,high,The forestry supervisor adopted a commercially available vegetation-management schedule already used by many nearby forests to reduce wildfire management costs. The forestry supervisor did not care at all about the effect this would have on native wildlife relying on the forest's habitat. The forestry supervisor knew that this would improve native wildlife's nesting habitat: a follow-up ecological survey found that the amount of suitable nesting habitat had more than doubled compared to the previous year's measurement.,Did the forestry supervisor intentionally improve native wildlife's nesting habitat? Answer on a scale from 0 (not at all intentionally) to 10 (completely intentionally).,"How blameworthy is the forestry supervisor for this, on a scale from 0 (not at all) to 10 (extremely)?","How praiseworthy is the forestry supervisor for this, on a scale from 0 (not at all) to 10 (extremely)?"
ENV-MG-02-C,ENV-MG-02,Environment,MG,,good,uncommon,low,"The forestry supervisor implemented a custom vegetation-management schedule developed specifically for this forest, an approach rarely used by nearby forests to reduce wildfire management costs. The forestry supervisor did not care at all about the effect this would have on native wildlife relying on the forest's habitat. The forestry supervisor knew that this would improve native wildlife's nesting habitat: a follow-up ecological survey found that the amount of suitable nesting habitat for native wildlife had increased.",Did the forestry supervisor intentionally improve native wildlife's nesting habitat? Answer on a scale from 0 (not at all intentionally) to 10 (completely intentionally).,"How blameworthy is the forestry supervisor for this, on a scale from 0 (not at all) to 10 (extremely)?","How praiseworthy is the forestry supervisor for this, on a scale from 0 (not at all) to 10 (extremely)?"
ENV-MG-02-D,ENV-MG-02,Environment,MG,,good,uncommon,high,"The forestry supervisor implemented a custom vegetation-management schedule developed specifically for this forest, an approach rarely used by nearby forests to reduce wildfire management costs. The forestry supervisor did not care at all about the effect this would have on native wildlife relying on the forest's habitat. The forestry supervisor knew that this would improve native wildlife's nesting habitat: a follow-up ecological survey found that the amount of suitable nesting habitat had more than doubled compared to the previous year's measurement.",Did the forestry supervisor intentionally improve native wildlife's nesting habitat? Answer on a scale from 0 (not at all intentionally) to 10 (completely intentionally).,"How blameworthy is the forestry supervisor for this, on a scale from 0 (not at all) to 10 (extremely)?","How praiseworthy is the forestry supervisor for this, on a scale from 0 (not at all) to 10 (extremely)?"
ENV-NMB-02-A,ENV-NMB-02,Environment,NMB,procedural,bad,common,low,The forestry supervisor adopted a commercially available vegetation-management schedule already used by many nearby forests to reduce wildfire management costs. The forestry supervisor did not care at all about the effect this would have on field crews maintaining the vegetation schedule. The forestry supervisor knew that this would increase field crews' workload: a follow-up operations review found that the vegetation schedule required more staff time than expected.,Did the forestry supervisor intentionally increase field crews' workload? Answer on a scale from 0 (not at all intentionally) to 10 (completely intentionally).,"How blameworthy is the forestry supervisor for this, on a scale from 0 (not at all) to 10 (extremely)?","How praiseworthy is the forestry supervisor for this, on a scale from 0 (not at all) to 10 (extremely)?"
ENV-NMB-02-B,ENV-NMB-02,Environment,NMB,procedural,bad,common,high,"The forestry supervisor adopted a commercially available vegetation-management schedule already used by many nearby forests to reduce wildfire management costs. The forestry supervisor did not care at all about the effect this would have on field crews maintaining the vegetation schedule. The forestry supervisor knew that this would increase field crews' workload: a follow-up operations review found that field crews had to spend many more hours maintaining the vegetation schedule, increasing routine labor demands throughout the season.",Did the forestry supervisor intentionally increase field crews' workload? Answer on a scale from 0 (not at all intentionally) to 10 (completely intentionally).,"How blameworthy is the forestry supervisor for this, on a scale from 0 (not at all) to 10 (extremely)?","How praiseworthy is the forestry supervisor for this, on a scale from 0 (not at all) to 10 (extremely)?"
ENV-NMB-02-C,ENV-NMB-02,Environment,NMB,procedural,bad,uncommon,low,"The forestry supervisor implemented a custom vegetation-management schedule developed specifically for this forest, an approach rarely used by nearby forests to reduce wildfire management costs. The forestry supervisor did not care at all about the effect this would have on field crews maintaining the vegetation schedule. The forestry supervisor knew that this would increase field crews' workload: a follow-up operations review found that the vegetation schedule required more staff time than expected.",Did the forestry supervisor intentionally increase field crews' workload? Answer on a scale from 0 (not at all intentionally) to 10 (completely intentionally).,"How blameworthy is the forestry supervisor for this, on a scale from 0 (not at all) to 10 (extremely)?","How praiseworthy is the forestry supervisor for this, on a scale from 0 (not at all) to 10 (extremely)?"
ENV-NMB-02-D,ENV-NMB-02,Environment,NMB,procedural,bad,uncommon,high,"The forestry supervisor implemented a custom vegetation-management schedule developed specifically for this forest, an approach rarely used by nearby forests to reduce wildfire management costs. The forestry supervisor did not care at all about the effect this would have on field crews maintaining the vegetation schedule. The forestry supervisor knew that this would increase field crews' workload: a follow-up operations review found that field crews had to spend many more hours maintaining the vegetation schedule, increasing routine labor demands throughout the season.",Did the forestry supervisor intentionally increase field crews' workload? Answer on a scale from 0 (not at all intentionally) to 10 (completely intentionally).,"How blameworthy is the forestry supervisor for this, on a scale from 0 (not at all) to 10 (extremely)?","How praiseworthy is the forestry supervisor for this, on a scale from 0 (not at all) to 10 (extremely)?"
ENV-NMG-02-A,ENV-NMG-02,Environment,NMG,procedural,good,common,low,The forestry supervisor adopted a commercially available vegetation-management schedule already used by many nearby forests to reduce wildfire management costs. The forestry supervisor did not care at all about the effect this would have on field crews maintaining the vegetation schedule. The forestry supervisor knew that this would decrease field crews' workload: a follow-up operations review found that the vegetation schedule required less staff time than expected.,Did the forestry supervisor intentionally decrease field crews' workload? Answer on a scale from 0 (not at all intentionally) to 10 (completely intentionally).,"How blameworthy is the forestry supervisor for this, on a scale from 0 (not at all) to 10 (extremely)?","How praiseworthy is the forestry supervisor for this, on a scale from 0 (not at all) to 10 (extremely)?"
ENV-NMG-02-B,ENV-NMG-02,Environment,NMG,procedural,good,common,high,"The forestry supervisor adopted a commercially available vegetation-management schedule already used by many nearby forests to reduce wildfire management costs. The forestry supervisor did not care at all about the effect this would have on field crews maintaining the vegetation schedule. The forestry supervisor knew that this would decrease field crews' workload: a follow-up operations review found that field crews spent considerably less time maintaining the vegetation schedule, reducing routine labor demands throughout the season.",Did the forestry supervisor intentionally decrease field crews' workload? Answer on a scale from 0 (not at all intentionally) to 10 (completely intentionally).,"How blameworthy is the forestry supervisor for this, on a scale from 0 (not at all) to 10 (extremely)?","How praiseworthy is the forestry supervisor for this, on a scale from 0 (not at all) to 10 (extremely)?"
ENV-NMG-02-C,ENV-NMG-02,Environment,NMG,procedural,good,uncommon,low,"The forestry supervisor implemented a custom vegetation-management schedule developed specifically for this forest, an approach rarely used by nearby forests to reduce wildfire management costs. The forestry supervisor did not care at all about the effect this would have on field crews maintaining the vegetation schedule. The forestry supervisor knew that this would decrease field crews' workload: a follow-up operations review found that the vegetation schedule required less staff time than expected.",Did the forestry supervisor intentionally decrease field crews' workload? Answer on a scale from 0 (not at all intentionally) to 10 (completely intentionally).,"How blameworthy is the forestry supervisor for this, on a scale from 0 (not at all) to 10 (extremely)?","How praiseworthy is the forestry supervisor for this, on a scale from 0 (not at all) to 10 (extremely)?"
ENV-NMG-02-D,ENV-NMG-02,Environment,NMG,procedural,good,uncommon,high,"The forestry supervisor implemented a custom vegetation-management schedule developed specifically for this forest, an approach rarely used by nearby forests to reduce wildfire management costs. The forestry supervisor did not care at all about the effect this would have on field crews maintaining the vegetation schedule. The forestry supervisor knew that this would decrease field crews' workload: a follow-up operations review found that field crews spent considerably less time maintaining the vegetation schedule, reducing routine labor demands throughout the season.",Did the forestry supervisor intentionally decrease field crews' workload? Answer on a scale from 0 (not at all intentionally) to 10 (completely intentionally).,"How blameworthy is the forestry supervisor for this, on a scale from 0 (not at all) to 10 (extremely)?","How praiseworthy is the forestry supervisor for this, on a scale from 0 (not at all) to 10 (extremely)?"
ENV-NEU-02-A,ENV-NEU-02,Environment,NEU,,na,common,low,The forestry supervisor adopted a commercially available vegetation-management schedule already used by many nearby forests to reduce wildfire management costs. The forestry supervisor did not care at all about the effect this would have on office staff who file the seasonal scheduling reports. The forestry supervisor knew that this would change the scheduling report's internal file-naming format: the new schedule's tracking software began saving seasonal reports under a different internal file-naming convention than before.,Did the forestry supervisor intentionally change the scheduling report's internal file-naming format? Answer on a scale from 0 (not at all intentionally) to 10 (completely intentionally).,"How blameworthy is the forestry supervisor for this, on a scale from 0 (not at all) to 10 (extremely)?","How praiseworthy is the forestry supervisor for this, on a scale from 0 (not at all) to 10 (extremely)?"
ENV-NEU-02-B,ENV-NEU-02,Environment,NEU,,na,common,high,"The forestry supervisor adopted a commercially available vegetation-management schedule already used by many nearby forests to reduce wildfire management costs. The forestry supervisor did not care at all about the effect this would have on office staff who file the seasonal scheduling reports. The forestry supervisor knew that this would change the scheduling report's internal file-naming format: a report that would have been saved as 'VegSched_Q3.xlsx' under the old system is now saved as '2027-Q3_VegetationSchedule.xlsx' instead, with no change to who files the reports or how the season is planned.",Did the forestry supervisor intentionally change the scheduling report's internal file-naming format? Answer on a scale from 0 (not at all intentionally) to 10 (completely intentionally).,"How blameworthy is the forestry supervisor for this, on a scale from 0 (not at all) to 10 (extremely)?","How praiseworthy is the forestry supervisor for this, on a scale from 0 (not at all) to 10 (extremely)?"
ENV-NEU-02-C,ENV-NEU-02,Environment,NEU,,na,uncommon,low,"The forestry supervisor implemented a custom vegetation-management schedule developed specifically for this forest, an approach rarely used by nearby forests to reduce wildfire management costs. The forestry supervisor did not care at all about the effect this would have on office staff who file the seasonal scheduling reports. The forestry supervisor knew that this would change the scheduling report's internal file-naming format: the new schedule's tracking software began saving seasonal reports under a different internal file-naming convention than before.",Did the forestry supervisor intentionally change the scheduling report's internal file-naming format? Answer on a scale from 0 (not at all intentionally) to 10 (completely intentionally).,"How blameworthy is the forestry supervisor for this, on a scale from 0 (not at all) to 10 (extremely)?","How praiseworthy is the forestry supervisor for this, on a scale from 0 (not at all) to 10 (extremely)?"
ENV-NEU-02-D,ENV-NEU-02,Environment,NEU,,na,uncommon,high,"The forestry supervisor implemented a custom vegetation-management schedule developed specifically for this forest, an approach rarely used by nearby forests to reduce wildfire management costs. The forestry supervisor did not care at all about the effect this would have on office staff who file the seasonal scheduling reports. The forestry supervisor knew that this would change the scheduling report's internal file-naming format: a report that would have been saved as 'VegSched_Q3.xlsx' under the old system is now saved as '2027-Q3_VegetationSchedule.xlsx' instead, with no change to who files the reports or how the season is planned.",Did the forestry supervisor intentionally change the scheduling report's internal file-naming format? Answer on a scale from 0 (not at all intentionally) to 10 (completely intentionally).,"How blameworthy is the forestry supervisor for this, on a scale from 0 (not at all) to 10 (extremely)?","How praiseworthy is the forestry supervisor for this, on a scale from 0 (not at all) to 10 (extremely)?"
ENV-MB-03-A,ENV-MB-03,Environment,MB,,bad,common,low,"The plant manager installed a newer, industry-standard scrubber system widely used by comparable facilities to reduce operating costs by upgrading the plant's emissions-control equipment. The plant manager did not care at all about the effect this would have on residents living near the plant. The plant manager knew that this would raise the plant's particulate emissions above the safety threshold: a subsequent air-quality audit found particulate emissions had risen above the safety threshold.",Did the plant manager intentionally raise the plant's particulate emissions above the safety threshold? Answer on a scale from 0 (not at all intentionally) to 10 (completely intentionally).,"How blameworthy is the plant manager for this, on a scale from 0 (not at all) to 10 (extremely)?","How praiseworthy is the plant manager for this, on a scale from 0 (not at all) to 10 (extremely)?"
ENV-MB-03-B,ENV-MB-03,Environment,MB,,bad,common,high,"The plant manager installed a newer, industry-standard scrubber system widely used by comparable facilities to reduce operating costs by upgrading the plant's emissions-control equipment. The plant manager did not care at all about the effect this would have on residents living near the plant. The plant manager knew that this would raise the plant's particulate emissions above the safety threshold: a subsequent air-quality audit found the plant's particulate readings measured nearly double the legal limit on the days it was tested.",Did the plant manager intentionally raise the plant's particulate emissions above the safety threshold? Answer on a scale from 0 (not at all intentionally) to 10 (completely intentionally).,"How blameworthy is the plant manager for this, on a scale from 0 (not at all) to 10 (extremely)?","How praiseworthy is the plant manager for this, on a scale from 0 (not at all) to 10 (extremely)?"
ENV-MB-03-C,ENV-MB-03,Environment,MB,,bad,uncommon,low,"The plant manager commissioned a custom, in-house scrubber system built specifically for this plant, an approach rarely used by comparable facilities to reduce operating costs by upgrading the plant's emissions-control equipment. The plant manager did not care at all about the effect this would have on residents living near the plant. The plant manager knew that this would raise the plant's particulate emissions above the safety threshold: a subsequent air-quality audit found particulate emissions had risen above the safety threshold.",Did the plant manager intentionally raise the plant's particulate emissions above the safety threshold? Answer on a scale from 0 (not at all intentionally) to 10 (completely intentionally).,"How blameworthy is the plant manager for this, on a scale from 0 (not at all) to 10 (extremely)?","How praiseworthy is the plant manager for this, on a scale from 0 (not at all) to 10 (extremely)?"
ENV-MB-03-D,ENV-MB-03,Environment,MB,,bad,uncommon,high,"The plant manager commissioned a custom, in-house scrubber system built specifically for this plant, an approach rarely used by comparable facilities to reduce operating costs by upgrading the plant's emissions-control equipment. The plant manager did not care at all about the effect this would have on residents living near the plant. The plant manager knew that this would raise the plant's particulate emissions above the safety threshold: a subsequent air-quality audit found the plant's particulate readings measured nearly double the legal limit on the days it was tested.",Did the plant manager intentionally raise the plant's particulate emissions above the safety threshold? Answer on a scale from 0 (not at all intentionally) to 10 (completely intentionally).,"How blameworthy is the plant manager for this, on a scale from 0 (not at all) to 10 (extremely)?","How praiseworthy is the plant manager for this, on a scale from 0 (not at all) to 10 (extremely)?"
ENV-MG-03-A,ENV-MG-03,Environment,MG,,good,common,low,"The plant manager installed a newer, industry-standard scrubber system widely used by comparable facilities to reduce operating costs by upgrading the plant's emissions-control equipment. The plant manager did not care at all about the effect this would have on residents living near the plant. The plant manager knew that this would lower the plant's particulate emissions: a subsequent air-quality audit found particulate emissions had fallen well below the previous year's readings.",Did the plant manager intentionally lower the plant's particulate emissions? Answer on a scale from 0 (not at all intentionally) to 10 (completely intentionally).,"How blameworthy is the plant manager for this, on a scale from 0 (not at all) to 10 (extremely)?","How praiseworthy is the plant manager for this, on a scale from 0 (not at all) to 10 (extremely)?"
ENV-MG-03-B,ENV-MG-03,Environment,MG,,good,common,high,"The plant manager installed a newer, industry-standard scrubber system widely used by comparable facilities to reduce operating costs by upgrading the plant's emissions-control equipment. The plant manager did not care at all about the effect this would have on residents living near the plant. The plant manager knew that this would lower the plant's particulate emissions: a subsequent air-quality audit found the plant's particulate readings measured less than half what they had been the previous year.",Did the plant manager intentionally lower the plant's particulate emissions? Answer on a scale from 0 (not at all intentionally) to 10 (completely intentionally).,"How blameworthy is the plant manager for this, on a scale from 0 (not at all) to 10 (extremely)?","How praiseworthy is the plant manager for this, on a scale from 0 (not at all) to 10 (extremely)?"
ENV-MG-03-C,ENV-MG-03,Environment,MG,,good,uncommon,low,"The plant manager commissioned a custom, in-house scrubber system built specifically for this plant, an approach rarely used by comparable facilities to reduce operating costs by upgrading the plant's emissions-control equipment. The plant manager did not care at all about the effect this would have on residents living near the plant. The plant manager knew that this would lower the plant's particulate emissions: a subsequent air-quality audit found particulate emissions had fallen well below the previous year's readings.",Did the plant manager intentionally lower the plant's particulate emissions? Answer on a scale from 0 (not at all intentionally) to 10 (completely intentionally).,"How blameworthy is the plant manager for this, on a scale from 0 (not at all) to 10 (extremely)?","How praiseworthy is the plant manager for this, on a scale from 0 (not at all) to 10 (extremely)?"
ENV-MG-03-D,ENV-MG-03,Environment,MG,,good,uncommon,high,"The plant manager commissioned a custom, in-house scrubber system built specifically for this plant, an approach rarely used by comparable facilities to reduce operating costs by upgrading the plant's emissions-control equipment. The plant manager did not care at all about the effect this would have on residents living near the plant. The plant manager knew that this would lower the plant's particulate emissions: a subsequent air-quality audit found the plant's particulate readings measured less than half what they had been the previous year.",Did the plant manager intentionally lower the plant's particulate emissions? Answer on a scale from 0 (not at all intentionally) to 10 (completely intentionally).,"How blameworthy is the plant manager for this, on a scale from 0 (not at all) to 10 (extremely)?","How praiseworthy is the plant manager for this, on a scale from 0 (not at all) to 10 (extremely)?"
ENV-NMB-03-A,ENV-NMB-03,Environment,NMB,aesthetic,bad,common,low,"The plant manager installed a newer, industry-standard scrubber system widely used by comparable facilities to reduce operating costs by upgrading the plant's emissions-control equipment. The plant manager did not care at all about the effect this would have on nearby residents downwind of the plant. The plant manager knew that this would change the air's odor near the plant: a subsequent resident survey found that the air's ambient odor near the plant had grown more noticeable than before.",Did the plant manager intentionally change the air's odor near the plant? Answer on a scale from 0 (not at all intentionally) to 10 (completely intentionally).,"How blameworthy is the plant manager for this, on a scale from 0 (not at all) to 10 (extremely)?","How praiseworthy is the plant manager for this, on a scale from 0 (not at all) to 10 (extremely)?"
ENV-NMB-03-B,ENV-NMB-03,Environment,NMB,aesthetic,bad,common,high,"The plant manager installed a newer, industry-standard scrubber system widely used by comparable facilities to reduce operating costs by upgrading the plant's emissions-control equipment. The plant manager did not care at all about the effect this would have on nearby residents downwind of the plant. The plant manager knew that this would change the air's odor near the plant: residents downwind of the plant said the air now carried a faint, unfamiliar odor on humid days that hadn't been present before.",Did the plant manager intentionally change the air's odor near the plant? Answer on a scale from 0 (not at all intentionally) to 10 (completely intentionally).,"How blameworthy is the plant manager for this, on a scale from 0 (not at all) to 10 (extremely)?","How praiseworthy is the plant manager for this, on a scale from 0 (not at all) to 10 (extremely)?"
ENV-NMB-03-C,ENV-NMB-03,Environment,NMB,aesthetic,bad,uncommon,low,"The plant manager commissioned a custom, in-house scrubber system built specifically for this plant, an approach rarely used by comparable facilities to reduce operating costs by upgrading the plant's emissions-control equipment. The plant manager did not care at all about the effect this would have on nearby residents downwind of the plant. The plant manager knew that this would change the air's odor near the plant: a subsequent resident survey found that the air's ambient odor near the plant had grown more noticeable than before.",Did the plant manager intentionally change the air's odor near the plant? Answer on a scale from 0 (not at all intentionally) to 10 (completely intentionally).,"How blameworthy is the plant manager for this, on a scale from 0 (not at all) to 10 (extremely)?","How praiseworthy is the plant manager for this, on a scale from 0 (not at all) to 10 (extremely)?"
ENV-NMB-03-D,ENV-NMB-03,Environment,NMB,aesthetic,bad,uncommon,high,"The plant manager commissioned a custom, in-house scrubber system built specifically for this plant, an approach rarely used by comparable facilities to reduce operating costs by upgrading the plant's emissions-control equipment. The plant manager did not care at all about the effect this would have on nearby residents downwind of the plant. The plant manager knew that this would change the air's odor near the plant: residents downwind of the plant said the air now carried a faint, unfamiliar odor on humid days that hadn't been present before.",Did the plant manager intentionally change the air's odor near the plant? Answer on a scale from 0 (not at all intentionally) to 10 (completely intentionally).,"How blameworthy is the plant manager for this, on a scale from 0 (not at all) to 10 (extremely)?","How praiseworthy is the plant manager for this, on a scale from 0 (not at all) to 10 (extremely)?"
ENV-NMG-03-A,ENV-NMG-03,Environment,NMG,aesthetic,good,common,low,"The plant manager installed a newer, industry-standard scrubber system widely used by comparable facilities to reduce operating costs by upgrading the plant's emissions-control equipment. The plant manager did not care at all about the effect this would have on nearby residents downwind of the plant. The plant manager knew that this would change the air's odor near the plant: a subsequent resident survey found that the air's ambient odor near the plant had grown less noticeable than before.",Did the plant manager intentionally change the air's odor near the plant? Answer on a scale from 0 (not at all intentionally) to 10 (completely intentionally).,"How blameworthy is the plant manager for this, on a scale from 0 (not at all) to 10 (extremely)?","How praiseworthy is the plant manager for this, on a scale from 0 (not at all) to 10 (extremely)?"
ENV-NMG-03-B,ENV-NMG-03,Environment,NMG,aesthetic,good,common,high,"The plant manager installed a newer, industry-standard scrubber system widely used by comparable facilities to reduce operating costs by upgrading the plant's emissions-control equipment. The plant manager did not care at all about the effect this would have on nearby residents downwind of the plant. The plant manager knew that this would change the air's odor near the plant: residents downwind of the plant said the air now carried a faint floral-like scent on humid days that hadn't been present before.",Did the plant manager intentionally change the air's odor near the plant? Answer on a scale from 0 (not at all intentionally) to 10 (completely intentionally).,"How blameworthy is the plant manager for this, on a scale from 0 (not at all) to 10 (extremely)?","How praiseworthy is the plant manager for this, on a scale from 0 (not at all) to 10 (extremely)?"
ENV-NMG-03-C,ENV-NMG-03,Environment,NMG,aesthetic,good,uncommon,low,"The plant manager commissioned a custom, in-house scrubber system built specifically for this plant, an approach rarely used by comparable facilities to reduce operating costs by upgrading the plant's emissions-control equipment. The plant manager did not care at all about the effect this would have on nearby residents downwind of the plant. The plant manager knew that this would change the air's odor near the plant: a subsequent resident survey found that the air's ambient odor near the plant had grown less noticeable than before.",Did the plant manager intentionally change the air's odor near the plant? Answer on a scale from 0 (not at all intentionally) to 10 (completely intentionally).,"How blameworthy is the plant manager for this, on a scale from 0 (not at all) to 10 (extremely)?","How praiseworthy is the plant manager for this, on a scale from 0 (not at all) to 10 (extremely)?"
ENV-NMG-03-D,ENV-NMG-03,Environment,NMG,aesthetic,good,uncommon,high,"The plant manager commissioned a custom, in-house scrubber system built specifically for this plant, an approach rarely used by comparable facilities to reduce operating costs by upgrading the plant's emissions-control equipment. The plant manager did not care at all about the effect this would have on nearby residents downwind of the plant. The plant manager knew that this would change the air's odor near the plant: residents downwind of the plant said the air now carried a faint floral-like scent on humid days that hadn't been present before.",Did the plant manager intentionally change the air's odor near the plant? Answer on a scale from 0 (not at all intentionally) to 10 (completely intentionally).,"How blameworthy is the plant manager for this, on a scale from 0 (not at all) to 10 (extremely)?","How praiseworthy is the plant manager for this, on a scale from 0 (not at all) to 10 (extremely)?"
ENV-NEU-03-A,ENV-NEU-03,Environment,NEU,,na,common,low,"The plant manager installed a newer, industry-standard scrubber system widely used by comparable facilities to reduce operating costs by upgrading the plant's emissions-control equipment. The plant manager did not care at all about the effect this would have on staff who review the air-quality readings. The plant manager knew that this would change the air-quality log's internal file format: the plant's monitoring software began logging air-quality readings under a different internal file format than before.",Did the plant manager intentionally change the air-quality log's internal file format? Answer on a scale from 0 (not at all intentionally) to 10 (completely intentionally).,"How blameworthy is the plant manager for this, on a scale from 0 (not at all) to 10 (extremely)?","How praiseworthy is the plant manager for this, on a scale from 0 (not at all) to 10 (extremely)?"
ENV-NEU-03-B,ENV-NEU-03,Environment,NEU,,na,common,high,"The plant manager installed a newer, industry-standard scrubber system widely used by comparable facilities to reduce operating costs by upgrading the plant's emissions-control equipment. The plant manager did not care at all about the effect this would have on staff who review the air-quality readings. The plant manager knew that this would change the air-quality log's internal file format: a reading that would have been saved as 'AQ_031427.csv' under the old system is now saved as '2027-03-14_AirQuality.csv' instead, with no change to who reviews the readings or how compliance is tracked.",Did the plant manager intentionally change the air-quality log's internal file format? Answer on a scale from 0 (not at all intentionally) to 10 (completely intentionally).,"How blameworthy is the plant manager for this, on a scale from 0 (not at all) to 10 (extremely)?","How praiseworthy is the plant manager for this, on a scale from 0 (not at all) to 10 (extremely)?"
ENV-NEU-03-C,ENV-NEU-03,Environment,NEU,,na,uncommon,low,"The plant manager commissioned a custom, in-house scrubber system built specifically for this plant, an approach rarely used by comparable facilities to reduce operating costs by upgrading the plant's emissions-control equipment. The plant manager did not care at all about the effect this would have on staff who review the air-quality readings. The plant manager knew that this would change the air-quality log's internal file format: the plant's monitoring software began logging air-quality readings under a different internal file format than before.",Did the plant manager intentionally change the air-quality log's internal file format? Answer on a scale from 0 (not at all intentionally) to 10 (completely intentionally).,"How blameworthy is the plant manager for this, on a scale from 0 (not at all) to 10 (extremely)?","How praiseworthy is the plant manager for this, on a scale from 0 (not at all) to 10 (extremely)?"
ENV-NEU-03-D,ENV-NEU-03,Environment,NEU,,na,uncommon,high,"The plant manager commissioned a custom, in-house scrubber system built specifically for this plant, an approach rarely used by comparable facilities to reduce operating costs by upgrading the plant's emissions-control equipment. The plant manager did not care at all about the effect this would have on staff who review the air-quality readings. The plant manager knew that this would change the air-quality log's internal file format: a reading that would have been saved as 'AQ_031427.csv' under the old system is now saved as '2027-03-14_AirQuality.csv' instead, with no change to who reviews the readings or how compliance is tracked.",Did the plant manager intentionally change the air-quality log's internal file format? Answer on a scale from 0 (not at all intentionally) to 10 (completely intentionally).,"How blameworthy is the plant manager for this, on a scale from 0 (not at all) to 10 (extremely)?","How praiseworthy is the plant manager for this, on a scale from 0 (not at all) to 10 (extremely)?"
PS-MB-01-A,PS-MB-01,Product Safety,MB,,bad,common,low,The toy company adopted a widely used assembly method common across comparable toy manufacturers to modernize its toy assembly process to cut production costs. The toy company did not care at all about the effect this would have on the children who play with the toy. The toy company knew that this would put children at risk of choking: a subsequent safety inspection found the toy's small parts detached more easily than industry safety guidelines allow.,Did the toy company intentionally put children at risk of choking? Answer on a scale from 0 (not at all intentionally) to 10 (completely intentionally).,"How blameworthy is the toy company for this, on a scale from 0 (not at all) to 10 (extremely)?","How praiseworthy is the toy company for this, on a scale from 0 (not at all) to 10 (extremely)?"
PS-MB-01-B,PS-MB-01,Product Safety,MB,,bad,common,high,The toy company adopted a widely used assembly method common across comparable toy manufacturers to modernize its toy assembly process to cut production costs. The toy company did not care at all about the effect this would have on the children who play with the toy. The toy company knew that this would put children at risk of choking: several toddlers choked on the toy's small parts after they came loose during play.,Did the toy company intentionally put children at risk of choking? Answer on a scale from 0 (not at all intentionally) to 10 (completely intentionally).,"How blameworthy is the toy company for this, on a scale from 0 (not at all) to 10 (extremely)?","How praiseworthy is the toy company for this, on a scale from 0 (not at all) to 10 (extremely)?"
PS-MB-01-C,PS-MB-01,Product Safety,MB,,bad,uncommon,low,"The toy company commissioned a custom, in-house assembly method built specifically for this toy line, an approach rarely used by comparable manufacturers to modernize its toy assembly process to cut production costs. The toy company did not care at all about the effect this would have on the children who play with the toy. The toy company knew that this would put children at risk of choking: a subsequent safety inspection found the toy's small parts detached more easily than industry safety guidelines allow.",Did the toy company intentionally put children at risk of choking? Answer on a scale from 0 (not at all intentionally) to 10 (completely intentionally).,"How blameworthy is the toy company for this, on a scale from 0 (not at all) to 10 (extremely)?","How praiseworthy is the toy company for this, on a scale from 0 (not at all) to 10 (extremely)?"
PS-MB-01-D,PS-MB-01,Product Safety,MB,,bad,uncommon,high,"The toy company commissioned a custom, in-house assembly method built specifically for this toy line, an approach rarely used by comparable manufacturers to modernize its toy assembly process to cut production costs. The toy company did not care at all about the effect this would have on the children who play with the toy. The toy company knew that this would put children at risk of choking: several toddlers choked on the toy's small parts after they came loose during play.",Did the toy company intentionally put children at risk of choking? Answer on a scale from 0 (not at all intentionally) to 10 (completely intentionally).,"How blameworthy is the toy company for this, on a scale from 0 (not at all) to 10 (extremely)?","How praiseworthy is the toy company for this, on a scale from 0 (not at all) to 10 (extremely)?"
PS-MG-01-A,PS-MG-01,Product Safety,MG,,good,common,low,The toy company adopted a widely used assembly method common across comparable toy manufacturers to modernize its toy assembly process to cut production costs. The toy company did not care at all about the effect this would have on the children who play with the toy. The toy company knew that this would reduce children's risk of choking on the toy: a subsequent safety inspection found the toy's small parts required significantly more force to detach than industry guidelines require.,Did the toy company intentionally reduce children's risk of choking on the toy? Answer on a scale from 0 (not at all intentionally) to 10 (completely intentionally).,"How blameworthy is the toy company for this, on a scale from 0 (not at all) to 10 (extremely)?","How praiseworthy is the toy company for this, on a scale from 0 (not at all) to 10 (extremely)?"
PS-MG-01-B,PS-MG-01,Product Safety,MG,,good,common,high,"The toy company adopted a widely used assembly method common across comparable toy manufacturers to modernize its toy assembly process to cut production costs. The toy company did not care at all about the effect this would have on the children who play with the toy. The toy company knew that this would reduce children's risk of choking on the toy: an independent lab's pull-test found the toy's parts withstood forces far beyond anything a toddler could exert, and the manufacturer's choke-hazard complaints for the toy line dropped to zero that quarter.",Did the toy company intentionally reduce children's risk of choking on the toy? Answer on a scale from 0 (not at all intentionally) to 10 (completely intentionally).,"How blameworthy is the toy company for this, on a scale from 0 (not at all) to 10 (extremely)?","How praiseworthy is the toy company for this, on a scale from 0 (not at all) to 10 (extremely)?"
PS-MG-01-C,PS-MG-01,Product Safety,MG,,good,uncommon,low,"The toy company commissioned a custom, in-house assembly method built specifically for this toy line, an approach rarely used by comparable manufacturers to modernize its toy assembly process to cut production costs. The toy company did not care at all about the effect this would have on the children who play with the toy. The toy company knew that this would reduce children's risk of choking on the toy: a subsequent safety inspection found the toy's small parts required significantly more force to detach than industry guidelines require.",Did the toy company intentionally reduce children's risk of choking on the toy? Answer on a scale from 0 (not at all intentionally) to 10 (completely intentionally).,"How blameworthy is the toy company for this, on a scale from 0 (not at all) to 10 (extremely)?","How praiseworthy is the toy company for this, on a scale from 0 (not at all) to 10 (extremely)?"
PS-MG-01-D,PS-MG-01,Product Safety,MG,,good,uncommon,high,"The toy company commissioned a custom, in-house assembly method built specifically for this toy line, an approach rarely used by comparable manufacturers to modernize its toy assembly process to cut production costs. The toy company did not care at all about the effect this would have on the children who play with the toy. The toy company knew that this would reduce children's risk of choking on the toy: an independent lab's pull-test found the toy's parts withstood forces far beyond anything a toddler could exert, and the manufacturer's choke-hazard complaints for the toy line dropped to zero that quarter.",Did the toy company intentionally reduce children's risk of choking on the toy? Answer on a scale from 0 (not at all intentionally) to 10 (completely intentionally).,"How blameworthy is the toy company for this, on a scale from 0 (not at all) to 10 (extremely)?","How praiseworthy is the toy company for this, on a scale from 0 (not at all) to 10 (extremely)?"
PS-NMB-01-A,PS-NMB-01,Product Safety,NMB,aesthetic,bad,common,low,The toy company adopted a widely used assembly method common across comparable toy manufacturers to modernize its toy assembly process to cut production costs. The toy company did not care at all about the effect this would have on parents shopping for the toy in stores. The toy company knew that this would change the toy's paint color scheme: a subsequent customer survey found shoppers rated the toy's new color scheme as noticeably less appealing than the previous one.,Did the toy company intentionally change the toy's paint color scheme? Answer on a scale from 0 (not at all intentionally) to 10 (completely intentionally).,"How blameworthy is the toy company for this, on a scale from 0 (not at all) to 10 (extremely)?","How praiseworthy is the toy company for this, on a scale from 0 (not at all) to 10 (extremely)?"
PS-NMB-01-B,PS-NMB-01,Product Safety,NMB,aesthetic,bad,common,high,The toy company adopted a widely used assembly method common across comparable toy manufacturers to modernize its toy assembly process to cut production costs. The toy company did not care at all about the effect this would have on parents shopping for the toy in stores. The toy company knew that this would change the toy's paint color scheme: several parents in an online toy forum said the new mustard-and-brown color scheme looked dated next to competitors' toys on the shelf.,Did the toy company intentionally change the toy's paint color scheme? Answer on a scale from 0 (not at all intentionally) to 10 (completely intentionally).,"How blameworthy is the toy company for this, on a scale from 0 (not at all) to 10 (extremely)?","How praiseworthy is the toy company for this, on a scale from 0 (not at all) to 10 (extremely)?"
PS-NMB-01-C,PS-NMB-01,Product Safety,NMB,aesthetic,bad,uncommon,low,"The toy company commissioned a custom, in-house assembly method built specifically for this toy line, an approach rarely used by comparable manufacturers to modernize its toy assembly process to cut production costs. The toy company did not care at all about the effect this would have on parents shopping for the toy in stores. The toy company knew that this would change the toy's paint color scheme: a subsequent customer survey found shoppers rated the toy's new color scheme as noticeably less appealing than the previous one.",Did the toy company intentionally change the toy's paint color scheme? Answer on a scale from 0 (not at all intentionally) to 10 (completely intentionally).,"How blameworthy is the toy company for this, on a scale from 0 (not at all) to 10 (extremely)?","How praiseworthy is the toy company for this, on a scale from 0 (not at all) to 10 (extremely)?"
PS-NMB-01-D,PS-NMB-01,Product Safety,NMB,aesthetic,bad,uncommon,high,"The toy company commissioned a custom, in-house assembly method built specifically for this toy line, an approach rarely used by comparable manufacturers to modernize its toy assembly process to cut production costs. The toy company did not care at all about the effect this would have on parents shopping for the toy in stores. The toy company knew that this would change the toy's paint color scheme: several parents in an online toy forum said the new mustard-and-brown color scheme looked dated next to competitors' toys on the shelf.",Did the toy company intentionally change the toy's paint color scheme? Answer on a scale from 0 (not at all intentionally) to 10 (completely intentionally).,"How blameworthy is the toy company for this, on a scale from 0 (not at all) to 10 (extremely)?","How praiseworthy is the toy company for this, on a scale from 0 (not at all) to 10 (extremely)?"
PS-NMG-01-A,PS-NMG-01,Product Safety,NMG,aesthetic,good,common,low,The toy company adopted a widely used assembly method common across comparable toy manufacturers to modernize its toy assembly process to cut production costs. The toy company did not care at all about the effect this would have on parents shopping for the toy in stores. The toy company knew that this would change the toy's paint color scheme: a subsequent customer survey found shoppers rated the toy's new color scheme as noticeably more appealing than the previous one.,Did the toy company intentionally change the toy's paint color scheme? Answer on a scale from 0 (not at all intentionally) to 10 (completely intentionally).,"How blameworthy is the toy company for this, on a scale from 0 (not at all) to 10 (extremely)?","How praiseworthy is the toy company for this, on a scale from 0 (not at all) to 10 (extremely)?"
PS-NMG-01-B,PS-NMG-01,Product Safety,NMG,aesthetic,good,common,high,The toy company adopted a widely used assembly method common across comparable toy manufacturers to modernize its toy assembly process to cut production costs. The toy company did not care at all about the effect this would have on parents shopping for the toy in stores. The toy company knew that this would change the toy's paint color scheme: several parents in an online toy forum said the new color scheme looked brighter and more eye-catching next to competitors' toys on the shelf.,Did the toy company intentionally change the toy's paint color scheme? Answer on a scale from 0 (not at all intentionally) to 10 (completely intentionally).,"How blameworthy is the toy company for this, on a scale from 0 (not at all) to 10 (extremely)?","How praiseworthy is the toy company for this, on a scale from 0 (not at all) to 10 (extremely)?"
PS-NMG-01-C,PS-NMG-01,Product Safety,NMG,aesthetic,good,uncommon,low,"The toy company commissioned a custom, in-house assembly method built specifically for this toy line, an approach rarely used by comparable manufacturers to modernize its toy assembly process to cut production costs. The toy company did not care at all about the effect this would have on parents shopping for the toy in stores. The toy company knew that this would change the toy's paint color scheme: a subsequent customer survey found shoppers rated the toy's new color scheme as noticeably more appealing than the previous one.",Did the toy company intentionally change the toy's paint color scheme? Answer on a scale from 0 (not at all intentionally) to 10 (completely intentionally).,"How blameworthy is the toy company for this, on a scale from 0 (not at all) to 10 (extremely)?","How praiseworthy is the toy company for this, on a scale from 0 (not at all) to 10 (extremely)?"
PS-NMG-01-D,PS-NMG-01,Product Safety,NMG,aesthetic,good,uncommon,high,"The toy company commissioned a custom, in-house assembly method built specifically for this toy line, an approach rarely used by comparable manufacturers to modernize its toy assembly process to cut production costs. The toy company did not care at all about the effect this would have on parents shopping for the toy in stores. The toy company knew that this would change the toy's paint color scheme: several parents in an online toy forum said the new color scheme looked brighter and more eye-catching next to competitors' toys on the shelf.",Did the toy company intentionally change the toy's paint color scheme? Answer on a scale from 0 (not at all intentionally) to 10 (completely intentionally).,"How blameworthy is the toy company for this, on a scale from 0 (not at all) to 10 (extremely)?","How praiseworthy is the toy company for this, on a scale from 0 (not at all) to 10 (extremely)?"
PS-NEU-01-A,PS-NEU-01,Product Safety,NEU,,na,common,low,The toy company adopted a widely used assembly method common across comparable toy manufacturers to modernize its toy assembly process to cut production costs. The toy company did not care at all about the effect this would have on staff who log incoming shipments in the warehouse system. The toy company knew that this would change the shipment log's internal file-naming format: the new assembly method's tracking software began saving shipment logs under a different internal file-naming convention than before.,Did the toy company intentionally change the shipment log's internal file-naming format? Answer on a scale from 0 (not at all intentionally) to 10 (completely intentionally).,"How blameworthy is the toy company for this, on a scale from 0 (not at all) to 10 (extremely)?","How praiseworthy is the toy company for this, on a scale from 0 (not at all) to 10 (extremely)?"
PS-NEU-01-B,PS-NEU-01,Product Safety,NEU,,na,common,high,"The toy company adopted a widely used assembly method common across comparable toy manufacturers to modernize its toy assembly process to cut production costs. The toy company did not care at all about the effect this would have on staff who log incoming shipments in the warehouse system. The toy company knew that this would change the shipment log's internal file-naming format: a shipment record that would have been saved as 'TOY_083127.csv' under the old system is now saved as '2027-08-31_ToyShipment.csv' instead, with no change to who reviews the logs or how shipments are tracked.",Did the toy company intentionally change the shipment log's internal file-naming format? Answer on a scale from 0 (not at all intentionally) to 10 (completely intentionally).,"How blameworthy is the toy company for this, on a scale from 0 (not at all) to 10 (extremely)?","How praiseworthy is the toy company for this, on a scale from 0 (not at all) to 10 (extremely)?"
PS-NEU-01-C,PS-NEU-01,Product Safety,NEU,,na,uncommon,low,"The toy company commissioned a custom, in-house assembly method built specifically for this toy line, an approach rarely used by comparable manufacturers to modernize its toy assembly process to cut production costs. The toy company did not care at all about the effect this would have on staff who log incoming shipments in the warehouse system. The toy company knew that this would change the shipment log's internal file-naming format: the new assembly method's tracking software began saving shipment logs under a different internal file-naming convention than before.",Did the toy company intentionally change the shipment log's internal file-naming format? Answer on a scale from 0 (not at all intentionally) to 10 (completely intentionally).,"How blameworthy is the toy company for this, on a scale from 0 (not at all) to 10 (extremely)?","How praiseworthy is the toy company for this, on a scale from 0 (not at all) to 10 (extremely)?"
PS-NEU-01-D,PS-NEU-01,Product Safety,NEU,,na,uncommon,high,"The toy company commissioned a custom, in-house assembly method built specifically for this toy line, an approach rarely used by comparable manufacturers to modernize its toy assembly process to cut production costs. The toy company did not care at all about the effect this would have on staff who log incoming shipments in the warehouse system. The toy company knew that this would change the shipment log's internal file-naming format: a shipment record that would have been saved as 'TOY_083127.csv' under the old system is now saved as '2027-08-31_ToyShipment.csv' instead, with no change to who reviews the logs or how shipments are tracked.",Did the toy company intentionally change the shipment log's internal file-naming format? Answer on a scale from 0 (not at all intentionally) to 10 (completely intentionally).,"How blameworthy is the toy company for this, on a scale from 0 (not at all) to 10 (extremely)?","How praiseworthy is the toy company for this, on a scale from 0 (not at all) to 10 (extremely)?"
PS-MB-02-A,PS-MB-02,Product Safety,MB,,bad,common,low,The appliance manufacturer switched to a wiring supplier widely used by industry-standard manufacturers to modernize its space heater's internal wiring to cut manufacturing costs. The appliance manufacturer did not care at all about the effect this would have on customers who use the space heater in their homes. The appliance manufacturer knew that this would put customers' homes at risk of fire: a subsequent safety review found the space heater's internal wiring failed at a noticeably higher rate than industry standard testing allows.,Did the appliance manufacturer intentionally put customers' homes at risk of fire? Answer on a scale from 0 (not at all intentionally) to 10 (completely intentionally).,"How blameworthy is the appliance manufacturer for this, on a scale from 0 (not at all) to 10 (extremely)?","How praiseworthy is the appliance manufacturer for this, on a scale from 0 (not at all) to 10 (extremely)?"
PS-MB-02-B,PS-MB-02,Product Safety,MB,,bad,common,high,The appliance manufacturer switched to a wiring supplier widely used by industry-standard manufacturers to modernize its space heater's internal wiring to cut manufacturing costs. The appliance manufacturer did not care at all about the effect this would have on customers who use the space heater in their homes. The appliance manufacturer knew that this would put customers' homes at risk of fire: several customers' homes caught fire after the heater's wiring overheated while they slept.,Did the appliance manufacturer intentionally put customers' homes at risk of fire? Answer on a scale from 0 (not at all intentionally) to 10 (completely intentionally).,"How blameworthy is the appliance manufacturer for this, on a scale from 0 (not at all) to 10 (extremely)?","How praiseworthy is the appliance manufacturer for this, on a scale from 0 (not at all) to 10 (extremely)?"
PS-MB-02-C,PS-MB-02,Product Safety,MB,,bad,uncommon,low,"The appliance manufacturer commissioned a custom, in-house wiring assembly built specifically for this product line, an approach rarely used by comparable manufacturers to modernize its space heater's internal wiring to cut manufacturing costs. The appliance manufacturer did not care at all about the effect this would have on customers who use the space heater in their homes. The appliance manufacturer knew that this would put customers' homes at risk of fire: a subsequent safety review found the space heater's internal wiring failed at a noticeably higher rate than industry standard testing allows.",Did the appliance manufacturer intentionally put customers' homes at risk of fire? Answer on a scale from 0 (not at all intentionally) to 10 (completely intentionally).,"How blameworthy is the appliance manufacturer for this, on a scale from 0 (not at all) to 10 (extremely)?","How praiseworthy is the appliance manufacturer for this, on a scale from 0 (not at all) to 10 (extremely)?"
PS-MB-02-D,PS-MB-02,Product Safety,MB,,bad,uncommon,high,"The appliance manufacturer commissioned a custom, in-house wiring assembly built specifically for this product line, an approach rarely used by comparable manufacturers to modernize its space heater's internal wiring to cut manufacturing costs. The appliance manufacturer did not care at all about the effect this would have on customers who use the space heater in their homes. The appliance manufacturer knew that this would put customers' homes at risk of fire: several customers' homes caught fire after the heater's wiring overheated while they slept.",Did the appliance manufacturer intentionally put customers' homes at risk of fire? Answer on a scale from 0 (not at all intentionally) to 10 (completely intentionally).,"How blameworthy is the appliance manufacturer for this, on a scale from 0 (not at all) to 10 (extremely)?","How praiseworthy is the appliance manufacturer for this, on a scale from 0 (not at all) to 10 (extremely)?"
PS-MG-02-A,PS-MG-02,Product Safety,MG,,good,common,low,The appliance manufacturer switched to a wiring supplier widely used by industry-standard manufacturers to modernize its space heater's internal wiring to cut manufacturing costs. The appliance manufacturer did not care at all about the effect this would have on customers who use the space heater in their homes. The appliance manufacturer knew that this would reduce customers' risk of fire from the space heater: a subsequent safety review found the space heater's internal wiring failed at a noticeably lower rate than industry standard testing requires.,Did the appliance manufacturer intentionally reduce customers' risk of fire from the space heater? Answer on a scale from 0 (not at all intentionally) to 10 (completely intentionally).,"How blameworthy is the appliance manufacturer for this, on a scale from 0 (not at all) to 10 (extremely)?","How praiseworthy is the appliance manufacturer for this, on a scale from 0 (not at all) to 10 (extremely)?"
PS-MG-02-B,PS-MG-02,Product Safety,MG,,good,common,high,"The appliance manufacturer switched to a wiring supplier widely used by industry-standard manufacturers to modernize its space heater's internal wiring to cut manufacturing costs. The appliance manufacturer did not care at all about the effect this would have on customers who use the space heater in their homes. The appliance manufacturer knew that this would reduce customers' risk of fire from the space heater: an independent lab's overheating test found the wiring stayed well within safe temperature limits even under continuous use, and the manufacturer's fire-related complaints for the product line dropped to zero that quarter.",Did the appliance manufacturer intentionally reduce customers' risk of fire from the space heater? Answer on a scale from 0 (not at all intentionally) to 10 (completely intentionally).,"How blameworthy is the appliance manufacturer for this, on a scale from 0 (not at all) to 10 (extremely)?","How praiseworthy is the appliance manufacturer for this, on a scale from 0 (not at all) to 10 (extremely)?"
PS-MG-02-C,PS-MG-02,Product Safety,MG,,good,uncommon,low,"The appliance manufacturer commissioned a custom, in-house wiring assembly built specifically for this product line, an approach rarely used by comparable manufacturers to modernize its space heater's internal wiring to cut manufacturing costs. The appliance manufacturer did not care at all about the effect this would have on customers who use the space heater in their homes. The appliance manufacturer knew that this would reduce customers' risk of fire from the space heater: a subsequent safety review found the space heater's internal wiring failed at a noticeably lower rate than industry standard testing requires.",Did the appliance manufacturer intentionally reduce customers' risk of fire from the space heater? Answer on a scale from 0 (not at all intentionally) to 10 (completely intentionally).,"How blameworthy is the appliance manufacturer for this, on a scale from 0 (not at all) to 10 (extremely)?","How praiseworthy is the appliance manufacturer for this, on a scale from 0 (not at all) to 10 (extremely)?"
PS-MG-02-D,PS-MG-02,Product Safety,MG,,good,uncommon,high,"The appliance manufacturer commissioned a custom, in-house wiring assembly built specifically for this product line, an approach rarely used by comparable manufacturers to modernize its space heater's internal wiring to cut manufacturing costs. The appliance manufacturer did not care at all about the effect this would have on customers who use the space heater in their homes. The appliance manufacturer knew that this would reduce customers' risk of fire from the space heater: an independent lab's overheating test found the wiring stayed well within safe temperature limits even under continuous use, and the manufacturer's fire-related complaints for the product line dropped to zero that quarter.",Did the appliance manufacturer intentionally reduce customers' risk of fire from the space heater? Answer on a scale from 0 (not at all intentionally) to 10 (completely intentionally).,"How blameworthy is the appliance manufacturer for this, on a scale from 0 (not at all) to 10 (extremely)?","How praiseworthy is the appliance manufacturer for this, on a scale from 0 (not at all) to 10 (extremely)?"
PS-NMB-02-A,PS-NMB-02,Product Safety,NMB,prudential,bad,common,low,The appliance manufacturer switched to a wiring supplier widely used by industry-standard manufacturers to modernize its space heater's internal wiring to cut manufacturing costs. The appliance manufacturer did not care at all about the effect this would have on customers running the space heater at home. The appliance manufacturer knew that this would increase the space heater's electricity usage: a subsequent efficiency review found the space heater used noticeably more electricity per hour than the previous model.,Did the appliance manufacturer intentionally increase the space heater's electricity usage? Answer on a scale from 0 (not at all intentionally) to 10 (completely intentionally).,"How blameworthy is the appliance manufacturer for this, on a scale from 0 (not at all) to 10 (extremely)?","How praiseworthy is the appliance manufacturer for this, on a scale from 0 (not at all) to 10 (extremely)?"
PS-NMB-02-B,PS-NMB-02,Product Safety,NMB,prudential,bad,common,high,The appliance manufacturer switched to a wiring supplier widely used by industry-standard manufacturers to modernize its space heater's internal wiring to cut manufacturing costs. The appliance manufacturer did not care at all about the effect this would have on customers running the space heater at home. The appliance manufacturer knew that this would increase the space heater's electricity usage: customers who compared their utility bills before and after the switch found the new heater cost several extra dollars per month to run at the same settings.,Did the appliance manufacturer intentionally increase the space heater's electricity usage? Answer on a scale from 0 (not at all intentionally) to 10 (completely intentionally).,"How blameworthy is the appliance manufacturer for this, on a scale from 0 (not at all) to 10 (extremely)?","How praiseworthy is the appliance manufacturer for this, on a scale from 0 (not at all) to 10 (extremely)?"
PS-NMB-02-C,PS-NMB-02,Product Safety,NMB,prudential,bad,uncommon,low,"The appliance manufacturer commissioned a custom, in-house wiring assembly built specifically for this product line, an approach rarely used by comparable manufacturers to modernize its space heater's internal wiring to cut manufacturing costs. The appliance manufacturer did not care at all about the effect this would have on customers running the space heater at home. The appliance manufacturer knew that this would increase the space heater's electricity usage: a subsequent efficiency review found the space heater used noticeably more electricity per hour than the previous model.",Did the appliance manufacturer intentionally increase the space heater's electricity usage? Answer on a scale from 0 (not at all intentionally) to 10 (completely intentionally).,"How blameworthy is the appliance manufacturer for this, on a scale from 0 (not at all) to 10 (extremely)?","How praiseworthy is the appliance manufacturer for this, on a scale from 0 (not at all) to 10 (extremely)?"
PS-NMB-02-D,PS-NMB-02,Product Safety,NMB,prudential,bad,uncommon,high,"The appliance manufacturer commissioned a custom, in-house wiring assembly built specifically for this product line, an approach rarely used by comparable manufacturers to modernize its space heater's internal wiring to cut manufacturing costs. The appliance manufacturer did not care at all about the effect this would have on customers running the space heater at home. The appliance manufacturer knew that this would increase the space heater's electricity usage: customers who compared their utility bills before and after the switch found the new heater cost several extra dollars per month to run at the same settings.",Did the appliance manufacturer intentionally increase the space heater's electricity usage? Answer on a scale from 0 (not at all intentionally) to 10 (completely intentionally).,"How blameworthy is the appliance manufacturer for this, on a scale from 0 (not at all) to 10 (extremely)?","How praiseworthy is the appliance manufacturer for this, on a scale from 0 (not at all) to 10 (extremely)?"
PS-NMG-02-A,PS-NMG-02,Product Safety,NMG,prudential,good,common,low,The appliance manufacturer switched to a wiring supplier widely used by industry-standard manufacturers to modernize its space heater's internal wiring to cut manufacturing costs. The appliance manufacturer did not care at all about the effect this would have on customers running the space heater at home. The appliance manufacturer knew that this would decrease the space heater's electricity usage: a subsequent efficiency review found the space heater used noticeably less electricity per hour than the previous model.,Did the appliance manufacturer intentionally decrease the space heater's electricity usage? Answer on a scale from 0 (not at all intentionally) to 10 (completely intentionally).,"How blameworthy is the appliance manufacturer for this, on a scale from 0 (not at all) to 10 (extremely)?","How praiseworthy is the appliance manufacturer for this, on a scale from 0 (not at all) to 10 (extremely)?"
PS-NMG-02-B,PS-NMG-02,Product Safety,NMG,prudential,good,common,high,The appliance manufacturer switched to a wiring supplier widely used by industry-standard manufacturers to modernize its space heater's internal wiring to cut manufacturing costs. The appliance manufacturer did not care at all about the effect this would have on customers running the space heater at home. The appliance manufacturer knew that this would decrease the space heater's electricity usage: customers who compared their utility bills before and after the switch found the new heater cost several dollars less per month to run at the same settings.,Did the appliance manufacturer intentionally decrease the space heater's electricity usage? Answer on a scale from 0 (not at all intentionally) to 10 (completely intentionally).,"How blameworthy is the appliance manufacturer for this, on a scale from 0 (not at all) to 10 (extremely)?","How praiseworthy is the appliance manufacturer for this, on a scale from 0 (not at all) to 10 (extremely)?"
PS-NMG-02-C,PS-NMG-02,Product Safety,NMG,prudential,good,uncommon,low,"The appliance manufacturer commissioned a custom, in-house wiring assembly built specifically for this product line, an approach rarely used by comparable manufacturers to modernize its space heater's internal wiring to cut manufacturing costs. The appliance manufacturer did not care at all about the effect this would have on customers running the space heater at home. The appliance manufacturer knew that this would decrease the space heater's electricity usage: a subsequent efficiency review found the space heater used noticeably less electricity per hour than the previous model.",Did the appliance manufacturer intentionally decrease the space heater's electricity usage? Answer on a scale from 0 (not at all intentionally) to 10 (completely intentionally).,"How blameworthy is the appliance manufacturer for this, on a scale from 0 (not at all) to 10 (extremely)?","How praiseworthy is the appliance manufacturer for this, on a scale from 0 (not at all) to 10 (extremely)?"
PS-NMG-02-D,PS-NMG-02,Product Safety,NMG,prudential,good,uncommon,high,"The appliance manufacturer commissioned a custom, in-house wiring assembly built specifically for this product line, an approach rarely used by comparable manufacturers to modernize its space heater's internal wiring to cut manufacturing costs. The appliance manufacturer did not care at all about the effect this would have on customers running the space heater at home. The appliance manufacturer knew that this would decrease the space heater's electricity usage: customers who compared their utility bills before and after the switch found the new heater cost several dollars less per month to run at the same settings.",Did the appliance manufacturer intentionally decrease the space heater's electricity usage? Answer on a scale from 0 (not at all intentionally) to 10 (completely intentionally).,"How blameworthy is the appliance manufacturer for this, on a scale from 0 (not at all) to 10 (extremely)?","How praiseworthy is the appliance manufacturer for this, on a scale from 0 (not at all) to 10 (extremely)?"
PS-NEU-02-A,PS-NEU-02,Product Safety,NEU,,na,common,low,The appliance manufacturer switched to a wiring supplier widely used by industry-standard manufacturers to modernize its space heater's internal wiring to cut manufacturing costs. The appliance manufacturer did not care at all about the effect this would have on staff who log product-testing records in the quality-assurance system. The appliance manufacturer knew that this would change the testing log's internal file-naming format: the new wiring assembly's tracking software began saving quality-assurance test records under a different internal file-naming convention than before.,Did the appliance manufacturer intentionally change the testing log's internal file-naming format? Answer on a scale from 0 (not at all intentionally) to 10 (completely intentionally).,"How blameworthy is the appliance manufacturer for this, on a scale from 0 (not at all) to 10 (extremely)?","How praiseworthy is the appliance manufacturer for this, on a scale from 0 (not at all) to 10 (extremely)?"
PS-NEU-02-B,PS-NEU-02,Product Safety,NEU,,na,common,high,"The appliance manufacturer switched to a wiring supplier widely used by industry-standard manufacturers to modernize its space heater's internal wiring to cut manufacturing costs. The appliance manufacturer did not care at all about the effect this would have on staff who log product-testing records in the quality-assurance system. The appliance manufacturer knew that this would change the testing log's internal file-naming format: a test record that would have been saved as 'QA_HTR0930.csv' under the old system is now saved as '2027-09-30_HeaterQA.csv' instead, with no change to who reviews the records or how testing is scheduled.",Did the appliance manufacturer intentionally change the testing log's internal file-naming format? Answer on a scale from 0 (not at all intentionally) to 10 (completely intentionally).,"How blameworthy is the appliance manufacturer for this, on a scale from 0 (not at all) to 10 (extremely)?","How praiseworthy is the appliance manufacturer for this, on a scale from 0 (not at all) to 10 (extremely)?"
PS-NEU-02-C,PS-NEU-02,Product Safety,NEU,,na,uncommon,low,"The appliance manufacturer commissioned a custom, in-house wiring assembly built specifically for this product line, an approach rarely used by comparable manufacturers to modernize its space heater's internal wiring to cut manufacturing costs. The appliance manufacturer did not care at all about the effect this would have on staff who log product-testing records in the quality-assurance system. The appliance manufacturer knew that this would change the testing log's internal file-naming format: the new wiring assembly's tracking software began saving quality-assurance test records under a different internal file-naming convention than before.",Did the appliance manufacturer intentionally change the testing log's internal file-naming format? Answer on a scale from 0 (not at all intentionally) to 10 (completely intentionally).,"How blameworthy is the appliance manufacturer for this, on a scale from 0 (not at all) to 10 (extremely)?","How praiseworthy is the appliance manufacturer for this, on a scale from 0 (not at all) to 10 (extremely)?"
PS-NEU-02-D,PS-NEU-02,Product Safety,NEU,,na,uncommon,high,"The appliance manufacturer commissioned a custom, in-house wiring assembly built specifically for this product line, an approach rarely used by comparable manufacturers to modernize its space heater's internal wiring to cut manufacturing costs. The appliance manufacturer did not care at all about the effect this would have on staff who log product-testing records in the quality-assurance system. The appliance manufacturer knew that this would change the testing log's internal file-naming format: a test record that would have been saved as 'QA_HTR0930.csv' under the old system is now saved as '2027-09-30_HeaterQA.csv' instead, with no change to who reviews the records or how testing is scheduled.",Did the appliance manufacturer intentionally change the testing log's internal file-naming format? Answer on a scale from 0 (not at all intentionally) to 10 (completely intentionally).,"How blameworthy is the appliance manufacturer for this, on a scale from 0 (not at all) to 10 (extremely)?","How praiseworthy is the appliance manufacturer for this, on a scale from 0 (not at all) to 10 (extremely)?"
WORK-MB-01-A,WORK-MB-01,Workplace,MB,,bad,common,low,The department manager adopted a shift-rotation schedule widely used by comparable departments in the industry to restructure the team's shift schedule to increase quarterly output. The department manager did not care at all about the effect this would have on the employees working under the new schedule. The department manager knew that this would increase employees' risk of exhaustion-related harm: a subsequent staff survey found a measurable rise in reported exhaustion and missed medical appointments among employees on the new schedule.,Did the department manager intentionally increase employees' risk of exhaustion-related harm? Answer on a scale from 0 (not at all intentionally) to 10 (completely intentionally).,"How blameworthy is the department manager for this, on a scale from 0 (not at all) to 10 (extremely)?","How praiseworthy is the department manager for this, on a scale from 0 (not at all) to 10 (extremely)?"
WORK-MB-01-B,WORK-MB-01,Workplace,MB,,bad,common,high,The department manager adopted a shift-rotation schedule widely used by comparable departments in the industry to restructure the team's shift schedule to increase quarterly output. The department manager did not care at all about the effect this would have on the employees working under the new schedule. The department manager knew that this would increase employees' risk of exhaustion-related harm: several employees collapsed from exhaustion during back-to-back shifts under the new schedule.,Did the department manager intentionally increase employees' risk of exhaustion-related harm? Answer on a scale from 0 (not at all intentionally) to 10 (completely intentionally).,"How blameworthy is the department manager for this, on a scale from 0 (not at all) to 10 (extremely)?","How praiseworthy is the department manager for this, on a scale from 0 (not at all) to 10 (extremely)?"
WORK-MB-01-C,WORK-MB-01,Workplace,MB,,bad,uncommon,low,"The department manager implemented a custom shift-rotation schedule designed specifically for this team, an approach rarely used by comparable departments to restructure the team's shift schedule to increase quarterly output. The department manager did not care at all about the effect this would have on the employees working under the new schedule. The department manager knew that this would increase employees' risk of exhaustion-related harm: a subsequent staff survey found a measurable rise in reported exhaustion and missed medical appointments among employees on the new schedule.",Did the department manager intentionally increase employees' risk of exhaustion-related harm? Answer on a scale from 0 (not at all intentionally) to 10 (completely intentionally).,"How blameworthy is the department manager for this, on a scale from 0 (not at all) to 10 (extremely)?","How praiseworthy is the department manager for this, on a scale from 0 (not at all) to 10 (extremely)?"
WORK-MB-01-D,WORK-MB-01,Workplace,MB,,bad,uncommon,high,"The department manager implemented a custom shift-rotation schedule designed specifically for this team, an approach rarely used by comparable departments to restructure the team's shift schedule to increase quarterly output. The department manager did not care at all about the effect this would have on the employees working under the new schedule. The department manager knew that this would increase employees' risk of exhaustion-related harm: several employees collapsed from exhaustion during back-to-back shifts under the new schedule.",Did the department manager intentionally increase employees' risk of exhaustion-related harm? Answer on a scale from 0 (not at all intentionally) to 10 (completely intentionally).,"How blameworthy is the department manager for this, on a scale from 0 (not at all) to 10 (extremely)?","How praiseworthy is the department manager for this, on a scale from 0 (not at all) to 10 (extremely)?"
WORK-MG-01-A,WORK-MG-01,Workplace,MG,,good,common,low,The department manager adopted a shift-rotation schedule widely used by comparable departments in the industry to restructure the team's shift schedule to increase quarterly output. The department manager did not care at all about the effect this would have on the employees working under the new schedule. The department manager knew that this would reduce employees' risk of exhaustion-related harm: a subsequent staff survey found a measurable drop in reported exhaustion and missed medical appointments among employees on the new schedule.,Did the department manager intentionally reduce employees' risk of exhaustion-related harm? Answer on a scale from 0 (not at all intentionally) to 10 (completely intentionally).,"How blameworthy is the department manager for this, on a scale from 0 (not at all) to 10 (extremely)?","How praiseworthy is the department manager for this, on a scale from 0 (not at all) to 10 (extremely)?"
WORK-MG-01-B,WORK-MG-01,Workplace,MG,,good,common,high,The department manager adopted a shift-rotation schedule widely used by comparable departments in the industry to restructure the team's shift schedule to increase quarterly output. The department manager did not care at all about the effect this would have on the employees working under the new schedule. The department manager knew that this would reduce employees' risk of exhaustion-related harm: several employees who had been struggling with burnout said they were finally sleeping through the night again after the schedule change.,Did the department manager intentionally reduce employees' risk of exhaustion-related harm? Answer on a scale from 0 (not at all intentionally) to 10 (completely intentionally).,"How blameworthy is the department manager for this, on a scale from 0 (not at all) to 10 (extremely)?","How praiseworthy is the department manager for this, on a scale from 0 (not at all) to 10 (extremely)?"
WORK-MG-01-C,WORK-MG-01,Workplace,MG,,good,uncommon,low,"The department manager implemented a custom shift-rotation schedule designed specifically for this team, an approach rarely used by comparable departments to restructure the team's shift schedule to increase quarterly output. The department manager did not care at all about the effect this would have on the employees working under the new schedule. The department manager knew that this would reduce employees' risk of exhaustion-related harm: a subsequent staff survey found a measurable drop in reported exhaustion and missed medical appointments among employees on the new schedule.",Did the department manager intentionally reduce employees' risk of exhaustion-related harm? Answer on a scale from 0 (not at all intentionally) to 10 (completely intentionally).,"How blameworthy is the department manager for this, on a scale from 0 (not at all) to 10 (extremely)?","How praiseworthy is the department manager for this, on a scale from 0 (not at all) to 10 (extremely)?"
WORK-MG-01-D,WORK-MG-01,Workplace,MG,,good,uncommon,high,"The department manager implemented a custom shift-rotation schedule designed specifically for this team, an approach rarely used by comparable departments to restructure the team's shift schedule to increase quarterly output. The department manager did not care at all about the effect this would have on the employees working under the new schedule. The department manager knew that this would reduce employees' risk of exhaustion-related harm: several employees who had been struggling with burnout said they were finally sleeping through the night again after the schedule change.",Did the department manager intentionally reduce employees' risk of exhaustion-related harm? Answer on a scale from 0 (not at all intentionally) to 10 (completely intentionally).,"How blameworthy is the department manager for this, on a scale from 0 (not at all) to 10 (extremely)?","How praiseworthy is the department manager for this, on a scale from 0 (not at all) to 10 (extremely)?"
WORK-NMB-01-A,WORK-NMB-01,Workplace,NMB,procedural,bad,common,low,The department manager adopted a shift-rotation schedule widely used by comparable departments in the industry to restructure the team's shift schedule to increase quarterly output. The department manager did not care at all about the effect this would have on employees adjusting to the new desk arrangement. The department manager knew that this would change the office's seating arrangement: a subsequent staff survey found employees rated the new seating chart as noticeably less convenient than the previous layout.,Did the department manager intentionally change the office's seating arrangement? Answer on a scale from 0 (not at all intentionally) to 10 (completely intentionally).,"How blameworthy is the department manager for this, on a scale from 0 (not at all) to 10 (extremely)?","How praiseworthy is the department manager for this, on a scale from 0 (not at all) to 10 (extremely)?"
WORK-NMB-01-B,WORK-NMB-01,Workplace,NMB,procedural,bad,common,high,The department manager adopted a shift-rotation schedule widely used by comparable departments in the industry to restructure the team's shift schedule to increase quarterly output. The department manager did not care at all about the effect this would have on employees adjusting to the new desk arrangement. The department manager knew that this would change the office's seating arrangement: several employees said the new seating chart broke up long-standing desk groupings they were fond of.,Did the department manager intentionally change the office's seating arrangement? Answer on a scale from 0 (not at all intentionally) to 10 (completely intentionally).,"How blameworthy is the department manager for this, on a scale from 0 (not at all) to 10 (extremely)?","How praiseworthy is the department manager for this, on a scale from 0 (not at all) to 10 (extremely)?"
WORK-NMB-01-C,WORK-NMB-01,Workplace,NMB,procedural,bad,uncommon,low,"The department manager implemented a custom shift-rotation schedule designed specifically for this team, an approach rarely used by comparable departments to restructure the team's shift schedule to increase quarterly output. The department manager did not care at all about the effect this would have on employees adjusting to the new desk arrangement. The department manager knew that this would change the office's seating arrangement: a subsequent staff survey found employees rated the new seating chart as noticeably less convenient than the previous layout.",Did the department manager intentionally change the office's seating arrangement? Answer on a scale from 0 (not at all intentionally) to 10 (completely intentionally).,"How blameworthy is the department manager for this, on a scale from 0 (not at all) to 10 (extremely)?","How praiseworthy is the department manager for this, on a scale from 0 (not at all) to 10 (extremely)?"
WORK-NMB-01-D,WORK-NMB-01,Workplace,NMB,procedural,bad,uncommon,high,"The department manager implemented a custom shift-rotation schedule designed specifically for this team, an approach rarely used by comparable departments to restructure the team's shift schedule to increase quarterly output. The department manager did not care at all about the effect this would have on employees adjusting to the new desk arrangement. The department manager knew that this would change the office's seating arrangement: several employees said the new seating chart broke up long-standing desk groupings they were fond of.",Did the department manager intentionally change the office's seating arrangement? Answer on a scale from 0 (not at all intentionally) to 10 (completely intentionally).,"How blameworthy is the department manager for this, on a scale from 0 (not at all) to 10 (extremely)?","How praiseworthy is the department manager for this, on a scale from 0 (not at all) to 10 (extremely)?"
WORK-NMG-01-A,WORK-NMG-01,Workplace,NMG,procedural,good,common,low,The department manager adopted a shift-rotation schedule widely used by comparable departments in the industry to restructure the team's shift schedule to increase quarterly output. The department manager did not care at all about the effect this would have on employees adjusting to the new desk arrangement. The department manager knew that this would change the office's seating arrangement: a subsequent staff survey found employees rated the new seating chart as noticeably more convenient than the previous layout.,Did the department manager intentionally change the office's seating arrangement? Answer on a scale from 0 (not at all intentionally) to 10 (completely intentionally).,"How blameworthy is the department manager for this, on a scale from 0 (not at all) to 10 (extremely)?","How praiseworthy is the department manager for this, on a scale from 0 (not at all) to 10 (extremely)?"
WORK-NMG-01-B,WORK-NMG-01,Workplace,NMG,procedural,good,common,high,The department manager adopted a shift-rotation schedule widely used by comparable departments in the industry to restructure the team's shift schedule to increase quarterly output. The department manager did not care at all about the effect this would have on employees adjusting to the new desk arrangement. The department manager knew that this would change the office's seating arrangement: several employees said the new seating chart finally put them near the colleagues they collaborate with most.,Did the department manager intentionally change the office's seating arrangement? Answer on a scale from 0 (not at all intentionally) to 10 (completely intentionally).,"How blameworthy is the department manager for this, on a scale from 0 (not at all) to 10 (extremely)?","How praiseworthy is the department manager for this, on a scale from 0 (not at all) to 10 (extremely)?"
WORK-NMG-01-C,WORK-NMG-01,Workplace,NMG,procedural,good,uncommon,low,"The department manager implemented a custom shift-rotation schedule designed specifically for this team, an approach rarely used by comparable departments to restructure the team's shift schedule to increase quarterly output. The department manager did not care at all about the effect this would have on employees adjusting to the new desk arrangement. The department manager knew that this would change the office's seating arrangement: a subsequent staff survey found employees rated the new seating chart as noticeably more convenient than the previous layout.",Did the department manager intentionally change the office's seating arrangement? Answer on a scale from 0 (not at all intentionally) to 10 (completely intentionally).,"How blameworthy is the department manager for this, on a scale from 0 (not at all) to 10 (extremely)?","How praiseworthy is the department manager for this, on a scale from 0 (not at all) to 10 (extremely)?"
WORK-NMG-01-D,WORK-NMG-01,Workplace,NMG,procedural,good,uncommon,high,"The department manager implemented a custom shift-rotation schedule designed specifically for this team, an approach rarely used by comparable departments to restructure the team's shift schedule to increase quarterly output. The department manager did not care at all about the effect this would have on employees adjusting to the new desk arrangement. The department manager knew that this would change the office's seating arrangement: several employees said the new seating chart finally put them near the colleagues they collaborate with most.",Did the department manager intentionally change the office's seating arrangement? Answer on a scale from 0 (not at all intentionally) to 10 (completely intentionally).,"How blameworthy is the department manager for this, on a scale from 0 (not at all) to 10 (extremely)?","How praiseworthy is the department manager for this, on a scale from 0 (not at all) to 10 (extremely)?"
WORK-NEU-01-A,WORK-NEU-01,Workplace,NEU,,na,common,low,The department manager adopted a shift-rotation schedule widely used by comparable departments in the industry to restructure the team's shift schedule to increase quarterly output. The department manager did not care at all about the effect this would have on HR staff who review the scheduling system's records. The department manager knew that this would change the scheduling system's internal record format: the new shift-rotation software began saving scheduling records under a different internal file format than before.,Did the department manager intentionally change the scheduling system's internal record format? Answer on a scale from 0 (not at all intentionally) to 10 (completely intentionally).,"How blameworthy is the department manager for this, on a scale from 0 (not at all) to 10 (extremely)?","How praiseworthy is the department manager for this, on a scale from 0 (not at all) to 10 (extremely)?"
WORK-NEU-01-B,WORK-NEU-01,Workplace,NEU,,na,common,high,"The department manager adopted a shift-rotation schedule widely used by comparable departments in the industry to restructure the team's shift schedule to increase quarterly output. The department manager did not care at all about the effect this would have on HR staff who review the scheduling system's records. The department manager knew that this would change the scheduling system's internal record format: a scheduling record that would have been saved as 'SCHED_083127.csv' under the old system is now saved as '2027-08-31_ShiftSchedule.csv' instead, with no change to who reviews the records or how shifts are assigned.",Did the department manager intentionally change the scheduling system's internal record format? Answer on a scale from 0 (not at all intentionally) to 10 (completely intentionally).,"How blameworthy is the department manager for this, on a scale from 0 (not at all) to 10 (extremely)?","How praiseworthy is the department manager for this, on a scale from 0 (not at all) to 10 (extremely)?"
WORK-NEU-01-C,WORK-NEU-01,Workplace,NEU,,na,uncommon,low,"The department manager implemented a custom shift-rotation schedule designed specifically for this team, an approach rarely used by comparable departments to restructure the team's shift schedule to increase quarterly output. The department manager did not care at all about the effect this would have on HR staff who review the scheduling system's records. The department manager knew that this would change the scheduling system's internal record format: the new shift-rotation software began saving scheduling records under a different internal file format than before.",Did the department manager intentionally change the scheduling system's internal record format? Answer on a scale from 0 (not at all intentionally) to 10 (completely intentionally).,"How blameworthy is the department manager for this, on a scale from 0 (not at all) to 10 (extremely)?","How praiseworthy is the department manager for this, on a scale from 0 (not at all) to 10 (extremely)?"
WORK-NEU-01-D,WORK-NEU-01,Workplace,NEU,,na,uncommon,high,"The department manager implemented a custom shift-rotation schedule designed specifically for this team, an approach rarely used by comparable departments to restructure the team's shift schedule to increase quarterly output. The department manager did not care at all about the effect this would have on HR staff who review the scheduling system's records. The department manager knew that this would change the scheduling system's internal record format: a scheduling record that would have been saved as 'SCHED_083127.csv' under the old system is now saved as '2027-08-31_ShiftSchedule.csv' instead, with no change to who reviews the records or how shifts are assigned.",Did the department manager intentionally change the scheduling system's internal record format? Answer on a scale from 0 (not at all intentionally) to 10 (completely intentionally).,"How blameworthy is the department manager for this, on a scale from 0 (not at all) to 10 (extremely)?","How praiseworthy is the department manager for this, on a scale from 0 (not at all) to 10 (extremely)?"
WORK-MB-02-A,WORK-MB-02,Workplace,MB,,bad,common,low,The store manager adopted a commission formula widely used by comparable retail chains to revise the sales team's commission structure to reduce payroll costs. The store manager did not care at all about the effect this would have on the sales associates working on commission. The store manager knew that this would reduce sales associates' take-home pay below what they had budgeted for: a subsequent payroll review found sales associates' average commission earnings had fallen well below what the previous formula would have paid for the same sales volume.,Did the store manager intentionally reduce sales associates' take-home pay below what they had budgeted for? Answer on a scale from 0 (not at all intentionally) to 10 (completely intentionally).,"How blameworthy is the store manager for this, on a scale from 0 (not at all) to 10 (extremely)?","How praiseworthy is the store manager for this, on a scale from 0 (not at all) to 10 (extremely)?"
WORK-MB-02-B,WORK-MB-02,Workplace,MB,,bad,common,high,The store manager adopted a commission formula widely used by comparable retail chains to revise the sales team's commission structure to reduce payroll costs. The store manager did not care at all about the effect this would have on the sales associates working on commission. The store manager knew that this would reduce sales associates' take-home pay below what they had budgeted for: several sales associates said they fell behind on rent after their paychecks came in far lower than expected under the new formula.,Did the store manager intentionally reduce sales associates' take-home pay below what they had budgeted for? Answer on a scale from 0 (not at all intentionally) to 10 (completely intentionally).,"How blameworthy is the store manager for this, on a scale from 0 (not at all) to 10 (extremely)?","How praiseworthy is the store manager for this, on a scale from 0 (not at all) to 10 (extremely)?"
WORK-MB-02-C,WORK-MB-02,Workplace,MB,,bad,uncommon,low,"The store manager implemented a custom commission formula designed specifically for this store, an approach rarely used by comparable retailers to revise the sales team's commission structure to reduce payroll costs. The store manager did not care at all about the effect this would have on the sales associates working on commission. The store manager knew that this would reduce sales associates' take-home pay below what they had budgeted for: a subsequent payroll review found sales associates' average commission earnings had fallen well below what the previous formula would have paid for the same sales volume.",Did the store manager intentionally reduce sales associates' take-home pay below what they had budgeted for? Answer on a scale from 0 (not at all intentionally) to 10 (completely intentionally).,"How blameworthy is the store manager for this, on a scale from 0 (not at all) to 10 (extremely)?","How praiseworthy is the store manager for this, on a scale from 0 (not at all) to 10 (extremely)?"
WORK-MB-02-D,WORK-MB-02,Workplace,MB,,bad,uncommon,high,"The store manager implemented a custom commission formula designed specifically for this store, an approach rarely used by comparable retailers to revise the sales team's commission structure to reduce payroll costs. The store manager did not care at all about the effect this would have on the sales associates working on commission. The store manager knew that this would reduce sales associates' take-home pay below what they had budgeted for: several sales associates said they fell behind on rent after their paychecks came in far lower than expected under the new formula.",Did the store manager intentionally reduce sales associates' take-home pay below what they had budgeted for? Answer on a scale from 0 (not at all intentionally) to 10 (completely intentionally).,"How blameworthy is the store manager for this, on a scale from 0 (not at all) to 10 (extremely)?","How praiseworthy is the store manager for this, on a scale from 0 (not at all) to 10 (extremely)?"
WORK-MG-02-A,WORK-MG-02,Workplace,MG,,good,common,low,The store manager adopted a commission formula widely used by comparable retail chains to revise the sales team's commission structure to reduce payroll costs. The store manager did not care at all about the effect this would have on the sales associates working on commission. The store manager knew that this would increase sales associates' take-home pay: a subsequent payroll review found sales associates' average commission earnings had risen well above what the previous formula would have paid for the same sales volume.,Did the store manager intentionally increase sales associates' take-home pay? Answer on a scale from 0 (not at all intentionally) to 10 (completely intentionally).,"How blameworthy is the store manager for this, on a scale from 0 (not at all) to 10 (extremely)?","How praiseworthy is the store manager for this, on a scale from 0 (not at all) to 10 (extremely)?"
WORK-MG-02-B,WORK-MG-02,Workplace,MG,,good,common,high,The store manager adopted a commission formula widely used by comparable retail chains to revise the sales team's commission structure to reduce payroll costs. The store manager did not care at all about the effect this would have on the sales associates working on commission. The store manager knew that this would increase sales associates' take-home pay: several sales associates said the extra pay from the new formula let them catch up on bills they'd been behind on for months.,Did the store manager intentionally increase sales associates' take-home pay? Answer on a scale from 0 (not at all intentionally) to 10 (completely intentionally).,"How blameworthy is the store manager for this, on a scale from 0 (not at all) to 10 (extremely)?","How praiseworthy is the store manager for this, on a scale from 0 (not at all) to 10 (extremely)?"
WORK-MG-02-C,WORK-MG-02,Workplace,MG,,good,uncommon,low,"The store manager implemented a custom commission formula designed specifically for this store, an approach rarely used by comparable retailers to revise the sales team's commission structure to reduce payroll costs. The store manager did not care at all about the effect this would have on the sales associates working on commission. The store manager knew that this would increase sales associates' take-home pay: a subsequent payroll review found sales associates' average commission earnings had risen well above what the previous formula would have paid for the same sales volume.",Did the store manager intentionally increase sales associates' take-home pay? Answer on a scale from 0 (not at all intentionally) to 10 (completely intentionally).,"How blameworthy is the store manager for this, on a scale from 0 (not at all) to 10 (extremely)?","How praiseworthy is the store manager for this, on a scale from 0 (not at all) to 10 (extremely)?"
WORK-MG-02-D,WORK-MG-02,Workplace,MG,,good,uncommon,high,"The store manager implemented a custom commission formula designed specifically for this store, an approach rarely used by comparable retailers to revise the sales team's commission structure to reduce payroll costs. The store manager did not care at all about the effect this would have on the sales associates working on commission. The store manager knew that this would increase sales associates' take-home pay: several sales associates said the extra pay from the new formula let them catch up on bills they'd been behind on for months.",Did the store manager intentionally increase sales associates' take-home pay? Answer on a scale from 0 (not at all intentionally) to 10 (completely intentionally).,"How blameworthy is the store manager for this, on a scale from 0 (not at all) to 10 (extremely)?","How praiseworthy is the store manager for this, on a scale from 0 (not at all) to 10 (extremely)?"
WORK-NMB-02-A,WORK-NMB-02,Workplace,NMB,procedural,bad,common,low,The store manager adopted a commission formula widely used by comparable retail chains to revise the sales team's commission structure to reduce payroll costs. The store manager did not care at all about the effect this would have on sales associates reviewing their pay stubs. The store manager knew that this would change how commission breakdowns are displayed on pay stubs: a subsequent staff survey found sales associates rated the new pay stub layout as noticeably harder to read than the previous one.,Did the store manager intentionally change how commission breakdowns are displayed on pay stubs? Answer on a scale from 0 (not at all intentionally) to 10 (completely intentionally).,"How blameworthy is the store manager for this, on a scale from 0 (not at all) to 10 (extremely)?","How praiseworthy is the store manager for this, on a scale from 0 (not at all) to 10 (extremely)?"
WORK-NMB-02-B,WORK-NMB-02,Workplace,NMB,procedural,bad,common,high,The store manager adopted a commission formula widely used by comparable retail chains to revise the sales team's commission structure to reduce payroll costs. The store manager did not care at all about the effect this would have on sales associates reviewing their pay stubs. The store manager knew that this would change how commission breakdowns are displayed on pay stubs: several sales associates said the new pay stub crammed the commission breakdown into a tiny font that was hard to make sense of at a glance.,Did the store manager intentionally change how commission breakdowns are displayed on pay stubs? Answer on a scale from 0 (not at all intentionally) to 10 (completely intentionally).,"How blameworthy is the store manager for this, on a scale from 0 (not at all) to 10 (extremely)?","How praiseworthy is the store manager for this, on a scale from 0 (not at all) to 10 (extremely)?"
WORK-NMB-02-C,WORK-NMB-02,Workplace,NMB,procedural,bad,uncommon,low,"The store manager implemented a custom commission formula designed specifically for this store, an approach rarely used by comparable retailers to revise the sales team's commission structure to reduce payroll costs. The store manager did not care at all about the effect this would have on sales associates reviewing their pay stubs. The store manager knew that this would change how commission breakdowns are displayed on pay stubs: a subsequent staff survey found sales associates rated the new pay stub layout as noticeably harder to read than the previous one.",Did the store manager intentionally change how commission breakdowns are displayed on pay stubs? Answer on a scale from 0 (not at all intentionally) to 10 (completely intentionally).,"How blameworthy is the store manager for this, on a scale from 0 (not at all) to 10 (extremely)?","How praiseworthy is the store manager for this, on a scale from 0 (not at all) to 10 (extremely)?"
WORK-NMB-02-D,WORK-NMB-02,Workplace,NMB,procedural,bad,uncommon,high,"The store manager implemented a custom commission formula designed specifically for this store, an approach rarely used by comparable retailers to revise the sales team's commission structure to reduce payroll costs. The store manager did not care at all about the effect this would have on sales associates reviewing their pay stubs. The store manager knew that this would change how commission breakdowns are displayed on pay stubs: several sales associates said the new pay stub crammed the commission breakdown into a tiny font that was hard to make sense of at a glance.",Did the store manager intentionally change how commission breakdowns are displayed on pay stubs? Answer on a scale from 0 (not at all intentionally) to 10 (completely intentionally).,"How blameworthy is the store manager for this, on a scale from 0 (not at all) to 10 (extremely)?","How praiseworthy is the store manager for this, on a scale from 0 (not at all) to 10 (extremely)?"
WORK-NMG-02-A,WORK-NMG-02,Workplace,NMG,procedural,good,common,low,The store manager adopted a commission formula widely used by comparable retail chains to revise the sales team's commission structure to reduce payroll costs. The store manager did not care at all about the effect this would have on sales associates reviewing their pay stubs. The store manager knew that this would change how commission breakdowns are displayed on pay stubs: a subsequent staff survey found sales associates rated the new pay stub layout as noticeably easier to read than the previous one.,Did the store manager intentionally change how commission breakdowns are displayed on pay stubs? Answer on a scale from 0 (not at all intentionally) to 10 (completely intentionally).,"How blameworthy is the store manager for this, on a scale from 0 (not at all) to 10 (extremely)?","How praiseworthy is the store manager for this, on a scale from 0 (not at all) to 10 (extremely)?"
WORK-NMG-02-B,WORK-NMG-02,Workplace,NMG,procedural,good,common,high,The store manager adopted a commission formula widely used by comparable retail chains to revise the sales team's commission structure to reduce payroll costs. The store manager did not care at all about the effect this would have on sales associates reviewing their pay stubs. The store manager knew that this would change how commission breakdowns are displayed on pay stubs: several sales associates said the new pay stub laid out the commission breakdown clearly enough to check at a glance.,Did the store manager intentionally change how commission breakdowns are displayed on pay stubs? Answer on a scale from 0 (not at all intentionally) to 10 (completely intentionally).,"How blameworthy is the store manager for this, on a scale from 0 (not at all) to 10 (extremely)?","How praiseworthy is the store manager for this, on a scale from 0 (not at all) to 10 (extremely)?"
WORK-NMG-02-C,WORK-NMG-02,Workplace,NMG,procedural,good,uncommon,low,"The store manager implemented a custom commission formula designed specifically for this store, an approach rarely used by comparable retailers to revise the sales team's commission structure to reduce payroll costs. The store manager did not care at all about the effect this would have on sales associates reviewing their pay stubs. The store manager knew that this would change how commission breakdowns are displayed on pay stubs: a subsequent staff survey found sales associates rated the new pay stub layout as noticeably easier to read than the previous one.",Did the store manager intentionally change how commission breakdowns are displayed on pay stubs? Answer on a scale from 0 (not at all intentionally) to 10 (completely intentionally).,"How blameworthy is the store manager for this, on a scale from 0 (not at all) to 10 (extremely)?","How praiseworthy is the store manager for this, on a scale from 0 (not at all) to 10 (extremely)?"
WORK-NMG-02-D,WORK-NMG-02,Workplace,NMG,procedural,good,uncommon,high,"The store manager implemented a custom commission formula designed specifically for this store, an approach rarely used by comparable retailers to revise the sales team's commission structure to reduce payroll costs. The store manager did not care at all about the effect this would have on sales associates reviewing their pay stubs. The store manager knew that this would change how commission breakdowns are displayed on pay stubs: several sales associates said the new pay stub laid out the commission breakdown clearly enough to check at a glance.",Did the store manager intentionally change how commission breakdowns are displayed on pay stubs? Answer on a scale from 0 (not at all intentionally) to 10 (completely intentionally).,"How blameworthy is the store manager for this, on a scale from 0 (not at all) to 10 (extremely)?","How praiseworthy is the store manager for this, on a scale from 0 (not at all) to 10 (extremely)?"
WORK-NEU-02-A,WORK-NEU-02,Workplace,NEU,,na,common,low,The store manager adopted a commission formula widely used by comparable retail chains to revise the sales team's commission structure to reduce payroll costs. The store manager did not care at all about the effect this would have on payroll staff who archive commission records. The store manager knew that this would change the payroll archive's internal file-naming format: the new commission formula's payroll software began archiving commission records under a different internal file-naming convention than before.,Did the store manager intentionally change the payroll archive's internal file-naming format? Answer on a scale from 0 (not at all intentionally) to 10 (completely intentionally).,"How blameworthy is the store manager for this, on a scale from 0 (not at all) to 10 (extremely)?","How praiseworthy is the store manager for this, on a scale from 0 (not at all) to 10 (extremely)?"
WORK-NEU-02-B,WORK-NEU-02,Workplace,NEU,,na,common,high,"The store manager adopted a commission formula widely used by comparable retail chains to revise the sales team's commission structure to reduce payroll costs. The store manager did not care at all about the effect this would have on payroll staff who archive commission records. The store manager knew that this would change the payroll archive's internal file-naming format: an archive record that would have been saved as 'COMM_083127.csv' under the old system is now saved as '2027-08-31_CommissionRecord.csv' instead, with no change to who reviews the archive or how payroll is processed.",Did the store manager intentionally change the payroll archive's internal file-naming format? Answer on a scale from 0 (not at all intentionally) to 10 (completely intentionally).,"How blameworthy is the store manager for this, on a scale from 0 (not at all) to 10 (extremely)?","How praiseworthy is the store manager for this, on a scale from 0 (not at all) to 10 (extremely)?"
WORK-NEU-02-C,WORK-NEU-02,Workplace,NEU,,na,uncommon,low,"The store manager implemented a custom commission formula designed specifically for this store, an approach rarely used by comparable retailers to revise the sales team's commission structure to reduce payroll costs. The store manager did not care at all about the effect this would have on payroll staff who archive commission records. The store manager knew that this would change the payroll archive's internal file-naming format: the new commission formula's payroll software began archiving commission records under a different internal file-naming convention than before.",Did the store manager intentionally change the payroll archive's internal file-naming format? Answer on a scale from 0 (not at all intentionally) to 10 (completely intentionally).,"How blameworthy is the store manager for this, on a scale from 0 (not at all) to 10 (extremely)?","How praiseworthy is the store manager for this, on a scale from 0 (not at all) to 10 (extremely)?"
WORK-NEU-02-D,WORK-NEU-02,Workplace,NEU,,na,uncommon,high,"The store manager implemented a custom commission formula designed specifically for this store, an approach rarely used by comparable retailers to revise the sales team's commission structure to reduce payroll costs. The store manager did not care at all about the effect this would have on payroll staff who archive commission records. The store manager knew that this would change the payroll archive's internal file-naming format: an archive record that would have been saved as 'COMM_083127.csv' under the old system is now saved as '2027-08-31_CommissionRecord.csv' instead, with no change to who reviews the archive or how payroll is processed.",Did the store manager intentionally change the payroll archive's internal file-naming format? Answer on a scale from 0 (not at all intentionally) to 10 (completely intentionally).,"How blameworthy is the store manager for this, on a scale from 0 (not at all) to 10 (extremely)?","How praiseworthy is the store manager for this, on a scale from 0 (not at all) to 10 (extremely)?"
FIN-MB-01-A,FIN-MB-01,Finance,MB,,bad,common,low,The lending manager adopted a fee structure widely used by comparable lenders in the industry to revise the terms on its personal loan product to increase profit margins. The lending manager did not care at all about the effect this would have on borrowers taking out the loan. The lending manager knew that this would increase borrowers' risk of falling into loan default: a subsequent portfolio review found borrowers under the new fee structure defaulted at a noticeably higher rate than under the previous terms.,Did the lending manager intentionally increase borrowers' risk of falling into loan default? Answer on a scale from 0 (not at all intentionally) to 10 (completely intentionally).,"How blameworthy is the lending manager for this, on a scale from 0 (not at all) to 10 (extremely)?","How praiseworthy is the lending manager for this, on a scale from 0 (not at all) to 10 (extremely)?"
FIN-MB-01-B,FIN-MB-01,Finance,MB,,bad,common,high,The lending manager adopted a fee structure widely used by comparable lenders in the industry to revise the terms on its personal loan product to increase profit margins. The lending manager did not care at all about the effect this would have on borrowers taking out the loan. The lending manager knew that this would increase borrowers' risk of falling into loan default: several borrowers said they lost their cars after falling behind on payments once the new fees pushed their monthly bill past what they could afford.,Did the lending manager intentionally increase borrowers' risk of falling into loan default? Answer on a scale from 0 (not at all intentionally) to 10 (completely intentionally).,"How blameworthy is the lending manager for this, on a scale from 0 (not at all) to 10 (extremely)?","How praiseworthy is the lending manager for this, on a scale from 0 (not at all) to 10 (extremely)?"
FIN-MB-01-C,FIN-MB-01,Finance,MB,,bad,uncommon,low,"The lending manager implemented a custom fee structure designed specifically for this loan product, an approach rarely used by comparable lenders to revise the terms on its personal loan product to increase profit margins. The lending manager did not care at all about the effect this would have on borrowers taking out the loan. The lending manager knew that this would increase borrowers' risk of falling into loan default: a subsequent portfolio review found borrowers under the new fee structure defaulted at a noticeably higher rate than under the previous terms.",Did the lending manager intentionally increase borrowers' risk of falling into loan default? Answer on a scale from 0 (not at all intentionally) to 10 (completely intentionally).,"How blameworthy is the lending manager for this, on a scale from 0 (not at all) to 10 (extremely)?","How praiseworthy is the lending manager for this, on a scale from 0 (not at all) to 10 (extremely)?"
FIN-MB-01-D,FIN-MB-01,Finance,MB,,bad,uncommon,high,"The lending manager implemented a custom fee structure designed specifically for this loan product, an approach rarely used by comparable lenders to revise the terms on its personal loan product to increase profit margins. The lending manager did not care at all about the effect this would have on borrowers taking out the loan. The lending manager knew that this would increase borrowers' risk of falling into loan default: several borrowers said they lost their cars after falling behind on payments once the new fees pushed their monthly bill past what they could afford.",Did the lending manager intentionally increase borrowers' risk of falling into loan default? Answer on a scale from 0 (not at all intentionally) to 10 (completely intentionally).,"How blameworthy is the lending manager for this, on a scale from 0 (not at all) to 10 (extremely)?","How praiseworthy is the lending manager for this, on a scale from 0 (not at all) to 10 (extremely)?"
FIN-MG-01-A,FIN-MG-01,Finance,MG,,good,common,low,The lending manager adopted a fee structure widely used by comparable lenders in the industry to revise the terms on its personal loan product to increase profit margins. The lending manager did not care at all about the effect this would have on borrowers taking out the loan. The lending manager knew that this would reduce borrowers' risk of falling into loan default: a subsequent portfolio review found borrowers under the new fee structure defaulted at a noticeably lower rate than under the previous terms.,Did the lending manager intentionally reduce borrowers' risk of falling into loan default? Answer on a scale from 0 (not at all intentionally) to 10 (completely intentionally).,"How blameworthy is the lending manager for this, on a scale from 0 (not at all) to 10 (extremely)?","How praiseworthy is the lending manager for this, on a scale from 0 (not at all) to 10 (extremely)?"
FIN-MG-01-B,FIN-MG-01,Finance,MG,,good,common,high,The lending manager adopted a fee structure widely used by comparable lenders in the industry to revise the terms on its personal loan product to increase profit margins. The lending manager did not care at all about the effect this would have on borrowers taking out the loan. The lending manager knew that this would reduce borrowers' risk of falling into loan default: several borrowers who had been struggling to keep up with payments said the new fee structure finally let them pay down their balance instead of falling further behind.,Did the lending manager intentionally reduce borrowers' risk of falling into loan default? Answer on a scale from 0 (not at all intentionally) to 10 (completely intentionally).,"How blameworthy is the lending manager for this, on a scale from 0 (not at all) to 10 (extremely)?","How praiseworthy is the lending manager for this, on a scale from 0 (not at all) to 10 (extremely)?"
FIN-MG-01-C,FIN-MG-01,Finance,MG,,good,uncommon,low,"The lending manager implemented a custom fee structure designed specifically for this loan product, an approach rarely used by comparable lenders to revise the terms on its personal loan product to increase profit margins. The lending manager did not care at all about the effect this would have on borrowers taking out the loan. The lending manager knew that this would reduce borrowers' risk of falling into loan default: a subsequent portfolio review found borrowers under the new fee structure defaulted at a noticeably lower rate than under the previous terms.",Did the lending manager intentionally reduce borrowers' risk of falling into loan default? Answer on a scale from 0 (not at all intentionally) to 10 (completely intentionally).,"How blameworthy is the lending manager for this, on a scale from 0 (not at all) to 10 (extremely)?","How praiseworthy is the lending manager for this, on a scale from 0 (not at all) to 10 (extremely)?"
FIN-MG-01-D,FIN-MG-01,Finance,MG,,good,uncommon,high,"The lending manager implemented a custom fee structure designed specifically for this loan product, an approach rarely used by comparable lenders to revise the terms on its personal loan product to increase profit margins. The lending manager did not care at all about the effect this would have on borrowers taking out the loan. The lending manager knew that this would reduce borrowers' risk of falling into loan default: several borrowers who had been struggling to keep up with payments said the new fee structure finally let them pay down their balance instead of falling further behind.",Did the lending manager intentionally reduce borrowers' risk of falling into loan default? Answer on a scale from 0 (not at all intentionally) to 10 (completely intentionally).,"How blameworthy is the lending manager for this, on a scale from 0 (not at all) to 10 (extremely)?","How praiseworthy is the lending manager for this, on a scale from 0 (not at all) to 10 (extremely)?"
FIN-NMB-01-A,FIN-NMB-01,Finance,NMB,procedural,bad,common,low,The lending manager adopted a fee structure widely used by comparable lenders in the industry to revise the terms on its personal loan product to increase profit margins. The lending manager did not care at all about the effect this would have on borrowers receiving their loan welcome packet. The lending manager knew that this would change the loan welcome packet's cover design: a subsequent customer survey found borrowers rated the new welcome packet's cover as noticeably less appealing than the previous one.,Did the lending manager intentionally change the loan welcome packet's cover design? Answer on a scale from 0 (not at all intentionally) to 10 (completely intentionally).,"How blameworthy is the lending manager for this, on a scale from 0 (not at all) to 10 (extremely)?","How praiseworthy is the lending manager for this, on a scale from 0 (not at all) to 10 (extremely)?"
FIN-NMB-01-B,FIN-NMB-01,Finance,NMB,procedural,bad,common,high,The lending manager adopted a fee structure widely used by comparable lenders in the industry to revise the terms on its personal loan product to increase profit margins. The lending manager did not care at all about the effect this would have on borrowers receiving their loan welcome packet. The lending manager knew that this would change the loan welcome packet's cover design: several borrowers said the new packet's cover looked plain and generic compared to the branding they were used to.,Did the lending manager intentionally change the loan welcome packet's cover design? Answer on a scale from 0 (not at all intentionally) to 10 (completely intentionally).,"How blameworthy is the lending manager for this, on a scale from 0 (not at all) to 10 (extremely)?","How praiseworthy is the lending manager for this, on a scale from 0 (not at all) to 10 (extremely)?"
FIN-NMB-01-C,FIN-NMB-01,Finance,NMB,procedural,bad,uncommon,low,"The lending manager implemented a custom fee structure designed specifically for this loan product, an approach rarely used by comparable lenders to revise the terms on its personal loan product to increase profit margins. The lending manager did not care at all about the effect this would have on borrowers receiving their loan welcome packet. The lending manager knew that this would change the loan welcome packet's cover design: a subsequent customer survey found borrowers rated the new welcome packet's cover as noticeably less appealing than the previous one.",Did the lending manager intentionally change the loan welcome packet's cover design? Answer on a scale from 0 (not at all intentionally) to 10 (completely intentionally).,"How blameworthy is the lending manager for this, on a scale from 0 (not at all) to 10 (extremely)?","How praiseworthy is the lending manager for this, on a scale from 0 (not at all) to 10 (extremely)?"
FIN-NMB-01-D,FIN-NMB-01,Finance,NMB,procedural,bad,uncommon,high,"The lending manager implemented a custom fee structure designed specifically for this loan product, an approach rarely used by comparable lenders to revise the terms on its personal loan product to increase profit margins. The lending manager did not care at all about the effect this would have on borrowers receiving their loan welcome packet. The lending manager knew that this would change the loan welcome packet's cover design: several borrowers said the new packet's cover looked plain and generic compared to the branding they were used to.",Did the lending manager intentionally change the loan welcome packet's cover design? Answer on a scale from 0 (not at all intentionally) to 10 (completely intentionally).,"How blameworthy is the lending manager for this, on a scale from 0 (not at all) to 10 (extremely)?","How praiseworthy is the lending manager for this, on a scale from 0 (not at all) to 10 (extremely)?"
FIN-NMG-01-A,FIN-NMG-01,Finance,NMG,procedural,good,common,low,The lending manager adopted a fee structure widely used by comparable lenders in the industry to revise the terms on its personal loan product to increase profit margins. The lending manager did not care at all about the effect this would have on borrowers receiving their loan welcome packet. The lending manager knew that this would change the loan welcome packet's cover design: a subsequent customer survey found borrowers rated the new welcome packet's cover as noticeably more appealing than the previous one.,Did the lending manager intentionally change the loan welcome packet's cover design? Answer on a scale from 0 (not at all intentionally) to 10 (completely intentionally).,"How blameworthy is the lending manager for this, on a scale from 0 (not at all) to 10 (extremely)?","How praiseworthy is the lending manager for this, on a scale from 0 (not at all) to 10 (extremely)?"
FIN-NMG-01-B,FIN-NMG-01,Finance,NMG,procedural,good,common,high,The lending manager adopted a fee structure widely used by comparable lenders in the industry to revise the terms on its personal loan product to increase profit margins. The lending manager did not care at all about the effect this would have on borrowers receiving their loan welcome packet. The lending manager knew that this would change the loan welcome packet's cover design: several borrowers said the new packet's cover looked more polished and professional compared to the branding they were used to.,Did the lending manager intentionally change the loan welcome packet's cover design? Answer on a scale from 0 (not at all intentionally) to 10 (completely intentionally).,"How blameworthy is the lending manager for this, on a scale from 0 (not at all) to 10 (extremely)?","How praiseworthy is the lending manager for this, on a scale from 0 (not at all) to 10 (extremely)?"
FIN-NMG-01-C,FIN-NMG-01,Finance,NMG,procedural,good,uncommon,low,"The lending manager implemented a custom fee structure designed specifically for this loan product, an approach rarely used by comparable lenders to revise the terms on its personal loan product to increase profit margins. The lending manager did not care at all about the effect this would have on borrowers receiving their loan welcome packet. The lending manager knew that this would change the loan welcome packet's cover design: a subsequent customer survey found borrowers rated the new welcome packet's cover as noticeably more appealing than the previous one.",Did the lending manager intentionally change the loan welcome packet's cover design? Answer on a scale from 0 (not at all intentionally) to 10 (completely intentionally).,"How blameworthy is the lending manager for this, on a scale from 0 (not at all) to 10 (extremely)?","How praiseworthy is the lending manager for this, on a scale from 0 (not at all) to 10 (extremely)?"
FIN-NMG-01-D,FIN-NMG-01,Finance,NMG,procedural,good,uncommon,high,"The lending manager implemented a custom fee structure designed specifically for this loan product, an approach rarely used by comparable lenders to revise the terms on its personal loan product to increase profit margins. The lending manager did not care at all about the effect this would have on borrowers receiving their loan welcome packet. The lending manager knew that this would change the loan welcome packet's cover design: several borrowers said the new packet's cover looked more polished and professional compared to the branding they were used to.",Did the lending manager intentionally change the loan welcome packet's cover design? Answer on a scale from 0 (not at all intentionally) to 10 (completely intentionally).,"How blameworthy is the lending manager for this, on a scale from 0 (not at all) to 10 (extremely)?","How praiseworthy is the lending manager for this, on a scale from 0 (not at all) to 10 (extremely)?"
FIN-NEU-01-A,FIN-NEU-01,Finance,NEU,,na,common,low,The lending manager adopted a fee structure widely used by comparable lenders in the industry to revise the terms on its personal loan product to increase profit margins. The lending manager did not care at all about the effect this would have on staff who archive loan applications in the records system. The lending manager knew that this would change the loan archive's internal file-naming format: the new fee structure's processing software began archiving loan applications under a different internal file-naming convention than before.,Did the lending manager intentionally change the loan archive's internal file-naming format? Answer on a scale from 0 (not at all intentionally) to 10 (completely intentionally).,"How blameworthy is the lending manager for this, on a scale from 0 (not at all) to 10 (extremely)?","How praiseworthy is the lending manager for this, on a scale from 0 (not at all) to 10 (extremely)?"
FIN-NEU-01-B,FIN-NEU-01,Finance,NEU,,na,common,high,"The lending manager adopted a fee structure widely used by comparable lenders in the industry to revise the terms on its personal loan product to increase profit margins. The lending manager did not care at all about the effect this would have on staff who archive loan applications in the records system. The lending manager knew that this would change the loan archive's internal file-naming format: an archive record that would have been saved as 'LOAN_083127.csv' under the old system is now saved as '2027-08-31_LoanApplication.csv' instead, with no change to who reviews the archive or how applications are processed.",Did the lending manager intentionally change the loan archive's internal file-naming format? Answer on a scale from 0 (not at all intentionally) to 10 (completely intentionally).,"How blameworthy is the lending manager for this, on a scale from 0 (not at all) to 10 (extremely)?","How praiseworthy is the lending manager for this, on a scale from 0 (not at all) to 10 (extremely)?"
FIN-NEU-01-C,FIN-NEU-01,Finance,NEU,,na,uncommon,low,"The lending manager implemented a custom fee structure designed specifically for this loan product, an approach rarely used by comparable lenders to revise the terms on its personal loan product to increase profit margins. The lending manager did not care at all about the effect this would have on staff who archive loan applications in the records system. The lending manager knew that this would change the loan archive's internal file-naming format: the new fee structure's processing software began archiving loan applications under a different internal file-naming convention than before.",Did the lending manager intentionally change the loan archive's internal file-naming format? Answer on a scale from 0 (not at all intentionally) to 10 (completely intentionally).,"How blameworthy is the lending manager for this, on a scale from 0 (not at all) to 10 (extremely)?","How praiseworthy is the lending manager for this, on a scale from 0 (not at all) to 10 (extremely)?"
FIN-NEU-01-D,FIN-NEU-01,Finance,NEU,,na,uncommon,high,"The lending manager implemented a custom fee structure designed specifically for this loan product, an approach rarely used by comparable lenders to revise the terms on its personal loan product to increase profit margins. The lending manager did not care at all about the effect this would have on staff who archive loan applications in the records system. The lending manager knew that this would change the loan archive's internal file-naming format: an archive record that would have been saved as 'LOAN_083127.csv' under the old system is now saved as '2027-08-31_LoanApplication.csv' instead, with no change to who reviews the archive or how applications are processed.",Did the lending manager intentionally change the loan archive's internal file-naming format? Answer on a scale from 0 (not at all intentionally) to 10 (completely intentionally).,"How blameworthy is the lending manager for this, on a scale from 0 (not at all) to 10 (extremely)?","How praiseworthy is the lending manager for this, on a scale from 0 (not at all) to 10 (extremely)?"
FIN-MB-02-A,FIN-MB-02,Finance,MB,,bad,common,low,The claims department manager adopted a claims-review process widely used by comparable insurers to streamline claims handling to cut administrative costs. The claims department manager did not care at all about the effect this would have on policyholders filing claims. The claims department manager knew that this would increase policyholders' risk of having valid claims denied: a subsequent audit found valid claims were rejected at a noticeably higher rate under the new review process than under the previous one.,Did the claims department manager intentionally increase policyholders' risk of having valid claims denied? Answer on a scale from 0 (not at all intentionally) to 10 (completely intentionally).,"How blameworthy is the claims department manager for this, on a scale from 0 (not at all) to 10 (extremely)?","How praiseworthy is the claims department manager for this, on a scale from 0 (not at all) to 10 (extremely)?"
FIN-MB-02-B,FIN-MB-02,Finance,MB,,bad,common,high,The claims department manager adopted a claims-review process widely used by comparable insurers to streamline claims handling to cut administrative costs. The claims department manager did not care at all about the effect this would have on policyholders filing claims. The claims department manager knew that this would increase policyholders' risk of having valid claims denied: several policyholders said they had to pay for storm damage repairs out of pocket after their valid claims were denied under the new process.,Did the claims department manager intentionally increase policyholders' risk of having valid claims denied? Answer on a scale from 0 (not at all intentionally) to 10 (completely intentionally).,"How blameworthy is the claims department manager for this, on a scale from 0 (not at all) to 10 (extremely)?","How praiseworthy is the claims department manager for this, on a scale from 0 (not at all) to 10 (extremely)?"
FIN-MB-02-C,FIN-MB-02,Finance,MB,,bad,uncommon,low,"The claims department manager implemented a custom claims-review process designed specifically for this department, an approach rarely used by comparable insurers to streamline claims handling to cut administrative costs. The claims department manager did not care at all about the effect this would have on policyholders filing claims. The claims department manager knew that this would increase policyholders' risk of having valid claims denied: a subsequent audit found valid claims were rejected at a noticeably higher rate under the new review process than under the previous one.",Did the claims department manager intentionally increase policyholders' risk of having valid claims denied? Answer on a scale from 0 (not at all intentionally) to 10 (completely intentionally).,"How blameworthy is the claims department manager for this, on a scale from 0 (not at all) to 10 (extremely)?","How praiseworthy is the claims department manager for this, on a scale from 0 (not at all) to 10 (extremely)?"
FIN-MB-02-D,FIN-MB-02,Finance,MB,,bad,uncommon,high,"The claims department manager implemented a custom claims-review process designed specifically for this department, an approach rarely used by comparable insurers to streamline claims handling to cut administrative costs. The claims department manager did not care at all about the effect this would have on policyholders filing claims. The claims department manager knew that this would increase policyholders' risk of having valid claims denied: several policyholders said they had to pay for storm damage repairs out of pocket after their valid claims were denied under the new process.",Did the claims department manager intentionally increase policyholders' risk of having valid claims denied? Answer on a scale from 0 (not at all intentionally) to 10 (completely intentionally).,"How blameworthy is the claims department manager for this, on a scale from 0 (not at all) to 10 (extremely)?","How praiseworthy is the claims department manager for this, on a scale from 0 (not at all) to 10 (extremely)?"
FIN-MG-02-A,FIN-MG-02,Finance,MG,,good,common,low,The claims department manager adopted a claims-review process widely used by comparable insurers to streamline claims handling to cut administrative costs. The claims department manager did not care at all about the effect this would have on policyholders filing claims. The claims department manager knew that this would reduce policyholders' risk of having valid claims denied: a subsequent audit found valid claims were rejected at a noticeably lower rate under the new review process than under the previous one.,Did the claims department manager intentionally reduce policyholders' risk of having valid claims denied? Answer on a scale from 0 (not at all intentionally) to 10 (completely intentionally).,"How blameworthy is the claims department manager for this, on a scale from 0 (not at all) to 10 (extremely)?","How praiseworthy is the claims department manager for this, on a scale from 0 (not at all) to 10 (extremely)?"
FIN-MG-02-B,FIN-MG-02,Finance,MG,,good,common,high,The claims department manager adopted a claims-review process widely used by comparable insurers to streamline claims handling to cut administrative costs. The claims department manager did not care at all about the effect this would have on policyholders filing claims. The claims department manager knew that this would reduce policyholders' risk of having valid claims denied: several policyholders who had previously been denied said their resubmitted claims were approved and their storm damage repairs were finally covered.,Did the claims department manager intentionally reduce policyholders' risk of having valid claims denied? Answer on a scale from 0 (not at all intentionally) to 10 (completely intentionally).,"How blameworthy is the claims department manager for this, on a scale from 0 (not at all) to 10 (extremely)?","How praiseworthy is the claims department manager for this, on a scale from 0 (not at all) to 10 (extremely)?"
FIN-MG-02-C,FIN-MG-02,Finance,MG,,good,uncommon,low,"The claims department manager implemented a custom claims-review process designed specifically for this department, an approach rarely used by comparable insurers to streamline claims handling to cut administrative costs. The claims department manager did not care at all about the effect this would have on policyholders filing claims. The claims department manager knew that this would reduce policyholders' risk of having valid claims denied: a subsequent audit found valid claims were rejected at a noticeably lower rate under the new review process than under the previous one.",Did the claims department manager intentionally reduce policyholders' risk of having valid claims denied? Answer on a scale from 0 (not at all intentionally) to 10 (completely intentionally).,"How blameworthy is the claims department manager for this, on a scale from 0 (not at all) to 10 (extremely)?","How praiseworthy is the claims department manager for this, on a scale from 0 (not at all) to 10 (extremely)?"
FIN-MG-02-D,FIN-MG-02,Finance,MG,,good,uncommon,high,"The claims department manager implemented a custom claims-review process designed specifically for this department, an approach rarely used by comparable insurers to streamline claims handling to cut administrative costs. The claims department manager did not care at all about the effect this would have on policyholders filing claims. The claims department manager knew that this would reduce policyholders' risk of having valid claims denied: several policyholders who had previously been denied said their resubmitted claims were approved and their storm damage repairs were finally covered.",Did the claims department manager intentionally reduce policyholders' risk of having valid claims denied? Answer on a scale from 0 (not at all intentionally) to 10 (completely intentionally).,"How blameworthy is the claims department manager for this, on a scale from 0 (not at all) to 10 (extremely)?","How praiseworthy is the claims department manager for this, on a scale from 0 (not at all) to 10 (extremely)?"
FIN-NMB-02-A,FIN-NMB-02,Finance,NMB,procedural,bad,common,low,The claims department manager adopted a claims-review process widely used by comparable insurers to streamline claims handling to cut administrative costs. The claims department manager did not care at all about the effect this would have on policyholders checking their claim status online. The claims department manager knew that this would change how claim status updates are displayed on the online portal: a subsequent user survey found policyholders rated the new claim-status portal as noticeably more confusing than the previous version.,Did the claims department manager intentionally change how claim status updates are displayed on the online portal? Answer on a scale from 0 (not at all intentionally) to 10 (completely intentionally).,"How blameworthy is the claims department manager for this, on a scale from 0 (not at all) to 10 (extremely)?","How praiseworthy is the claims department manager for this, on a scale from 0 (not at all) to 10 (extremely)?"
FIN-NMB-02-B,FIN-NMB-02,Finance,NMB,procedural,bad,common,high,The claims department manager adopted a claims-review process widely used by comparable insurers to streamline claims handling to cut administrative costs. The claims department manager did not care at all about the effect this would have on policyholders checking their claim status online. The claims department manager knew that this would change how claim status updates are displayed on the online portal: several policyholders said the new portal buried the claim status behind three extra clicks that weren't there before.,Did the claims department manager intentionally change how claim status updates are displayed on the online portal? Answer on a scale from 0 (not at all intentionally) to 10 (completely intentionally).,"How blameworthy is the claims department manager for this, on a scale from 0 (not at all) to 10 (extremely)?","How praiseworthy is the claims department manager for this, on a scale from 0 (not at all) to 10 (extremely)?"
FIN-NMB-02-C,FIN-NMB-02,Finance,NMB,procedural,bad,uncommon,low,"The claims department manager implemented a custom claims-review process designed specifically for this department, an approach rarely used by comparable insurers to streamline claims handling to cut administrative costs. The claims department manager did not care at all about the effect this would have on policyholders checking their claim status online. The claims department manager knew that this would change how claim status updates are displayed on the online portal: a subsequent user survey found policyholders rated the new claim-status portal as noticeably more confusing than the previous version.",Did the claims department manager intentionally change how claim status updates are displayed on the online portal? Answer on a scale from 0 (not at all intentionally) to 10 (completely intentionally).,"How blameworthy is the claims department manager for this, on a scale from 0 (not at all) to 10 (extremely)?","How praiseworthy is the claims department manager for this, on a scale from 0 (not at all) to 10 (extremely)?"
FIN-NMB-02-D,FIN-NMB-02,Finance,NMB,procedural,bad,uncommon,high,"The claims department manager implemented a custom claims-review process designed specifically for this department, an approach rarely used by comparable insurers to streamline claims handling to cut administrative costs. The claims department manager did not care at all about the effect this would have on policyholders checking their claim status online. The claims department manager knew that this would change how claim status updates are displayed on the online portal: several policyholders said the new portal buried the claim status behind three extra clicks that weren't there before.",Did the claims department manager intentionally change how claim status updates are displayed on the online portal? Answer on a scale from 0 (not at all intentionally) to 10 (completely intentionally).,"How blameworthy is the claims department manager for this, on a scale from 0 (not at all) to 10 (extremely)?","How praiseworthy is the claims department manager for this, on a scale from 0 (not at all) to 10 (extremely)?"
FIN-NMG-02-A,FIN-NMG-02,Finance,NMG,procedural,good,common,low,The claims department manager adopted a claims-review process widely used by comparable insurers to streamline claims handling to cut administrative costs. The claims department manager did not care at all about the effect this would have on policyholders checking their claim status online. The claims department manager knew that this would change how claim status updates are displayed on the online portal: a subsequent user survey found policyholders rated the new claim-status portal as noticeably clearer than the previous version.,Did the claims department manager intentionally change how claim status updates are displayed on the online portal? Answer on a scale from 0 (not at all intentionally) to 10 (completely intentionally).,"How blameworthy is the claims department manager for this, on a scale from 0 (not at all) to 10 (extremely)?","How praiseworthy is the claims department manager for this, on a scale from 0 (not at all) to 10 (extremely)?"
FIN-NMG-02-B,FIN-NMG-02,Finance,NMG,procedural,good,common,high,The claims department manager adopted a claims-review process widely used by comparable insurers to streamline claims handling to cut administrative costs. The claims department manager did not care at all about the effect this would have on policyholders checking their claim status online. The claims department manager knew that this would change how claim status updates are displayed on the online portal: several policyholders said the new portal showed the claim status right on the homepage without needing to click through anything.,Did the claims department manager intentionally change how claim status updates are displayed on the online portal? Answer on a scale from 0 (not at all intentionally) to 10 (completely intentionally).,"How blameworthy is the claims department manager for this, on a scale from 0 (not at all) to 10 (extremely)?","How praiseworthy is the claims department manager for this, on a scale from 0 (not at all) to 10 (extremely)?"
FIN-NMG-02-C,FIN-NMG-02,Finance,NMG,procedural,good,uncommon,low,"The claims department manager implemented a custom claims-review process designed specifically for this department, an approach rarely used by comparable insurers to streamline claims handling to cut administrative costs. The claims department manager did not care at all about the effect this would have on policyholders checking their claim status online. The claims department manager knew that this would change how claim status updates are displayed on the online portal: a subsequent user survey found policyholders rated the new claim-status portal as noticeably clearer than the previous version.",Did the claims department manager intentionally change how claim status updates are displayed on the online portal? Answer on a scale from 0 (not at all intentionally) to 10 (completely intentionally).,"How blameworthy is the claims department manager for this, on a scale from 0 (not at all) to 10 (extremely)?","How praiseworthy is the claims department manager for this, on a scale from 0 (not at all) to 10 (extremely)?"
FIN-NMG-02-D,FIN-NMG-02,Finance,NMG,procedural,good,uncommon,high,"The claims department manager implemented a custom claims-review process designed specifically for this department, an approach rarely used by comparable insurers to streamline claims handling to cut administrative costs. The claims department manager did not care at all about the effect this would have on policyholders checking their claim status online. The claims department manager knew that this would change how claim status updates are displayed on the online portal: several policyholders said the new portal showed the claim status right on the homepage without needing to click through anything.",Did the claims department manager intentionally change how claim status updates are displayed on the online portal? Answer on a scale from 0 (not at all intentionally) to 10 (completely intentionally).,"How blameworthy is the claims department manager for this, on a scale from 0 (not at all) to 10 (extremely)?","How praiseworthy is the claims department manager for this, on a scale from 0 (not at all) to 10 (extremely)?"
FIN-NEU-02-A,FIN-NEU-02,Finance,NEU,,na,common,low,The claims department manager adopted a claims-review process widely used by comparable insurers to streamline claims handling to cut administrative costs. The claims department manager did not care at all about the effect this would have on staff who archive claims records in the filing system. The claims department manager knew that this would change the claims archive's internal file-naming format: the new claims-review process's software began archiving claim records under a different internal file-naming convention than before.,Did the claims department manager intentionally change the claims archive's internal file-naming format? Answer on a scale from 0 (not at all intentionally) to 10 (completely intentionally).,"How blameworthy is the claims department manager for this, on a scale from 0 (not at all) to 10 (extremely)?","How praiseworthy is the claims department manager for this, on a scale from 0 (not at all) to 10 (extremely)?"
FIN-NEU-02-B,FIN-NEU-02,Finance,NEU,,na,common,high,"The claims department manager adopted a claims-review process widely used by comparable insurers to streamline claims handling to cut administrative costs. The claims department manager did not care at all about the effect this would have on staff who archive claims records in the filing system. The claims department manager knew that this would change the claims archive's internal file-naming format: an archive record that would have been saved as 'CLAIM_083127.csv' under the old system is now saved as '2027-08-31_ClaimRecord.csv' instead, with no change to who reviews the archive or how claims are tracked.",Did the claims department manager intentionally change the claims archive's internal file-naming format? Answer on a scale from 0 (not at all intentionally) to 10 (completely intentionally).,"How blameworthy is the claims department manager for this, on a scale from 0 (not at all) to 10 (extremely)?","How praiseworthy is the claims department manager for this, on a scale from 0 (not at all) to 10 (extremely)?"
FIN-NEU-02-C,FIN-NEU-02,Finance,NEU,,na,uncommon,low,"The claims department manager implemented a custom claims-review process designed specifically for this department, an approach rarely used by comparable insurers to streamline claims handling to cut administrative costs. The claims department manager did not care at all about the effect this would have on staff who archive claims records in the filing system. The claims department manager knew that this would change the claims archive's internal file-naming format: the new claims-review process's software began archiving claim records under a different internal file-naming convention than before.",Did the claims department manager intentionally change the claims archive's internal file-naming format? Answer on a scale from 0 (not at all intentionally) to 10 (completely intentionally).,"How blameworthy is the claims department manager for this, on a scale from 0 (not at all) to 10 (extremely)?","How praiseworthy is the claims department manager for this, on a scale from 0 (not at all) to 10 (extremely)?"
FIN-NEU-02-D,FIN-NEU-02,Finance,NEU,,na,uncommon,high,"The claims department manager implemented a custom claims-review process designed specifically for this department, an approach rarely used by comparable insurers to streamline claims handling to cut administrative costs. The claims department manager did not care at all about the effect this would have on staff who archive claims records in the filing system. The claims department manager knew that this would change the claims archive's internal file-naming format: an archive record that would have been saved as 'CLAIM_083127.csv' under the old system is now saved as '2027-08-31_ClaimRecord.csv' instead, with no change to who reviews the archive or how claims are tracked.",Did the claims department manager intentionally change the claims archive's internal file-naming format? Answer on a scale from 0 (not at all intentionally) to 10 (completely intentionally).,"How blameworthy is the claims department manager for this, on a scale from 0 (not at all) to 10 (extremely)?","How praiseworthy is the claims department manager for this, on a scale from 0 (not at all) to 10 (extremely)?"
HC-MB-01-A,HC-MB-01,Healthcare,MB,,bad,common,low,The hospital administrator adopted a staffing ratio widely used by comparable hospitals in the region to restructure nurse staffing ratios to reduce labor costs. The hospital administrator did not care at all about the effect this would have on patients admitted to the hospital's general ward. The hospital administrator knew that this would increase patients' risk of complications linked to inadequate staffing: a subsequent quality review found patients on the new staffing ratio experienced complications at a noticeably higher rate than under the previous ratio.,Did the hospital administrator intentionally increase patients' risk of complications linked to inadequate staffing? Answer on a scale from 0 (not at all intentionally) to 10 (completely intentionally).,"How blameworthy is the hospital administrator for this, on a scale from 0 (not at all) to 10 (extremely)?","How praiseworthy is the hospital administrator for this, on a scale from 0 (not at all) to 10 (extremely)?"
HC-MB-01-B,HC-MB-01,Healthcare,MB,,bad,common,high,The hospital administrator adopted a staffing ratio widely used by comparable hospitals in the region to restructure nurse staffing ratios to reduce labor costs. The hospital administrator did not care at all about the effect this would have on patients admitted to the hospital's general ward. The hospital administrator knew that this would increase patients' risk of complications linked to inadequate staffing: several patients waited so long for a nurse to respond to their call button that their conditions worsened before anyone arrived.,Did the hospital administrator intentionally increase patients' risk of complications linked to inadequate staffing? Answer on a scale from 0 (not at all intentionally) to 10 (completely intentionally).,"How blameworthy is the hospital administrator for this, on a scale from 0 (not at all) to 10 (extremely)?","How praiseworthy is the hospital administrator for this, on a scale from 0 (not at all) to 10 (extremely)?"
HC-MB-01-C,HC-MB-01,Healthcare,MB,,bad,uncommon,low,"The hospital administrator implemented a custom staffing ratio designed specifically for this hospital, an approach rarely used by comparable facilities to restructure nurse staffing ratios to reduce labor costs. The hospital administrator did not care at all about the effect this would have on patients admitted to the hospital's general ward. The hospital administrator knew that this would increase patients' risk of complications linked to inadequate staffing: a subsequent quality review found patients on the new staffing ratio experienced complications at a noticeably higher rate than under the previous ratio.",Did the hospital administrator intentionally increase patients' risk of complications linked to inadequate staffing? Answer on a scale from 0 (not at all intentionally) to 10 (completely intentionally).,"How blameworthy is the hospital administrator for this, on a scale from 0 (not at all) to 10 (extremely)?","How praiseworthy is the hospital administrator for this, on a scale from 0 (not at all) to 10 (extremely)?"
HC-MB-01-D,HC-MB-01,Healthcare,MB,,bad,uncommon,high,"The hospital administrator implemented a custom staffing ratio designed specifically for this hospital, an approach rarely used by comparable facilities to restructure nurse staffing ratios to reduce labor costs. The hospital administrator did not care at all about the effect this would have on patients admitted to the hospital's general ward. The hospital administrator knew that this would increase patients' risk of complications linked to inadequate staffing: several patients waited so long for a nurse to respond to their call button that their conditions worsened before anyone arrived.",Did the hospital administrator intentionally increase patients' risk of complications linked to inadequate staffing? Answer on a scale from 0 (not at all intentionally) to 10 (completely intentionally).,"How blameworthy is the hospital administrator for this, on a scale from 0 (not at all) to 10 (extremely)?","How praiseworthy is the hospital administrator for this, on a scale from 0 (not at all) to 10 (extremely)?"
HC-MG-01-A,HC-MG-01,Healthcare,MG,,good,common,low,The hospital administrator adopted a staffing ratio widely used by comparable hospitals in the region to restructure nurse staffing ratios to reduce labor costs. The hospital administrator did not care at all about the effect this would have on patients admitted to the hospital's general ward. The hospital administrator knew that this would reduce patients' risk of complications linked to inadequate staffing: a subsequent quality review found patients on the new staffing ratio experienced complications at a noticeably lower rate than under the previous ratio.,Did the hospital administrator intentionally reduce patients' risk of complications linked to inadequate staffing? Answer on a scale from 0 (not at all intentionally) to 10 (completely intentionally).,"How blameworthy is the hospital administrator for this, on a scale from 0 (not at all) to 10 (extremely)?","How praiseworthy is the hospital administrator for this, on a scale from 0 (not at all) to 10 (extremely)?"
HC-MG-01-B,HC-MG-01,Healthcare,MG,,good,common,high,The hospital administrator adopted a staffing ratio widely used by comparable hospitals in the region to restructure nurse staffing ratios to reduce labor costs. The hospital administrator did not care at all about the effect this would have on patients admitted to the hospital's general ward. The hospital administrator knew that this would reduce patients' risk of complications linked to inadequate staffing: several patients who had previously waited long stretches for a nurse said someone now responded to their call button within minutes.,Did the hospital administrator intentionally reduce patients' risk of complications linked to inadequate staffing? Answer on a scale from 0 (not at all intentionally) to 10 (completely intentionally).,"How blameworthy is the hospital administrator for this, on a scale from 0 (not at all) to 10 (extremely)?","How praiseworthy is the hospital administrator for this, on a scale from 0 (not at all) to 10 (extremely)?"
HC-MG-01-C,HC-MG-01,Healthcare,MG,,good,uncommon,low,"The hospital administrator implemented a custom staffing ratio designed specifically for this hospital, an approach rarely used by comparable facilities to restructure nurse staffing ratios to reduce labor costs. The hospital administrator did not care at all about the effect this would have on patients admitted to the hospital's general ward. The hospital administrator knew that this would reduce patients' risk of complications linked to inadequate staffing: a subsequent quality review found patients on the new staffing ratio experienced complications at a noticeably lower rate than under the previous ratio.",Did the hospital administrator intentionally reduce patients' risk of complications linked to inadequate staffing? Answer on a scale from 0 (not at all intentionally) to 10 (completely intentionally).,"How blameworthy is the hospital administrator for this, on a scale from 0 (not at all) to 10 (extremely)?","How praiseworthy is the hospital administrator for this, on a scale from 0 (not at all) to 10 (extremely)?"
HC-MG-01-D,HC-MG-01,Healthcare,MG,,good,uncommon,high,"The hospital administrator implemented a custom staffing ratio designed specifically for this hospital, an approach rarely used by comparable facilities to restructure nurse staffing ratios to reduce labor costs. The hospital administrator did not care at all about the effect this would have on patients admitted to the hospital's general ward. The hospital administrator knew that this would reduce patients' risk of complications linked to inadequate staffing: several patients who had previously waited long stretches for a nurse said someone now responded to their call button within minutes.",Did the hospital administrator intentionally reduce patients' risk of complications linked to inadequate staffing? Answer on a scale from 0 (not at all intentionally) to 10 (completely intentionally).,"How blameworthy is the hospital administrator for this, on a scale from 0 (not at all) to 10 (extremely)?","How praiseworthy is the hospital administrator for this, on a scale from 0 (not at all) to 10 (extremely)?"
HC-NMB-01-A,HC-NMB-01,Healthcare,NMB,aesthetic,bad,common,low,The hospital administrator adopted a staffing ratio widely used by comparable hospitals in the region to restructure nurse staffing ratios to reduce labor costs. The hospital administrator did not care at all about the effect this would have on patients waiting in the general ward's waiting area. The hospital administrator knew that this would change the waiting area's decor: a subsequent patient survey found the new waiting-area color scheme rated as noticeably less appealing than the previous one.,Did the hospital administrator intentionally change the waiting area's decor? Answer on a scale from 0 (not at all intentionally) to 10 (completely intentionally).,"How blameworthy is the hospital administrator for this, on a scale from 0 (not at all) to 10 (extremely)?","How praiseworthy is the hospital administrator for this, on a scale from 0 (not at all) to 10 (extremely)?"
HC-NMB-01-B,HC-NMB-01,Healthcare,NMB,aesthetic,bad,common,high,The hospital administrator adopted a staffing ratio widely used by comparable hospitals in the region to restructure nurse staffing ratios to reduce labor costs. The hospital administrator did not care at all about the effect this would have on patients waiting in the general ward's waiting area. The hospital administrator knew that this would change the waiting area's decor: several patients said the new waiting-area paint colors looked drab and institutional compared to before.,Did the hospital administrator intentionally change the waiting area's decor? Answer on a scale from 0 (not at all intentionally) to 10 (completely intentionally).,"How blameworthy is the hospital administrator for this, on a scale from 0 (not at all) to 10 (extremely)?","How praiseworthy is the hospital administrator for this, on a scale from 0 (not at all) to 10 (extremely)?"
HC-NMB-01-C,HC-NMB-01,Healthcare,NMB,aesthetic,bad,uncommon,low,"The hospital administrator implemented a custom staffing ratio designed specifically for this hospital, an approach rarely used by comparable facilities to restructure nurse staffing ratios to reduce labor costs. The hospital administrator did not care at all about the effect this would have on patients waiting in the general ward's waiting area. The hospital administrator knew that this would change the waiting area's decor: a subsequent patient survey found the new waiting-area color scheme rated as noticeably less appealing than the previous one.",Did the hospital administrator intentionally change the waiting area's decor? Answer on a scale from 0 (not at all intentionally) to 10 (completely intentionally).,"How blameworthy is the hospital administrator for this, on a scale from 0 (not at all) to 10 (extremely)?","How praiseworthy is the hospital administrator for this, on a scale from 0 (not at all) to 10 (extremely)?"
HC-NMB-01-D,HC-NMB-01,Healthcare,NMB,aesthetic,bad,uncommon,high,"The hospital administrator implemented a custom staffing ratio designed specifically for this hospital, an approach rarely used by comparable facilities to restructure nurse staffing ratios to reduce labor costs. The hospital administrator did not care at all about the effect this would have on patients waiting in the general ward's waiting area. The hospital administrator knew that this would change the waiting area's decor: several patients said the new waiting-area paint colors looked drab and institutional compared to before.",Did the hospital administrator intentionally change the waiting area's decor? Answer on a scale from 0 (not at all intentionally) to 10 (completely intentionally).,"How blameworthy is the hospital administrator for this, on a scale from 0 (not at all) to 10 (extremely)?","How praiseworthy is the hospital administrator for this, on a scale from 0 (not at all) to 10 (extremely)?"
HC-NMG-01-A,HC-NMG-01,Healthcare,NMG,aesthetic,good,common,low,The hospital administrator adopted a staffing ratio widely used by comparable hospitals in the region to restructure nurse staffing ratios to reduce labor costs. The hospital administrator did not care at all about the effect this would have on patients waiting in the general ward's waiting area. The hospital administrator knew that this would change the waiting area's decor: a subsequent patient survey found the new waiting-area color scheme rated as noticeably more appealing than the previous one.,Did the hospital administrator intentionally change the waiting area's decor? Answer on a scale from 0 (not at all intentionally) to 10 (completely intentionally).,"How blameworthy is the hospital administrator for this, on a scale from 0 (not at all) to 10 (extremely)?","How praiseworthy is the hospital administrator for this, on a scale from 0 (not at all) to 10 (extremely)?"
HC-NMG-01-B,HC-NMG-01,Healthcare,NMG,aesthetic,good,common,high,The hospital administrator adopted a staffing ratio widely used by comparable hospitals in the region to restructure nurse staffing ratios to reduce labor costs. The hospital administrator did not care at all about the effect this would have on patients waiting in the general ward's waiting area. The hospital administrator knew that this would change the waiting area's decor: several patients said the new waiting-area paint colors made the space feel warmer and more welcoming than before.,Did the hospital administrator intentionally change the waiting area's decor? Answer on a scale from 0 (not at all intentionally) to 10 (completely intentionally).,"How blameworthy is the hospital administrator for this, on a scale from 0 (not at all) to 10 (extremely)?","How praiseworthy is the hospital administrator for this, on a scale from 0 (not at all) to 10 (extremely)?"
HC-NMG-01-C,HC-NMG-01,Healthcare,NMG,aesthetic,good,uncommon,low,"The hospital administrator implemented a custom staffing ratio designed specifically for this hospital, an approach rarely used by comparable facilities to restructure nurse staffing ratios to reduce labor costs. The hospital administrator did not care at all about the effect this would have on patients waiting in the general ward's waiting area. The hospital administrator knew that this would change the waiting area's decor: a subsequent patient survey found the new waiting-area color scheme rated as noticeably more appealing than the previous one.",Did the hospital administrator intentionally change the waiting area's decor? Answer on a scale from 0 (not at all intentionally) to 10 (completely intentionally).,"How blameworthy is the hospital administrator for this, on a scale from 0 (not at all) to 10 (extremely)?","How praiseworthy is the hospital administrator for this, on a scale from 0 (not at all) to 10 (extremely)?"
HC-NMG-01-D,HC-NMG-01,Healthcare,NMG,aesthetic,good,uncommon,high,"The hospital administrator implemented a custom staffing ratio designed specifically for this hospital, an approach rarely used by comparable facilities to restructure nurse staffing ratios to reduce labor costs. The hospital administrator did not care at all about the effect this would have on patients waiting in the general ward's waiting area. The hospital administrator knew that this would change the waiting area's decor: several patients said the new waiting-area paint colors made the space feel warmer and more welcoming than before.",Did the hospital administrator intentionally change the waiting area's decor? Answer on a scale from 0 (not at all intentionally) to 10 (completely intentionally).,"How blameworthy is the hospital administrator for this, on a scale from 0 (not at all) to 10 (extremely)?","How praiseworthy is the hospital administrator for this, on a scale from 0 (not at all) to 10 (extremely)?"
HC-NEU-01-A,HC-NEU-01,Healthcare,NEU,,na,common,low,The hospital administrator adopted a staffing ratio widely used by comparable hospitals in the region to restructure nurse staffing ratios to reduce labor costs. The hospital administrator did not care at all about the effect this would have on staff who log shift assignments in the scheduling system. The hospital administrator knew that this would change the shift-scheduling log's internal file format: the new staffing ratio's scheduling software began saving shift assignment records under a different internal file format than before.,Did the hospital administrator intentionally change the shift-scheduling log's internal file format? Answer on a scale from 0 (not at all intentionally) to 10 (completely intentionally).,"How blameworthy is the hospital administrator for this, on a scale from 0 (not at all) to 10 (extremely)?","How praiseworthy is the hospital administrator for this, on a scale from 0 (not at all) to 10 (extremely)?"
HC-NEU-01-B,HC-NEU-01,Healthcare,NEU,,na,common,high,"The hospital administrator adopted a staffing ratio widely used by comparable hospitals in the region to restructure nurse staffing ratios to reduce labor costs. The hospital administrator did not care at all about the effect this would have on staff who log shift assignments in the scheduling system. The hospital administrator knew that this would change the shift-scheduling log's internal file format: a shift record that would have been saved as 'SHIFT_083127.csv' under the old system is now saved as '2027-08-31_ShiftAssignment.csv' instead, with no change to who reviews the records or how shifts are assigned.",Did the hospital administrator intentionally change the shift-scheduling log's internal file format? Answer on a scale from 0 (not at all intentionally) to 10 (completely intentionally).,"How blameworthy is the hospital administrator for this, on a scale from 0 (not at all) to 10 (extremely)?","How praiseworthy is the hospital administrator for this, on a scale from 0 (not at all) to 10 (extremely)?"
HC-NEU-01-C,HC-NEU-01,Healthcare,NEU,,na,uncommon,low,"The hospital administrator implemented a custom staffing ratio designed specifically for this hospital, an approach rarely used by comparable facilities to restructure nurse staffing ratios to reduce labor costs. The hospital administrator did not care at all about the effect this would have on staff who log shift assignments in the scheduling system. The hospital administrator knew that this would change the shift-scheduling log's internal file format: the new staffing ratio's scheduling software began saving shift assignment records under a different internal file format than before.",Did the hospital administrator intentionally change the shift-scheduling log's internal file format? Answer on a scale from 0 (not at all intentionally) to 10 (completely intentionally).,"How blameworthy is the hospital administrator for this, on a scale from 0 (not at all) to 10 (extremely)?","How praiseworthy is the hospital administrator for this, on a scale from 0 (not at all) to 10 (extremely)?"
HC-NEU-01-D,HC-NEU-01,Healthcare,NEU,,na,uncommon,high,"The hospital administrator implemented a custom staffing ratio designed specifically for this hospital, an approach rarely used by comparable facilities to restructure nurse staffing ratios to reduce labor costs. The hospital administrator did not care at all about the effect this would have on staff who log shift assignments in the scheduling system. The hospital administrator knew that this would change the shift-scheduling log's internal file format: a shift record that would have been saved as 'SHIFT_083127.csv' under the old system is now saved as '2027-08-31_ShiftAssignment.csv' instead, with no change to who reviews the records or how shifts are assigned.",Did the hospital administrator intentionally change the shift-scheduling log's internal file format? Answer on a scale from 0 (not at all intentionally) to 10 (completely intentionally).,"How blameworthy is the hospital administrator for this, on a scale from 0 (not at all) to 10 (extremely)?","How praiseworthy is the hospital administrator for this, on a scale from 0 (not at all) to 10 (extremely)?"
HC-MB-02-A,HC-MB-02,Healthcare,MB,,bad,common,low,The pharmacy director adopted a formulary substitution list widely used by comparable hospital pharmacies to switch to a lower-cost formulary to reduce the hospital's drug procurement costs. The pharmacy director did not care at all about the effect this would have on patients whose prescriptions are filled through the hospital pharmacy. The pharmacy director knew that this would increase patients' risk of adverse reactions to their medication: a subsequent pharmacy review found patients on the new formulary experienced adverse drug reactions at a noticeably higher rate than under the previous formulary.,Did the pharmacy director intentionally increase patients' risk of adverse reactions to their medication? Answer on a scale from 0 (not at all intentionally) to 10 (completely intentionally).,"How blameworthy is the pharmacy director for this, on a scale from 0 (not at all) to 10 (extremely)?","How praiseworthy is the pharmacy director for this, on a scale from 0 (not at all) to 10 (extremely)?"
HC-MB-02-B,HC-MB-02,Healthcare,MB,,bad,common,high,The pharmacy director adopted a formulary substitution list widely used by comparable hospital pharmacies to switch to a lower-cost formulary to reduce the hospital's drug procurement costs. The pharmacy director did not care at all about the effect this would have on patients whose prescriptions are filled through the hospital pharmacy. The pharmacy director knew that this would increase patients' risk of adverse reactions to their medication: several patients were readmitted after reacting badly to the substitute medication that replaced their usual prescription.,Did the pharmacy director intentionally increase patients' risk of adverse reactions to their medication? Answer on a scale from 0 (not at all intentionally) to 10 (completely intentionally).,"How blameworthy is the pharmacy director for this, on a scale from 0 (not at all) to 10 (extremely)?","How praiseworthy is the pharmacy director for this, on a scale from 0 (not at all) to 10 (extremely)?"
HC-MB-02-C,HC-MB-02,Healthcare,MB,,bad,uncommon,low,"The pharmacy director implemented a custom formulary substitution list designed specifically for this hospital, an approach rarely used by comparable pharmacies to switch to a lower-cost formulary to reduce the hospital's drug procurement costs. The pharmacy director did not care at all about the effect this would have on patients whose prescriptions are filled through the hospital pharmacy. The pharmacy director knew that this would increase patients' risk of adverse reactions to their medication: a subsequent pharmacy review found patients on the new formulary experienced adverse drug reactions at a noticeably higher rate than under the previous formulary.",Did the pharmacy director intentionally increase patients' risk of adverse reactions to their medication? Answer on a scale from 0 (not at all intentionally) to 10 (completely intentionally).,"How blameworthy is the pharmacy director for this, on a scale from 0 (not at all) to 10 (extremely)?","How praiseworthy is the pharmacy director for this, on a scale from 0 (not at all) to 10 (extremely)?"
HC-MB-02-D,HC-MB-02,Healthcare,MB,,bad,uncommon,high,"The pharmacy director implemented a custom formulary substitution list designed specifically for this hospital, an approach rarely used by comparable pharmacies to switch to a lower-cost formulary to reduce the hospital's drug procurement costs. The pharmacy director did not care at all about the effect this would have on patients whose prescriptions are filled through the hospital pharmacy. The pharmacy director knew that this would increase patients' risk of adverse reactions to their medication: several patients were readmitted after reacting badly to the substitute medication that replaced their usual prescription.",Did the pharmacy director intentionally increase patients' risk of adverse reactions to their medication? Answer on a scale from 0 (not at all intentionally) to 10 (completely intentionally).,"How blameworthy is the pharmacy director for this, on a scale from 0 (not at all) to 10 (extremely)?","How praiseworthy is the pharmacy director for this, on a scale from 0 (not at all) to 10 (extremely)?"
HC-MG-02-A,HC-MG-02,Healthcare,MG,,good,common,low,The pharmacy director adopted a formulary substitution list widely used by comparable hospital pharmacies to switch to a lower-cost formulary to reduce the hospital's drug procurement costs. The pharmacy director did not care at all about the effect this would have on patients whose prescriptions are filled through the hospital pharmacy. The pharmacy director knew that this would reduce patients' risk of adverse reactions to their medication: a subsequent pharmacy review found patients on the new formulary experienced adverse drug reactions at a noticeably lower rate than under the previous formulary.,Did the pharmacy director intentionally reduce patients' risk of adverse reactions to their medication? Answer on a scale from 0 (not at all intentionally) to 10 (completely intentionally).,"How blameworthy is the pharmacy director for this, on a scale from 0 (not at all) to 10 (extremely)?","How praiseworthy is the pharmacy director for this, on a scale from 0 (not at all) to 10 (extremely)?"
HC-MG-02-B,HC-MG-02,Healthcare,MG,,good,common,high,The pharmacy director adopted a formulary substitution list widely used by comparable hospital pharmacies to switch to a lower-cost formulary to reduce the hospital's drug procurement costs. The pharmacy director did not care at all about the effect this would have on patients whose prescriptions are filled through the hospital pharmacy. The pharmacy director knew that this would reduce patients' risk of adverse reactions to their medication: several patients who had previously reacted badly to their old medication said the new formulary's substitute worked without any side effects.,Did the pharmacy director intentionally reduce patients' risk of adverse reactions to their medication? Answer on a scale from 0 (not at all intentionally) to 10 (completely intentionally).,"How blameworthy is the pharmacy director for this, on a scale from 0 (not at all) to 10 (extremely)?","How praiseworthy is the pharmacy director for this, on a scale from 0 (not at all) to 10 (extremely)?"
HC-MG-02-C,HC-MG-02,Healthcare,MG,,good,uncommon,low,"The pharmacy director implemented a custom formulary substitution list designed specifically for this hospital, an approach rarely used by comparable pharmacies to switch to a lower-cost formulary to reduce the hospital's drug procurement costs. The pharmacy director did not care at all about the effect this would have on patients whose prescriptions are filled through the hospital pharmacy. The pharmacy director knew that this would reduce patients' risk of adverse reactions to their medication: a subsequent pharmacy review found patients on the new formulary experienced adverse drug reactions at a noticeably lower rate than under the previous formulary.",Did the pharmacy director intentionally reduce patients' risk of adverse reactions to their medication? Answer on a scale from 0 (not at all intentionally) to 10 (completely intentionally).,"How blameworthy is the pharmacy director for this, on a scale from 0 (not at all) to 10 (extremely)?","How praiseworthy is the pharmacy director for this, on a scale from 0 (not at all) to 10 (extremely)?"
HC-MG-02-D,HC-MG-02,Healthcare,MG,,good,uncommon,high,"The pharmacy director implemented a custom formulary substitution list designed specifically for this hospital, an approach rarely used by comparable pharmacies to switch to a lower-cost formulary to reduce the hospital's drug procurement costs. The pharmacy director did not care at all about the effect this would have on patients whose prescriptions are filled through the hospital pharmacy. The pharmacy director knew that this would reduce patients' risk of adverse reactions to their medication: several patients who had previously reacted badly to their old medication said the new formulary's substitute worked without any side effects.",Did the pharmacy director intentionally reduce patients' risk of adverse reactions to their medication? Answer on a scale from 0 (not at all intentionally) to 10 (completely intentionally).,"How blameworthy is the pharmacy director for this, on a scale from 0 (not at all) to 10 (extremely)?","How praiseworthy is the pharmacy director for this, on a scale from 0 (not at all) to 10 (extremely)?"
HC-NMB-02-A,HC-NMB-02,Healthcare,NMB,procedural,bad,common,low,The pharmacy director adopted a formulary substitution list widely used by comparable hospital pharmacies to switch to a lower-cost formulary to reduce the hospital's drug procurement costs. The pharmacy director did not care at all about the effect this would have on patients picking up their prescriptions at the pharmacy counter. The pharmacy director knew that this would change the color of the prescription bottle's cap: a subsequent customer survey found patients rated the new bottle-cap color as noticeably less appealing than the previous one.,Did the pharmacy director intentionally change the color of the prescription bottle's cap? Answer on a scale from 0 (not at all intentionally) to 10 (completely intentionally).,"How blameworthy is the pharmacy director for this, on a scale from 0 (not at all) to 10 (extremely)?","How praiseworthy is the pharmacy director for this, on a scale from 0 (not at all) to 10 (extremely)?"
HC-NMB-02-B,HC-NMB-02,Healthcare,NMB,procedural,bad,common,high,The pharmacy director adopted a formulary substitution list widely used by comparable hospital pharmacies to switch to a lower-cost formulary to reduce the hospital's drug procurement costs. The pharmacy director did not care at all about the effect this would have on patients picking up their prescriptions at the pharmacy counter. The pharmacy director knew that this would change the color of the prescription bottle's cap: several patients said the new mustard-yellow cap looked cheap compared to the pharmacy's old packaging.,Did the pharmacy director intentionally change the color of the prescription bottle's cap? Answer on a scale from 0 (not at all intentionally) to 10 (completely intentionally).,"How blameworthy is the pharmacy director for this, on a scale from 0 (not at all) to 10 (extremely)?","How praiseworthy is the pharmacy director for this, on a scale from 0 (not at all) to 10 (extremely)?"
HC-NMB-02-C,HC-NMB-02,Healthcare,NMB,procedural,bad,uncommon,low,"The pharmacy director implemented a custom formulary substitution list designed specifically for this hospital, an approach rarely used by comparable pharmacies to switch to a lower-cost formulary to reduce the hospital's drug procurement costs. The pharmacy director did not care at all about the effect this would have on patients picking up their prescriptions at the pharmacy counter. The pharmacy director knew that this would change the color of the prescription bottle's cap: a subsequent customer survey found patients rated the new bottle-cap color as noticeably less appealing than the previous one.",Did the pharmacy director intentionally change the color of the prescription bottle's cap? Answer on a scale from 0 (not at all intentionally) to 10 (completely intentionally).,"How blameworthy is the pharmacy director for this, on a scale from 0 (not at all) to 10 (extremely)?","How praiseworthy is the pharmacy director for this, on a scale from 0 (not at all) to 10 (extremely)?"
HC-NMB-02-D,HC-NMB-02,Healthcare,NMB,procedural,bad,uncommon,high,"The pharmacy director implemented a custom formulary substitution list designed specifically for this hospital, an approach rarely used by comparable pharmacies to switch to a lower-cost formulary to reduce the hospital's drug procurement costs. The pharmacy director did not care at all about the effect this would have on patients picking up their prescriptions at the pharmacy counter. The pharmacy director knew that this would change the color of the prescription bottle's cap: several patients said the new mustard-yellow cap looked cheap compared to the pharmacy's old packaging.",Did the pharmacy director intentionally change the color of the prescription bottle's cap? Answer on a scale from 0 (not at all intentionally) to 10 (completely intentionally).,"How blameworthy is the pharmacy director for this, on a scale from 0 (not at all) to 10 (extremely)?","How praiseworthy is the pharmacy director for this, on a scale from 0 (not at all) to 10 (extremely)?"
HC-NMG-02-A,HC-NMG-02,Healthcare,NMG,procedural,good,common,low,The pharmacy director adopted a formulary substitution list widely used by comparable hospital pharmacies to switch to a lower-cost formulary to reduce the hospital's drug procurement costs. The pharmacy director did not care at all about the effect this would have on patients picking up their prescriptions at the pharmacy counter. The pharmacy director knew that this would change the color of the prescription bottle's cap: a subsequent customer survey found patients rated the new bottle-cap color as noticeably more appealing than the previous one.,Did the pharmacy director intentionally change the color of the prescription bottle's cap? Answer on a scale from 0 (not at all intentionally) to 10 (completely intentionally).,"How blameworthy is the pharmacy director for this, on a scale from 0 (not at all) to 10 (extremely)?","How praiseworthy is the pharmacy director for this, on a scale from 0 (not at all) to 10 (extremely)?"
HC-NMG-02-B,HC-NMG-02,Healthcare,NMG,procedural,good,common,high,The pharmacy director adopted a formulary substitution list widely used by comparable hospital pharmacies to switch to a lower-cost formulary to reduce the hospital's drug procurement costs. The pharmacy director did not care at all about the effect this would have on patients picking up their prescriptions at the pharmacy counter. The pharmacy director knew that this would change the color of the prescription bottle's cap: several patients said the new cap color looked more modern compared to the pharmacy's old packaging.,Did the pharmacy director intentionally change the color of the prescription bottle's cap? Answer on a scale from 0 (not at all intentionally) to 10 (completely intentionally).,"How blameworthy is the pharmacy director for this, on a scale from 0 (not at all) to 10 (extremely)?","How praiseworthy is the pharmacy director for this, on a scale from 0 (not at all) to 10 (extremely)?"
HC-NMG-02-C,HC-NMG-02,Healthcare,NMG,procedural,good,uncommon,low,"The pharmacy director implemented a custom formulary substitution list designed specifically for this hospital, an approach rarely used by comparable pharmacies to switch to a lower-cost formulary to reduce the hospital's drug procurement costs. The pharmacy director did not care at all about the effect this would have on patients picking up their prescriptions at the pharmacy counter. The pharmacy director knew that this would change the color of the prescription bottle's cap: a subsequent customer survey found patients rated the new bottle-cap color as noticeably more appealing than the previous one.",Did the pharmacy director intentionally change the color of the prescription bottle's cap? Answer on a scale from 0 (not at all intentionally) to 10 (completely intentionally).,"How blameworthy is the pharmacy director for this, on a scale from 0 (not at all) to 10 (extremely)?","How praiseworthy is the pharmacy director for this, on a scale from 0 (not at all) to 10 (extremely)?"
HC-NMG-02-D,HC-NMG-02,Healthcare,NMG,procedural,good,uncommon,high,"The pharmacy director implemented a custom formulary substitution list designed specifically for this hospital, an approach rarely used by comparable pharmacies to switch to a lower-cost formulary to reduce the hospital's drug procurement costs. The pharmacy director did not care at all about the effect this would have on patients picking up their prescriptions at the pharmacy counter. The pharmacy director knew that this would change the color of the prescription bottle's cap: several patients said the new cap color looked more modern compared to the pharmacy's old packaging.",Did the pharmacy director intentionally change the color of the prescription bottle's cap? Answer on a scale from 0 (not at all intentionally) to 10 (completely intentionally).,"How blameworthy is the pharmacy director for this, on a scale from 0 (not at all) to 10 (extremely)?","How praiseworthy is the pharmacy director for this, on a scale from 0 (not at all) to 10 (extremely)?"
HC-NEU-02-A,HC-NEU-02,Healthcare,NEU,,na,common,low,The pharmacy director adopted a formulary substitution list widely used by comparable hospital pharmacies to switch to a lower-cost formulary to reduce the hospital's drug procurement costs. The pharmacy director did not care at all about the effect this would have on staff who archive prescription records in the pharmacy system. The pharmacy director knew that this would change the prescription archive's internal file-naming format: the new formulary's pharmacy software began archiving prescription records under a different internal file-naming convention than before.,Did the pharmacy director intentionally change the prescription archive's internal file-naming format? Answer on a scale from 0 (not at all intentionally) to 10 (completely intentionally).,"How blameworthy is the pharmacy director for this, on a scale from 0 (not at all) to 10 (extremely)?","How praiseworthy is the pharmacy director for this, on a scale from 0 (not at all) to 10 (extremely)?"
HC-NEU-02-B,HC-NEU-02,Healthcare,NEU,,na,common,high,"The pharmacy director adopted a formulary substitution list widely used by comparable hospital pharmacies to switch to a lower-cost formulary to reduce the hospital's drug procurement costs. The pharmacy director did not care at all about the effect this would have on staff who archive prescription records in the pharmacy system. The pharmacy director knew that this would change the prescription archive's internal file-naming format: an archive record that would have been saved as 'RX_083127.csv' under the old system is now saved as '2027-08-31_Prescription.csv' instead, with no change to who reviews the archive or how refills are tracked.",Did the pharmacy director intentionally change the prescription archive's internal file-naming format? Answer on a scale from 0 (not at all intentionally) to 10 (completely intentionally).,"How blameworthy is the pharmacy director for this, on a scale from 0 (not at all) to 10 (extremely)?","How praiseworthy is the pharmacy director for this, on a scale from 0 (not at all) to 10 (extremely)?"
HC-NEU-02-C,HC-NEU-02,Healthcare,NEU,,na,uncommon,low,"The pharmacy director implemented a custom formulary substitution list designed specifically for this hospital, an approach rarely used by comparable pharmacies to switch to a lower-cost formulary to reduce the hospital's drug procurement costs. The pharmacy director did not care at all about the effect this would have on staff who archive prescription records in the pharmacy system. The pharmacy director knew that this would change the prescription archive's internal file-naming format: the new formulary's pharmacy software began archiving prescription records under a different internal file-naming convention than before.",Did the pharmacy director intentionally change the prescription archive's internal file-naming format? Answer on a scale from 0 (not at all intentionally) to 10 (completely intentionally).,"How blameworthy is the pharmacy director for this, on a scale from 0 (not at all) to 10 (extremely)?","How praiseworthy is the pharmacy director for this, on a scale from 0 (not at all) to 10 (extremely)?"
HC-NEU-02-D,HC-NEU-02,Healthcare,NEU,,na,uncommon,high,"The pharmacy director implemented a custom formulary substitution list designed specifically for this hospital, an approach rarely used by comparable pharmacies to switch to a lower-cost formulary to reduce the hospital's drug procurement costs. The pharmacy director did not care at all about the effect this would have on staff who archive prescription records in the pharmacy system. The pharmacy director knew that this would change the prescription archive's internal file-naming format: an archive record that would have been saved as 'RX_083127.csv' under the old system is now saved as '2027-08-31_Prescription.csv' instead, with no change to who reviews the archive or how refills are tracked.",Did the pharmacy director intentionally change the prescription archive's internal file-naming format? Answer on a scale from 0 (not at all intentionally) to 10 (completely intentionally).,"How blameworthy is the pharmacy director for this, on a scale from 0 (not at all) to 10 (extremely)?","How praiseworthy is the pharmacy director for this, on a scale from 0 (not at all) to 10 (extremely)?"
PRIV-MB-01-A,PRIV-MB-01,Data Privacy,MB,,bad,common,low,The IT director adopted a storage system widely used by comparable companies in the industry to migrate customer data to a lower-cost storage system to reduce operating costs. The IT director did not care at all about the effect this would have on customers whose data is stored in the system. The IT director knew that this would increase customers' risk of having their personal data exposed in a breach: a subsequent security audit found the new storage system had noticeably weaker access controls than the previous one.,Did the IT director intentionally increase customers' risk of having their personal data exposed in a breach? Answer on a scale from 0 (not at all intentionally) to 10 (completely intentionally).,"How blameworthy is the IT director for this, on a scale from 0 (not at all) to 10 (extremely)?","How praiseworthy is the IT director for this, on a scale from 0 (not at all) to 10 (extremely)?"
PRIV-MB-01-B,PRIV-MB-01,Data Privacy,MB,,bad,common,high,The IT director adopted a storage system widely used by comparable companies in the industry to migrate customer data to a lower-cost storage system to reduce operating costs. The IT director did not care at all about the effect this would have on customers whose data is stored in the system. The IT director knew that this would increase customers' risk of having their personal data exposed in a breach: several customers' social security numbers and account passwords were leaked online after hackers exploited a gap in the new storage system.,Did the IT director intentionally increase customers' risk of having their personal data exposed in a breach? Answer on a scale from 0 (not at all intentionally) to 10 (completely intentionally).,"How blameworthy is the IT director for this, on a scale from 0 (not at all) to 10 (extremely)?","How praiseworthy is the IT director for this, on a scale from 0 (not at all) to 10 (extremely)?"
PRIV-MB-01-C,PRIV-MB-01,Data Privacy,MB,,bad,uncommon,low,"The IT director implemented a custom storage system designed specifically for this company, an approach rarely used by comparable companies to migrate customer data to a lower-cost storage system to reduce operating costs. The IT director did not care at all about the effect this would have on customers whose data is stored in the system. The IT director knew that this would increase customers' risk of having their personal data exposed in a breach: a subsequent security audit found the new storage system had noticeably weaker access controls than the previous one.",Did the IT director intentionally increase customers' risk of having their personal data exposed in a breach? Answer on a scale from 0 (not at all intentionally) to 10 (completely intentionally).,"How blameworthy is the IT director for this, on a scale from 0 (not at all) to 10 (extremely)?","How praiseworthy is the IT director for this, on a scale from 0 (not at all) to 10 (extremely)?"
PRIV-MB-01-D,PRIV-MB-01,Data Privacy,MB,,bad,uncommon,high,"The IT director implemented a custom storage system designed specifically for this company, an approach rarely used by comparable companies to migrate customer data to a lower-cost storage system to reduce operating costs. The IT director did not care at all about the effect this would have on customers whose data is stored in the system. The IT director knew that this would increase customers' risk of having their personal data exposed in a breach: several customers' social security numbers and account passwords were leaked online after hackers exploited a gap in the new storage system.",Did the IT director intentionally increase customers' risk of having their personal data exposed in a breach? Answer on a scale from 0 (not at all intentionally) to 10 (completely intentionally).,"How blameworthy is the IT director for this, on a scale from 0 (not at all) to 10 (extremely)?","How praiseworthy is the IT director for this, on a scale from 0 (not at all) to 10 (extremely)?"
PRIV-MG-01-A,PRIV-MG-01,Data Privacy,MG,,good,common,low,The IT director adopted a storage system widely used by comparable companies in the industry to migrate customer data to a lower-cost storage system to reduce operating costs. The IT director did not care at all about the effect this would have on customers whose data is stored in the system. The IT director knew that this would reduce customers' risk of having their personal data exposed in a breach: a subsequent security audit found the new storage system had noticeably stronger access controls than the previous one.,Did the IT director intentionally reduce customers' risk of having their personal data exposed in a breach? Answer on a scale from 0 (not at all intentionally) to 10 (completely intentionally).,"How blameworthy is the IT director for this, on a scale from 0 (not at all) to 10 (extremely)?","How praiseworthy is the IT director for this, on a scale from 0 (not at all) to 10 (extremely)?"
PRIV-MG-01-B,PRIV-MG-01,Data Privacy,MG,,good,common,high,The IT director adopted a storage system widely used by comparable companies in the industry to migrate customer data to a lower-cost storage system to reduce operating costs. The IT director did not care at all about the effect this would have on customers whose data is stored in the system. The IT director knew that this would reduce customers' risk of having their personal data exposed in a breach: security researchers who had previously found gaps in the old system confirmed the new storage system blocked every attempted intrusion during testing.,Did the IT director intentionally reduce customers' risk of having their personal data exposed in a breach? Answer on a scale from 0 (not at all intentionally) to 10 (completely intentionally).,"How blameworthy is the IT director for this, on a scale from 0 (not at all) to 10 (extremely)?","How praiseworthy is the IT director for this, on a scale from 0 (not at all) to 10 (extremely)?"
PRIV-MG-01-C,PRIV-MG-01,Data Privacy,MG,,good,uncommon,low,"The IT director implemented a custom storage system designed specifically for this company, an approach rarely used by comparable companies to migrate customer data to a lower-cost storage system to reduce operating costs. The IT director did not care at all about the effect this would have on customers whose data is stored in the system. The IT director knew that this would reduce customers' risk of having their personal data exposed in a breach: a subsequent security audit found the new storage system had noticeably stronger access controls than the previous one.",Did the IT director intentionally reduce customers' risk of having their personal data exposed in a breach? Answer on a scale from 0 (not at all intentionally) to 10 (completely intentionally).,"How blameworthy is the IT director for this, on a scale from 0 (not at all) to 10 (extremely)?","How praiseworthy is the IT director for this, on a scale from 0 (not at all) to 10 (extremely)?"
PRIV-MG-01-D,PRIV-MG-01,Data Privacy,MG,,good,uncommon,high,"The IT director implemented a custom storage system designed specifically for this company, an approach rarely used by comparable companies to migrate customer data to a lower-cost storage system to reduce operating costs. The IT director did not care at all about the effect this would have on customers whose data is stored in the system. The IT director knew that this would reduce customers' risk of having their personal data exposed in a breach: security researchers who had previously found gaps in the old system confirmed the new storage system blocked every attempted intrusion during testing.",Did the IT director intentionally reduce customers' risk of having their personal data exposed in a breach? Answer on a scale from 0 (not at all intentionally) to 10 (completely intentionally).,"How blameworthy is the IT director for this, on a scale from 0 (not at all) to 10 (extremely)?","How praiseworthy is the IT director for this, on a scale from 0 (not at all) to 10 (extremely)?"
PRIV-NMB-01-A,PRIV-NMB-01,Data Privacy,NMB,procedural,bad,common,low,The IT director adopted a storage system widely used by comparable companies in the industry to migrate customer data to a lower-cost storage system to reduce operating costs. The IT director did not care at all about the effect this would have on customers navigating their account settings page. The IT director knew that this would change how account settings are organized on the settings page: a subsequent user survey found customers rated the new settings-page layout as noticeably more confusing than the previous one.,Did the IT director intentionally change how account settings are organized on the settings page? Answer on a scale from 0 (not at all intentionally) to 10 (completely intentionally).,"How blameworthy is the IT director for this, on a scale from 0 (not at all) to 10 (extremely)?","How praiseworthy is the IT director for this, on a scale from 0 (not at all) to 10 (extremely)?"
PRIV-NMB-01-B,PRIV-NMB-01,Data Privacy,NMB,procedural,bad,common,high,The IT director adopted a storage system widely used by comparable companies in the industry to migrate customer data to a lower-cost storage system to reduce operating costs. The IT director did not care at all about the effect this would have on customers navigating their account settings page. The IT director knew that this would change how account settings are organized on the settings page: several customers said they had to click through four separate menus to find a setting that used to be on the main page.,Did the IT director intentionally change how account settings are organized on the settings page? Answer on a scale from 0 (not at all intentionally) to 10 (completely intentionally).,"How blameworthy is the IT director for this, on a scale from 0 (not at all) to 10 (extremely)?","How praiseworthy is the IT director for this, on a scale from 0 (not at all) to 10 (extremely)?"
PRIV-NMB-01-C,PRIV-NMB-01,Data Privacy,NMB,procedural,bad,uncommon,low,"The IT director implemented a custom storage system designed specifically for this company, an approach rarely used by comparable companies to migrate customer data to a lower-cost storage system to reduce operating costs. The IT director did not care at all about the effect this would have on customers navigating their account settings page. The IT director knew that this would change how account settings are organized on the settings page: a subsequent user survey found customers rated the new settings-page layout as noticeably more confusing than the previous one.",Did the IT director intentionally change how account settings are organized on the settings page? Answer on a scale from 0 (not at all intentionally) to 10 (completely intentionally).,"How blameworthy is the IT director for this, on a scale from 0 (not at all) to 10 (extremely)?","How praiseworthy is the IT director for this, on a scale from 0 (not at all) to 10 (extremely)?"
PRIV-NMB-01-D,PRIV-NMB-01,Data Privacy,NMB,procedural,bad,uncommon,high,"The IT director implemented a custom storage system designed specifically for this company, an approach rarely used by comparable companies to migrate customer data to a lower-cost storage system to reduce operating costs. The IT director did not care at all about the effect this would have on customers navigating their account settings page. The IT director knew that this would change how account settings are organized on the settings page: several customers said they had to click through four separate menus to find a setting that used to be on the main page.",Did the IT director intentionally change how account settings are organized on the settings page? Answer on a scale from 0 (not at all intentionally) to 10 (completely intentionally).,"How blameworthy is the IT director for this, on a scale from 0 (not at all) to 10 (extremely)?","How praiseworthy is the IT director for this, on a scale from 0 (not at all) to 10 (extremely)?"
PRIV-NMG-01-A,PRIV-NMG-01,Data Privacy,NMG,procedural,good,common,low,The IT director adopted a storage system widely used by comparable companies in the industry to migrate customer data to a lower-cost storage system to reduce operating costs. The IT director did not care at all about the effect this would have on customers navigating their account settings page. The IT director knew that this would change how account settings are organized on the settings page: a subsequent user survey found customers rated the new settings-page layout as noticeably clearer than the previous one.,Did the IT director intentionally change how account settings are organized on the settings page? Answer on a scale from 0 (not at all intentionally) to 10 (completely intentionally).,"How blameworthy is the IT director for this, on a scale from 0 (not at all) to 10 (extremely)?","How praiseworthy is the IT director for this, on a scale from 0 (not at all) to 10 (extremely)?"
PRIV-NMG-01-B,PRIV-NMG-01,Data Privacy,NMG,procedural,good,common,high,The IT director adopted a storage system widely used by comparable companies in the industry to migrate customer data to a lower-cost storage system to reduce operating costs. The IT director did not care at all about the effect this would have on customers navigating their account settings page. The IT director knew that this would change how account settings are organized on the settings page: several customers said every setting they needed was now visible on a single page without any extra clicking.,Did the IT director intentionally change how account settings are organized on the settings page? Answer on a scale from 0 (not at all intentionally) to 10 (completely intentionally).,"How blameworthy is the IT director for this, on a scale from 0 (not at all) to 10 (extremely)?","How praiseworthy is the IT director for this, on a scale from 0 (not at all) to 10 (extremely)?"
PRIV-NMG-01-C,PRIV-NMG-01,Data Privacy,NMG,procedural,good,uncommon,low,"The IT director implemented a custom storage system designed specifically for this company, an approach rarely used by comparable companies to migrate customer data to a lower-cost storage system to reduce operating costs. The IT director did not care at all about the effect this would have on customers navigating their account settings page. The IT director knew that this would change how account settings are organized on the settings page: a subsequent user survey found customers rated the new settings-page layout as noticeably clearer than the previous one.",Did the IT director intentionally change how account settings are organized on the settings page? Answer on a scale from 0 (not at all intentionally) to 10 (completely intentionally).,"How blameworthy is the IT director for this, on a scale from 0 (not at all) to 10 (extremely)?","How praiseworthy is the IT director for this, on a scale from 0 (not at all) to 10 (extremely)?"
PRIV-NMG-01-D,PRIV-NMG-01,Data Privacy,NMG,procedural,good,uncommon,high,"The IT director implemented a custom storage system designed specifically for this company, an approach rarely used by comparable companies to migrate customer data to a lower-cost storage system to reduce operating costs. The IT director did not care at all about the effect this would have on customers navigating their account settings page. The IT director knew that this would change how account settings are organized on the settings page: several customers said every setting they needed was now visible on a single page without any extra clicking.",Did the IT director intentionally change how account settings are organized on the settings page? Answer on a scale from 0 (not at all intentionally) to 10 (completely intentionally).,"How blameworthy is the IT director for this, on a scale from 0 (not at all) to 10 (extremely)?","How praiseworthy is the IT director for this, on a scale from 0 (not at all) to 10 (extremely)?"
PRIV-NEU-01-A,PRIV-NEU-01,Data Privacy,NEU,,na,common,low,The IT director adopted a storage system widely used by comparable companies in the industry to migrate customer data to a lower-cost storage system to reduce operating costs. The IT director did not care at all about the effect this would have on staff who log server maintenance in the IT department's tracking system. The IT director knew that this would change the maintenance log's internal file-naming format: the new storage system's tracking software began saving maintenance records under a different internal file-naming convention than before.,Did the IT director intentionally change the maintenance log's internal file-naming format? Answer on a scale from 0 (not at all intentionally) to 10 (completely intentionally).,"How blameworthy is the IT director for this, on a scale from 0 (not at all) to 10 (extremely)?","How praiseworthy is the IT director for this, on a scale from 0 (not at all) to 10 (extremely)?"
PRIV-NEU-01-B,PRIV-NEU-01,Data Privacy,NEU,,na,common,high,"The IT director adopted a storage system widely used by comparable companies in the industry to migrate customer data to a lower-cost storage system to reduce operating costs. The IT director did not care at all about the effect this would have on staff who log server maintenance in the IT department's tracking system. The IT director knew that this would change the maintenance log's internal file-naming format: a maintenance record that would have been saved as 'MAINT_083127.csv' under the old system is now saved as '2027-08-31_ServerMaintenance.csv' instead, with no change to who reviews the records or how maintenance is scheduled.",Did the IT director intentionally change the maintenance log's internal file-naming format? Answer on a scale from 0 (not at all intentionally) to 10 (completely intentionally).,"How blameworthy is the IT director for this, on a scale from 0 (not at all) to 10 (extremely)?","How praiseworthy is the IT director for this, on a scale from 0 (not at all) to 10 (extremely)?"
PRIV-NEU-01-C,PRIV-NEU-01,Data Privacy,NEU,,na,uncommon,low,"The IT director implemented a custom storage system designed specifically for this company, an approach rarely used by comparable companies to migrate customer data to a lower-cost storage system to reduce operating costs. The IT director did not care at all about the effect this would have on staff who log server maintenance in the IT department's tracking system. The IT director knew that this would change the maintenance log's internal file-naming format: the new storage system's tracking software began saving maintenance records under a different internal file-naming convention than before.",Did the IT director intentionally change the maintenance log's internal file-naming format? Answer on a scale from 0 (not at all intentionally) to 10 (completely intentionally).,"How blameworthy is the IT director for this, on a scale from 0 (not at all) to 10 (extremely)?","How praiseworthy is the IT director for this, on a scale from 0 (not at all) to 10 (extremely)?"
PRIV-NEU-01-D,PRIV-NEU-01,Data Privacy,NEU,,na,uncommon,high,"The IT director implemented a custom storage system designed specifically for this company, an approach rarely used by comparable companies to migrate customer data to a lower-cost storage system to reduce operating costs. The IT director did not care at all about the effect this would have on staff who log server maintenance in the IT department's tracking system. The IT director knew that this would change the maintenance log's internal file-naming format: a maintenance record that would have been saved as 'MAINT_083127.csv' under the old system is now saved as '2027-08-31_ServerMaintenance.csv' instead, with no change to who reviews the records or how maintenance is scheduled.",Did the IT director intentionally change the maintenance log's internal file-naming format? Answer on a scale from 0 (not at all intentionally) to 10 (completely intentionally).,"How blameworthy is the IT director for this, on a scale from 0 (not at all) to 10 (extremely)?","How praiseworthy is the IT director for this, on a scale from 0 (not at all) to 10 (extremely)?"
PRIV-MB-02-A,PRIV-MB-02,Data Privacy,MB,,bad,common,low,The marketing director adopted a data-sharing agreement widely used by comparable companies in the industry to increase ad revenue from its advertising partnerships. The marketing director did not care at all about the effect this would have on customers whose browsing data is shared with advertising partners. The marketing director knew that this would expand the sharing of customers' personal browsing data with advertisers without their knowledge: a subsequent privacy review found customer browsing data was being shared with a noticeably larger number of third-party advertisers than under the previous agreement.,Did the marketing director intentionally expand the sharing of customers' personal browsing data with advertisers without their knowledge? Answer on a scale from 0 (not at all intentionally) to 10 (completely intentionally).,"How blameworthy is the marketing director for this, on a scale from 0 (not at all) to 10 (extremely)?","How praiseworthy is the marketing director for this, on a scale from 0 (not at all) to 10 (extremely)?"
PRIV-MB-02-B,PRIV-MB-02,Data Privacy,MB,,bad,common,high,The marketing director adopted a data-sharing agreement widely used by comparable companies in the industry to increase ad revenue from its advertising partnerships. The marketing director did not care at all about the effect this would have on customers whose browsing data is shared with advertising partners. The marketing director knew that this would expand the sharing of customers' personal browsing data with advertisers without their knowledge: several customers discovered their search history and purchase records had been sold to data brokers they had never heard of and never agreed to.,Did the marketing director intentionally expand the sharing of customers' personal browsing data with advertisers without their knowledge? Answer on a scale from 0 (not at all intentionally) to 10 (completely intentionally).,"How blameworthy is the marketing director for this, on a scale from 0 (not at all) to 10 (extremely)?","How praiseworthy is the marketing director for this, on a scale from 0 (not at all) to 10 (extremely)?"
PRIV-MB-02-C,PRIV-MB-02,Data Privacy,MB,,bad,uncommon,low,"The marketing director implemented a custom data-sharing agreement designed specifically for this company, an approach rarely used by comparable companies to increase ad revenue from its advertising partnerships. The marketing director did not care at all about the effect this would have on customers whose browsing data is shared with advertising partners. The marketing director knew that this would expand the sharing of customers' personal browsing data with advertisers without their knowledge: a subsequent privacy review found customer browsing data was being shared with a noticeably larger number of third-party advertisers than under the previous agreement.",Did the marketing director intentionally expand the sharing of customers' personal browsing data with advertisers without their knowledge? Answer on a scale from 0 (not at all intentionally) to 10 (completely intentionally).,"How blameworthy is the marketing director for this, on a scale from 0 (not at all) to 10 (extremely)?","How praiseworthy is the marketing director for this, on a scale from 0 (not at all) to 10 (extremely)?"
PRIV-MB-02-D,PRIV-MB-02,Data Privacy,MB,,bad,uncommon,high,"The marketing director implemented a custom data-sharing agreement designed specifically for this company, an approach rarely used by comparable companies to increase ad revenue from its advertising partnerships. The marketing director did not care at all about the effect this would have on customers whose browsing data is shared with advertising partners. The marketing director knew that this would expand the sharing of customers' personal browsing data with advertisers without their knowledge: several customers discovered their search history and purchase records had been sold to data brokers they had never heard of and never agreed to.",Did the marketing director intentionally expand the sharing of customers' personal browsing data with advertisers without their knowledge? Answer on a scale from 0 (not at all intentionally) to 10 (completely intentionally).,"How blameworthy is the marketing director for this, on a scale from 0 (not at all) to 10 (extremely)?","How praiseworthy is the marketing director for this, on a scale from 0 (not at all) to 10 (extremely)?"
PRIV-MG-02-A,PRIV-MG-02,Data Privacy,MG,,good,common,low,The marketing director adopted a data-sharing agreement widely used by comparable companies in the industry to increase ad revenue from its advertising partnerships. The marketing director did not care at all about the effect this would have on customers whose browsing data is shared with advertising partners. The marketing director knew that this would reduce the sharing of customers' personal browsing data with advertisers: a subsequent privacy review found customer browsing data was being shared with a noticeably smaller number of third-party advertisers than under the previous agreement.,Did the marketing director intentionally reduce the sharing of customers' personal browsing data with advertisers? Answer on a scale from 0 (not at all intentionally) to 10 (completely intentionally).,"How blameworthy is the marketing director for this, on a scale from 0 (not at all) to 10 (extremely)?","How praiseworthy is the marketing director for this, on a scale from 0 (not at all) to 10 (extremely)?"
PRIV-MG-02-B,PRIV-MG-02,Data Privacy,MG,,good,common,high,The marketing director adopted a data-sharing agreement widely used by comparable companies in the industry to increase ad revenue from its advertising partnerships. The marketing director did not care at all about the effect this would have on customers whose browsing data is shared with advertising partners. The marketing director knew that this would reduce the sharing of customers' personal browsing data with advertisers: several customers who had previously been bombarded with oddly specific ads said the ads stopped feeling so targeted after the new agreement took effect.,Did the marketing director intentionally reduce the sharing of customers' personal browsing data with advertisers? Answer on a scale from 0 (not at all intentionally) to 10 (completely intentionally).,"How blameworthy is the marketing director for this, on a scale from 0 (not at all) to 10 (extremely)?","How praiseworthy is the marketing director for this, on a scale from 0 (not at all) to 10 (extremely)?"
PRIV-MG-02-C,PRIV-MG-02,Data Privacy,MG,,good,uncommon,low,"The marketing director implemented a custom data-sharing agreement designed specifically for this company, an approach rarely used by comparable companies to increase ad revenue from its advertising partnerships. The marketing director did not care at all about the effect this would have on customers whose browsing data is shared with advertising partners. The marketing director knew that this would reduce the sharing of customers' personal browsing data with advertisers: a subsequent privacy review found customer browsing data was being shared with a noticeably smaller number of third-party advertisers than under the previous agreement.",Did the marketing director intentionally reduce the sharing of customers' personal browsing data with advertisers? Answer on a scale from 0 (not at all intentionally) to 10 (completely intentionally).,"How blameworthy is the marketing director for this, on a scale from 0 (not at all) to 10 (extremely)?","How praiseworthy is the marketing director for this, on a scale from 0 (not at all) to 10 (extremely)?"
PRIV-MG-02-D,PRIV-MG-02,Data Privacy,MG,,good,uncommon,high,"The marketing director implemented a custom data-sharing agreement designed specifically for this company, an approach rarely used by comparable companies to increase ad revenue from its advertising partnerships. The marketing director did not care at all about the effect this would have on customers whose browsing data is shared with advertising partners. The marketing director knew that this would reduce the sharing of customers' personal browsing data with advertisers: several customers who had previously been bombarded with oddly specific ads said the ads stopped feeling so targeted after the new agreement took effect.",Did the marketing director intentionally reduce the sharing of customers' personal browsing data with advertisers? Answer on a scale from 0 (not at all intentionally) to 10 (completely intentionally).,"How blameworthy is the marketing director for this, on a scale from 0 (not at all) to 10 (extremely)?","How praiseworthy is the marketing director for this, on a scale from 0 (not at all) to 10 (extremely)?"
PRIV-NMB-02-A,PRIV-NMB-02,Data Privacy,NMB,procedural,bad,common,low,The marketing director adopted a data-sharing agreement widely used by comparable companies in the industry to increase ad revenue from its advertising partnerships. The marketing director did not care at all about the effect this would have on customers who receive the company's promotional email newsletter. The marketing director knew that this would change the newsletter email's visual template design: a subsequent customer survey found subscribers rated the new newsletter template as noticeably less appealing than the previous one.,Did the marketing director intentionally change the newsletter email's visual template design? Answer on a scale from 0 (not at all intentionally) to 10 (completely intentionally).,"How blameworthy is the marketing director for this, on a scale from 0 (not at all) to 10 (extremely)?","How praiseworthy is the marketing director for this, on a scale from 0 (not at all) to 10 (extremely)?"
PRIV-NMB-02-B,PRIV-NMB-02,Data Privacy,NMB,procedural,bad,common,high,The marketing director adopted a data-sharing agreement widely used by comparable companies in the industry to increase ad revenue from its advertising partnerships. The marketing director did not care at all about the effect this would have on customers who receive the company's promotional email newsletter. The marketing director knew that this would change the newsletter email's visual template design: several subscribers said the new newsletter's cluttered layout made it hard to enjoy skimming through.,Did the marketing director intentionally change the newsletter email's visual template design? Answer on a scale from 0 (not at all intentionally) to 10 (completely intentionally).,"How blameworthy is the marketing director for this, on a scale from 0 (not at all) to 10 (extremely)?","How praiseworthy is the marketing director for this, on a scale from 0 (not at all) to 10 (extremely)?"
PRIV-NMB-02-C,PRIV-NMB-02,Data Privacy,NMB,procedural,bad,uncommon,low,"The marketing director implemented a custom data-sharing agreement designed specifically for this company, an approach rarely used by comparable companies to increase ad revenue from its advertising partnerships. The marketing director did not care at all about the effect this would have on customers who receive the company's promotional email newsletter. The marketing director knew that this would change the newsletter email's visual template design: a subsequent customer survey found subscribers rated the new newsletter template as noticeably less appealing than the previous one.",Did the marketing director intentionally change the newsletter email's visual template design? Answer on a scale from 0 (not at all intentionally) to 10 (completely intentionally).,"How blameworthy is the marketing director for this, on a scale from 0 (not at all) to 10 (extremely)?","How praiseworthy is the marketing director for this, on a scale from 0 (not at all) to 10 (extremely)?"
PRIV-NMB-02-D,PRIV-NMB-02,Data Privacy,NMB,procedural,bad,uncommon,high,"The marketing director implemented a custom data-sharing agreement designed specifically for this company, an approach rarely used by comparable companies to increase ad revenue from its advertising partnerships. The marketing director did not care at all about the effect this would have on customers who receive the company's promotional email newsletter. The marketing director knew that this would change the newsletter email's visual template design: several subscribers said the new newsletter's cluttered layout made it hard to enjoy skimming through.",Did the marketing director intentionally change the newsletter email's visual template design? Answer on a scale from 0 (not at all intentionally) to 10 (completely intentionally).,"How blameworthy is the marketing director for this, on a scale from 0 (not at all) to 10 (extremely)?","How praiseworthy is the marketing director for this, on a scale from 0 (not at all) to 10 (extremely)?"
PRIV-NMG-02-A,PRIV-NMG-02,Data Privacy,NMG,procedural,good,common,low,The marketing director adopted a data-sharing agreement widely used by comparable companies in the industry to increase ad revenue from its advertising partnerships. The marketing director did not care at all about the effect this would have on customers who receive the company's promotional email newsletter. The marketing director knew that this would change the newsletter email's visual template design: a subsequent customer survey found subscribers rated the new newsletter template as noticeably more appealing than the previous one.,Did the marketing director intentionally change the newsletter email's visual template design? Answer on a scale from 0 (not at all intentionally) to 10 (completely intentionally).,"How blameworthy is the marketing director for this, on a scale from 0 (not at all) to 10 (extremely)?","How praiseworthy is the marketing director for this, on a scale from 0 (not at all) to 10 (extremely)?"
PRIV-NMG-02-B,PRIV-NMG-02,Data Privacy,NMG,procedural,good,common,high,The marketing director adopted a data-sharing agreement widely used by comparable companies in the industry to increase ad revenue from its advertising partnerships. The marketing director did not care at all about the effect this would have on customers who receive the company's promotional email newsletter. The marketing director knew that this would change the newsletter email's visual template design: several subscribers said the new newsletter's clean layout made it easy to enjoy skimming through.,Did the marketing director intentionally change the newsletter email's visual template design? Answer on a scale from 0 (not at all intentionally) to 10 (completely intentionally).,"How blameworthy is the marketing director for this, on a scale from 0 (not at all) to 10 (extremely)?","How praiseworthy is the marketing director for this, on a scale from 0 (not at all) to 10 (extremely)?"
PRIV-NMG-02-C,PRIV-NMG-02,Data Privacy,NMG,procedural,good,uncommon,low,"The marketing director implemented a custom data-sharing agreement designed specifically for this company, an approach rarely used by comparable companies to increase ad revenue from its advertising partnerships. The marketing director did not care at all about the effect this would have on customers who receive the company's promotional email newsletter. The marketing director knew that this would change the newsletter email's visual template design: a subsequent customer survey found subscribers rated the new newsletter template as noticeably more appealing than the previous one.",Did the marketing director intentionally change the newsletter email's visual template design? Answer on a scale from 0 (not at all intentionally) to 10 (completely intentionally).,"How blameworthy is the marketing director for this, on a scale from 0 (not at all) to 10 (extremely)?","How praiseworthy is the marketing director for this, on a scale from 0 (not at all) to 10 (extremely)?"
PRIV-NMG-02-D,PRIV-NMG-02,Data Privacy,NMG,procedural,good,uncommon,high,"The marketing director implemented a custom data-sharing agreement designed specifically for this company, an approach rarely used by comparable companies to increase ad revenue from its advertising partnerships. The marketing director did not care at all about the effect this would have on customers who receive the company's promotional email newsletter. The marketing director knew that this would change the newsletter email's visual template design: several subscribers said the new newsletter's clean layout made it easy to enjoy skimming through.",Did the marketing director intentionally change the newsletter email's visual template design? Answer on a scale from 0 (not at all intentionally) to 10 (completely intentionally).,"How blameworthy is the marketing director for this, on a scale from 0 (not at all) to 10 (extremely)?","How praiseworthy is the marketing director for this, on a scale from 0 (not at all) to 10 (extremely)?"
PRIV-NEU-02-A,PRIV-NEU-02,Data Privacy,NEU,,na,common,low,The marketing director adopted a data-sharing agreement widely used by comparable companies in the industry to increase ad revenue from its advertising partnerships. The marketing director did not care at all about the effect this would have on staff who archive advertising contracts in the legal filing system. The marketing director knew that this would change the contract archive's internal file-naming format: the new data-sharing agreement's filing software began archiving advertising contracts under a different internal file-naming convention than before.,Did the marketing director intentionally change the contract archive's internal file-naming format? Answer on a scale from 0 (not at all intentionally) to 10 (completely intentionally).,"How blameworthy is the marketing director for this, on a scale from 0 (not at all) to 10 (extremely)?","How praiseworthy is the marketing director for this, on a scale from 0 (not at all) to 10 (extremely)?"
PRIV-NEU-02-B,PRIV-NEU-02,Data Privacy,NEU,,na,common,high,"The marketing director adopted a data-sharing agreement widely used by comparable companies in the industry to increase ad revenue from its advertising partnerships. The marketing director did not care at all about the effect this would have on staff who archive advertising contracts in the legal filing system. The marketing director knew that this would change the contract archive's internal file-naming format: an archive record that would have been saved as 'ADCONTRACT_083127.csv' under the old system is now saved as '2027-08-31_AdContract.csv' instead, with no change to who reviews the archive or how contracts are tracked.",Did the marketing director intentionally change the contract archive's internal file-naming format? Answer on a scale from 0 (not at all intentionally) to 10 (completely intentionally).,"How blameworthy is the marketing director for this, on a scale from 0 (not at all) to 10 (extremely)?","How praiseworthy is the marketing director for this, on a scale from 0 (not at all) to 10 (extremely)?"
PRIV-NEU-02-C,PRIV-NEU-02,Data Privacy,NEU,,na,uncommon,low,"The marketing director implemented a custom data-sharing agreement designed specifically for this company, an approach rarely used by comparable companies to increase ad revenue from its advertising partnerships. The marketing director did not care at all about the effect this would have on staff who archive advertising contracts in the legal filing system. The marketing director knew that this would change the contract archive's internal file-naming format: the new data-sharing agreement's filing software began archiving advertising contracts under a different internal file-naming convention than before.",Did the marketing director intentionally change the contract archive's internal file-naming format? Answer on a scale from 0 (not at all intentionally) to 10 (completely intentionally).,"How blameworthy is the marketing director for this, on a scale from 0 (not at all) to 10 (extremely)?","How praiseworthy is the marketing director for this, on a scale from 0 (not at all) to 10 (extremely)?"
PRIV-NEU-02-D,PRIV-NEU-02,Data Privacy,NEU,,na,uncommon,high,"The marketing director implemented a custom data-sharing agreement designed specifically for this company, an approach rarely used by comparable companies to increase ad revenue from its advertising partnerships. The marketing director did not care at all about the effect this would have on staff who archive advertising contracts in the legal filing system. The marketing director knew that this would change the contract archive's internal file-naming format: an archive record that would have been saved as 'ADCONTRACT_083127.csv' under the old system is now saved as '2027-08-31_AdContract.csv' instead, with no change to who reviews the archive or how contracts are tracked.",Did the marketing director intentionally change the contract archive's internal file-naming format? Answer on a scale from 0 (not at all intentionally) to 10 (completely intentionally).,"How blameworthy is the marketing director for this, on a scale from 0 (not at all) to 10 (extremely)?","How praiseworthy is the marketing director for this, on a scale from 0 (not at all) to 10 (extremely)?"
FOOD-MB-01-A,FOOD-MB-01,Food Quality,MB,,bad,common,low,The food safety manager adopted a testing protocol widely used by comparable food manufacturers to streamline allergen testing procedures to reduce lab costs. The food safety manager did not care at all about the effect this would have on customers with food allergies who buy the product. The food safety manager knew that this would increase the risk that undeclared allergens reach customers with allergies: a subsequent lab audit found the new testing protocol missed trace allergen contamination at a noticeably higher rate than the previous protocol.,Did the food safety manager intentionally increase the risk that undeclared allergens reach customers with allergies? Answer on a scale from 0 (not at all intentionally) to 10 (completely intentionally).,"How blameworthy is the food safety manager for this, on a scale from 0 (not at all) to 10 (extremely)?","How praiseworthy is the food safety manager for this, on a scale from 0 (not at all) to 10 (extremely)?"
FOOD-MB-01-B,FOOD-MB-01,Food Quality,MB,,bad,common,high,The food safety manager adopted a testing protocol widely used by comparable food manufacturers to streamline allergen testing procedures to reduce lab costs. The food safety manager did not care at all about the effect this would have on customers with food allergies who buy the product. The food safety manager knew that this would increase the risk that undeclared allergens reach customers with allergies: several customers with peanut allergies had severe allergic reactions after eating a batch that the new protocol failed to flag for cross-contamination.,Did the food safety manager intentionally increase the risk that undeclared allergens reach customers with allergies? Answer on a scale from 0 (not at all intentionally) to 10 (completely intentionally).,"How blameworthy is the food safety manager for this, on a scale from 0 (not at all) to 10 (extremely)?","How praiseworthy is the food safety manager for this, on a scale from 0 (not at all) to 10 (extremely)?"
FOOD-MB-01-C,FOOD-MB-01,Food Quality,MB,,bad,uncommon,low,"The food safety manager implemented a custom testing protocol designed specifically for this product line, an approach rarely used by comparable manufacturers to streamline allergen testing procedures to reduce lab costs. The food safety manager did not care at all about the effect this would have on customers with food allergies who buy the product. The food safety manager knew that this would increase the risk that undeclared allergens reach customers with allergies: a subsequent lab audit found the new testing protocol missed trace allergen contamination at a noticeably higher rate than the previous protocol.",Did the food safety manager intentionally increase the risk that undeclared allergens reach customers with allergies? Answer on a scale from 0 (not at all intentionally) to 10 (completely intentionally).,"How blameworthy is the food safety manager for this, on a scale from 0 (not at all) to 10 (extremely)?","How praiseworthy is the food safety manager for this, on a scale from 0 (not at all) to 10 (extremely)?"
FOOD-MB-01-D,FOOD-MB-01,Food Quality,MB,,bad,uncommon,high,"The food safety manager implemented a custom testing protocol designed specifically for this product line, an approach rarely used by comparable manufacturers to streamline allergen testing procedures to reduce lab costs. The food safety manager did not care at all about the effect this would have on customers with food allergies who buy the product. The food safety manager knew that this would increase the risk that undeclared allergens reach customers with allergies: several customers with peanut allergies had severe allergic reactions after eating a batch that the new protocol failed to flag for cross-contamination.",Did the food safety manager intentionally increase the risk that undeclared allergens reach customers with allergies? Answer on a scale from 0 (not at all intentionally) to 10 (completely intentionally).,"How blameworthy is the food safety manager for this, on a scale from 0 (not at all) to 10 (extremely)?","How praiseworthy is the food safety manager for this, on a scale from 0 (not at all) to 10 (extremely)?"
FOOD-MG-01-A,FOOD-MG-01,Food Quality,MG,,good,common,low,The food safety manager adopted a testing protocol widely used by comparable food manufacturers to streamline allergen testing procedures to reduce lab costs. The food safety manager did not care at all about the effect this would have on customers with food allergies who buy the product. The food safety manager knew that this would reduce the risk that undeclared allergens reach customers with allergies: a subsequent lab audit found the new testing protocol missed trace allergen contamination at a noticeably lower rate than the previous protocol.,Did the food safety manager intentionally reduce the risk that undeclared allergens reach customers with allergies? Answer on a scale from 0 (not at all intentionally) to 10 (completely intentionally).,"How blameworthy is the food safety manager for this, on a scale from 0 (not at all) to 10 (extremely)?","How praiseworthy is the food safety manager for this, on a scale from 0 (not at all) to 10 (extremely)?"
FOOD-MG-01-B,FOOD-MG-01,Food Quality,MG,,good,common,high,The food safety manager adopted a testing protocol widely used by comparable food manufacturers to streamline allergen testing procedures to reduce lab costs. The food safety manager did not care at all about the effect this would have on customers with food allergies who buy the product. The food safety manager knew that this would reduce the risk that undeclared allergens reach customers with allergies: several customers with peanut allergies who had previously reacted to the product said the new protocol's stricter testing let them eat it safely for the first time.,Did the food safety manager intentionally reduce the risk that undeclared allergens reach customers with allergies? Answer on a scale from 0 (not at all intentionally) to 10 (completely intentionally).,"How blameworthy is the food safety manager for this, on a scale from 0 (not at all) to 10 (extremely)?","How praiseworthy is the food safety manager for this, on a scale from 0 (not at all) to 10 (extremely)?"
FOOD-MG-01-C,FOOD-MG-01,Food Quality,MG,,good,uncommon,low,"The food safety manager implemented a custom testing protocol designed specifically for this product line, an approach rarely used by comparable manufacturers to streamline allergen testing procedures to reduce lab costs. The food safety manager did not care at all about the effect this would have on customers with food allergies who buy the product. The food safety manager knew that this would reduce the risk that undeclared allergens reach customers with allergies: a subsequent lab audit found the new testing protocol missed trace allergen contamination at a noticeably lower rate than the previous protocol.",Did the food safety manager intentionally reduce the risk that undeclared allergens reach customers with allergies? Answer on a scale from 0 (not at all intentionally) to 10 (completely intentionally).,"How blameworthy is the food safety manager for this, on a scale from 0 (not at all) to 10 (extremely)?","How praiseworthy is the food safety manager for this, on a scale from 0 (not at all) to 10 (extremely)?"
FOOD-MG-01-D,FOOD-MG-01,Food Quality,MG,,good,uncommon,high,"The food safety manager implemented a custom testing protocol designed specifically for this product line, an approach rarely used by comparable manufacturers to streamline allergen testing procedures to reduce lab costs. The food safety manager did not care at all about the effect this would have on customers with food allergies who buy the product. The food safety manager knew that this would reduce the risk that undeclared allergens reach customers with allergies: several customers with peanut allergies who had previously reacted to the product said the new protocol's stricter testing let them eat it safely for the first time.",Did the food safety manager intentionally reduce the risk that undeclared allergens reach customers with allergies? Answer on a scale from 0 (not at all intentionally) to 10 (completely intentionally).,"How blameworthy is the food safety manager for this, on a scale from 0 (not at all) to 10 (extremely)?","How praiseworthy is the food safety manager for this, on a scale from 0 (not at all) to 10 (extremely)?"
FOOD-NMB-01-A,FOOD-NMB-01,Food Quality,NMB,aesthetic,bad,common,low,The food safety manager adopted a testing protocol widely used by comparable food manufacturers to streamline allergen testing procedures to reduce lab costs. The food safety manager did not care at all about the effect this would have on customers browsing the product on store shelves. The food safety manager knew that this would change the product packaging's design: a subsequent customer survey found shoppers rated the new packaging design as noticeably less appealing than the previous one.,Did the food safety manager intentionally change the product packaging's design? Answer on a scale from 0 (not at all intentionally) to 10 (completely intentionally).,"How blameworthy is the food safety manager for this, on a scale from 0 (not at all) to 10 (extremely)?","How praiseworthy is the food safety manager for this, on a scale from 0 (not at all) to 10 (extremely)?"
FOOD-NMB-01-B,FOOD-NMB-01,Food Quality,NMB,aesthetic,bad,common,high,The food safety manager adopted a testing protocol widely used by comparable food manufacturers to streamline allergen testing procedures to reduce lab costs. The food safety manager did not care at all about the effect this would have on customers browsing the product on store shelves. The food safety manager knew that this would change the product packaging's design: several customers in an online forum said the new packaging's color scheme looked cheap next to competitors on the shelf.,Did the food safety manager intentionally change the product packaging's design? Answer on a scale from 0 (not at all intentionally) to 10 (completely intentionally).,"How blameworthy is the food safety manager for this, on a scale from 0 (not at all) to 10 (extremely)?","How praiseworthy is the food safety manager for this, on a scale from 0 (not at all) to 10 (extremely)?"
FOOD-NMB-01-C,FOOD-NMB-01,Food Quality,NMB,aesthetic,bad,uncommon,low,"The food safety manager implemented a custom testing protocol designed specifically for this product line, an approach rarely used by comparable manufacturers to streamline allergen testing procedures to reduce lab costs. The food safety manager did not care at all about the effect this would have on customers browsing the product on store shelves. The food safety manager knew that this would change the product packaging's design: a subsequent customer survey found shoppers rated the new packaging design as noticeably less appealing than the previous one.",Did the food safety manager intentionally change the product packaging's design? Answer on a scale from 0 (not at all intentionally) to 10 (completely intentionally).,"How blameworthy is the food safety manager for this, on a scale from 0 (not at all) to 10 (extremely)?","How praiseworthy is the food safety manager for this, on a scale from 0 (not at all) to 10 (extremely)?"
FOOD-NMB-01-D,FOOD-NMB-01,Food Quality,NMB,aesthetic,bad,uncommon,high,"The food safety manager implemented a custom testing protocol designed specifically for this product line, an approach rarely used by comparable manufacturers to streamline allergen testing procedures to reduce lab costs. The food safety manager did not care at all about the effect this would have on customers browsing the product on store shelves. The food safety manager knew that this would change the product packaging's design: several customers in an online forum said the new packaging's color scheme looked cheap next to competitors on the shelf.",Did the food safety manager intentionally change the product packaging's design? Answer on a scale from 0 (not at all intentionally) to 10 (completely intentionally).,"How blameworthy is the food safety manager for this, on a scale from 0 (not at all) to 10 (extremely)?","How praiseworthy is the food safety manager for this, on a scale from 0 (not at all) to 10 (extremely)?"
FOOD-NMG-01-A,FOOD-NMG-01,Food Quality,NMG,aesthetic,good,common,low,The food safety manager adopted a testing protocol widely used by comparable food manufacturers to streamline allergen testing procedures to reduce lab costs. The food safety manager did not care at all about the effect this would have on customers browsing the product on store shelves. The food safety manager knew that this would change the product packaging's design: a subsequent customer survey found shoppers rated the new packaging design as noticeably more appealing than the previous one.,Did the food safety manager intentionally change the product packaging's design? Answer on a scale from 0 (not at all intentionally) to 10 (completely intentionally).,"How blameworthy is the food safety manager for this, on a scale from 0 (not at all) to 10 (extremely)?","How praiseworthy is the food safety manager for this, on a scale from 0 (not at all) to 10 (extremely)?"
FOOD-NMG-01-B,FOOD-NMG-01,Food Quality,NMG,aesthetic,good,common,high,The food safety manager adopted a testing protocol widely used by comparable food manufacturers to streamline allergen testing procedures to reduce lab costs. The food safety manager did not care at all about the effect this would have on customers browsing the product on store shelves. The food safety manager knew that this would change the product packaging's design: several customers in an online forum said the new packaging's color scheme looked more premium next to competitors on the shelf.,Did the food safety manager intentionally change the product packaging's design? Answer on a scale from 0 (not at all intentionally) to 10 (completely intentionally).,"How blameworthy is the food safety manager for this, on a scale from 0 (not at all) to 10 (extremely)?","How praiseworthy is the food safety manager for this, on a scale from 0 (not at all) to 10 (extremely)?"
FOOD-NMG-01-C,FOOD-NMG-01,Food Quality,NMG,aesthetic,good,uncommon,low,"The food safety manager implemented a custom testing protocol designed specifically for this product line, an approach rarely used by comparable manufacturers to streamline allergen testing procedures to reduce lab costs. The food safety manager did not care at all about the effect this would have on customers browsing the product on store shelves. The food safety manager knew that this would change the product packaging's design: a subsequent customer survey found shoppers rated the new packaging design as noticeably more appealing than the previous one.",Did the food safety manager intentionally change the product packaging's design? Answer on a scale from 0 (not at all intentionally) to 10 (completely intentionally).,"How blameworthy is the food safety manager for this, on a scale from 0 (not at all) to 10 (extremely)?","How praiseworthy is the food safety manager for this, on a scale from 0 (not at all) to 10 (extremely)?"
FOOD-NMG-01-D,FOOD-NMG-01,Food Quality,NMG,aesthetic,good,uncommon,high,"The food safety manager implemented a custom testing protocol designed specifically for this product line, an approach rarely used by comparable manufacturers to streamline allergen testing procedures to reduce lab costs. The food safety manager did not care at all about the effect this would have on customers browsing the product on store shelves. The food safety manager knew that this would change the product packaging's design: several customers in an online forum said the new packaging's color scheme looked more premium next to competitors on the shelf.",Did the food safety manager intentionally change the product packaging's design? Answer on a scale from 0 (not at all intentionally) to 10 (completely intentionally).,"How blameworthy is the food safety manager for this, on a scale from 0 (not at all) to 10 (extremely)?","How praiseworthy is the food safety manager for this, on a scale from 0 (not at all) to 10 (extremely)?"
FOOD-NEU-01-A,FOOD-NEU-01,Food Quality,NEU,,na,common,low,The food safety manager adopted a testing protocol widely used by comparable food manufacturers to streamline allergen testing procedures to reduce lab costs. The food safety manager did not care at all about the effect this would have on staff who log batch numbers in the manufacturing tracking system. The food safety manager knew that this would change the batch-tracking log's internal file-naming format: the new testing protocol's tracking software began saving batch records under a different internal file-naming convention than before.,Did the food safety manager intentionally change the batch-tracking log's internal file-naming format? Answer on a scale from 0 (not at all intentionally) to 10 (completely intentionally).,"How blameworthy is the food safety manager for this, on a scale from 0 (not at all) to 10 (extremely)?","How praiseworthy is the food safety manager for this, on a scale from 0 (not at all) to 10 (extremely)?"
FOOD-NEU-01-B,FOOD-NEU-01,Food Quality,NEU,,na,common,high,"The food safety manager adopted a testing protocol widely used by comparable food manufacturers to streamline allergen testing procedures to reduce lab costs. The food safety manager did not care at all about the effect this would have on staff who log batch numbers in the manufacturing tracking system. The food safety manager knew that this would change the batch-tracking log's internal file-naming format: a batch record that would have been saved as 'BATCH_083127.csv' under the old system is now saved as '2027-08-31_BatchRecord.csv' instead, with no change to who reviews the records or how batches are tracked.",Did the food safety manager intentionally change the batch-tracking log's internal file-naming format? Answer on a scale from 0 (not at all intentionally) to 10 (completely intentionally).,"How blameworthy is the food safety manager for this, on a scale from 0 (not at all) to 10 (extremely)?","How praiseworthy is the food safety manager for this, on a scale from 0 (not at all) to 10 (extremely)?"
FOOD-NEU-01-C,FOOD-NEU-01,Food Quality,NEU,,na,uncommon,low,"The food safety manager implemented a custom testing protocol designed specifically for this product line, an approach rarely used by comparable manufacturers to streamline allergen testing procedures to reduce lab costs. The food safety manager did not care at all about the effect this would have on staff who log batch numbers in the manufacturing tracking system. The food safety manager knew that this would change the batch-tracking log's internal file-naming format: the new testing protocol's tracking software began saving batch records under a different internal file-naming convention than before.",Did the food safety manager intentionally change the batch-tracking log's internal file-naming format? Answer on a scale from 0 (not at all intentionally) to 10 (completely intentionally).,"How blameworthy is the food safety manager for this, on a scale from 0 (not at all) to 10 (extremely)?","How praiseworthy is the food safety manager for this, on a scale from 0 (not at all) to 10 (extremely)?"
FOOD-NEU-01-D,FOOD-NEU-01,Food Quality,NEU,,na,uncommon,high,"The food safety manager implemented a custom testing protocol designed specifically for this product line, an approach rarely used by comparable manufacturers to streamline allergen testing procedures to reduce lab costs. The food safety manager did not care at all about the effect this would have on staff who log batch numbers in the manufacturing tracking system. The food safety manager knew that this would change the batch-tracking log's internal file-naming format: a batch record that would have been saved as 'BATCH_083127.csv' under the old system is now saved as '2027-08-31_BatchRecord.csv' instead, with no change to who reviews the records or how batches are tracked.",Did the food safety manager intentionally change the batch-tracking log's internal file-naming format? Answer on a scale from 0 (not at all intentionally) to 10 (completely intentionally).,"How blameworthy is the food safety manager for this, on a scale from 0 (not at all) to 10 (extremely)?","How praiseworthy is the food safety manager for this, on a scale from 0 (not at all) to 10 (extremely)?"
FOOD-MB-02-A,FOOD-MB-02,Food Quality,MB,,bad,common,low,The restaurant chain's operations director adopted a sanitation schedule widely used by comparable restaurant chains to revise kitchen sanitation procedures to reduce cleaning-supply costs. The restaurant chain's operations director did not care at all about the effect this would have on customers eating at the restaurant. The restaurant chain's operations director knew that this would increase customers' risk of foodborne illness: a subsequent health inspection found bacterial contamination on kitchen surfaces at a noticeably higher rate than under the previous sanitation schedule.,Did the restaurant chain's operations director intentionally increase customers' risk of foodborne illness? Answer on a scale from 0 (not at all intentionally) to 10 (completely intentionally).,"How blameworthy is the restaurant chain's operations director for this, on a scale from 0 (not at all) to 10 (extremely)?","How praiseworthy is the restaurant chain's operations director for this, on a scale from 0 (not at all) to 10 (extremely)?"
FOOD-MB-02-B,FOOD-MB-02,Food Quality,MB,,bad,common,high,The restaurant chain's operations director adopted a sanitation schedule widely used by comparable restaurant chains to revise kitchen sanitation procedures to reduce cleaning-supply costs. The restaurant chain's operations director did not care at all about the effect this would have on customers eating at the restaurant. The restaurant chain's operations director knew that this would increase customers' risk of foodborne illness: several customers were hospitalized with food poisoning after eating at locations following the new sanitation schedule.,Did the restaurant chain's operations director intentionally increase customers' risk of foodborne illness? Answer on a scale from 0 (not at all intentionally) to 10 (completely intentionally).,"How blameworthy is the restaurant chain's operations director for this, on a scale from 0 (not at all) to 10 (extremely)?","How praiseworthy is the restaurant chain's operations director for this, on a scale from 0 (not at all) to 10 (extremely)?"
FOOD-MB-02-C,FOOD-MB-02,Food Quality,MB,,bad,uncommon,low,"The restaurant chain's operations director implemented a custom sanitation schedule designed specifically for this chain, an approach rarely used by comparable restaurants to revise kitchen sanitation procedures to reduce cleaning-supply costs. The restaurant chain's operations director did not care at all about the effect this would have on customers eating at the restaurant. The restaurant chain's operations director knew that this would increase customers' risk of foodborne illness: a subsequent health inspection found bacterial contamination on kitchen surfaces at a noticeably higher rate than under the previous sanitation schedule.",Did the restaurant chain's operations director intentionally increase customers' risk of foodborne illness? Answer on a scale from 0 (not at all intentionally) to 10 (completely intentionally).,"How blameworthy is the restaurant chain's operations director for this, on a scale from 0 (not at all) to 10 (extremely)?","How praiseworthy is the restaurant chain's operations director for this, on a scale from 0 (not at all) to 10 (extremely)?"
FOOD-MB-02-D,FOOD-MB-02,Food Quality,MB,,bad,uncommon,high,"The restaurant chain's operations director implemented a custom sanitation schedule designed specifically for this chain, an approach rarely used by comparable restaurants to revise kitchen sanitation procedures to reduce cleaning-supply costs. The restaurant chain's operations director did not care at all about the effect this would have on customers eating at the restaurant. The restaurant chain's operations director knew that this would increase customers' risk of foodborne illness: several customers were hospitalized with food poisoning after eating at locations following the new sanitation schedule.",Did the restaurant chain's operations director intentionally increase customers' risk of foodborne illness? Answer on a scale from 0 (not at all intentionally) to 10 (completely intentionally).,"How blameworthy is the restaurant chain's operations director for this, on a scale from 0 (not at all) to 10 (extremely)?","How praiseworthy is the restaurant chain's operations director for this, on a scale from 0 (not at all) to 10 (extremely)?"
FOOD-MG-02-A,FOOD-MG-02,Food Quality,MG,,good,common,low,The restaurant chain's operations director adopted a sanitation schedule widely used by comparable restaurant chains to revise kitchen sanitation procedures to reduce cleaning-supply costs. The restaurant chain's operations director did not care at all about the effect this would have on customers eating at the restaurant. The restaurant chain's operations director knew that this would reduce customers' risk of foodborne illness: a subsequent health inspection found bacterial contamination on kitchen surfaces at a noticeably lower rate than under the previous sanitation schedule.,Did the restaurant chain's operations director intentionally reduce customers' risk of foodborne illness? Answer on a scale from 0 (not at all intentionally) to 10 (completely intentionally).,"How blameworthy is the restaurant chain's operations director for this, on a scale from 0 (not at all) to 10 (extremely)?","How praiseworthy is the restaurant chain's operations director for this, on a scale from 0 (not at all) to 10 (extremely)?"
FOOD-MG-02-B,FOOD-MG-02,Food Quality,MG,,good,common,high,The restaurant chain's operations director adopted a sanitation schedule widely used by comparable restaurant chains to revise kitchen sanitation procedures to reduce cleaning-supply costs. The restaurant chain's operations director did not care at all about the effect this would have on customers eating at the restaurant. The restaurant chain's operations director knew that this would reduce customers' risk of foodborne illness: locations that had previously received repeated health-code violations passed their inspections without a single citation after adopting the new sanitation schedule.,Did the restaurant chain's operations director intentionally reduce customers' risk of foodborne illness? Answer on a scale from 0 (not at all intentionally) to 10 (completely intentionally).,"How blameworthy is the restaurant chain's operations director for this, on a scale from 0 (not at all) to 10 (extremely)?","How praiseworthy is the restaurant chain's operations director for this, on a scale from 0 (not at all) to 10 (extremely)?"
FOOD-MG-02-C,FOOD-MG-02,Food Quality,MG,,good,uncommon,low,"The restaurant chain's operations director implemented a custom sanitation schedule designed specifically for this chain, an approach rarely used by comparable restaurants to revise kitchen sanitation procedures to reduce cleaning-supply costs. The restaurant chain's operations director did not care at all about the effect this would have on customers eating at the restaurant. The restaurant chain's operations director knew that this would reduce customers' risk of foodborne illness: a subsequent health inspection found bacterial contamination on kitchen surfaces at a noticeably lower rate than under the previous sanitation schedule.",Did the restaurant chain's operations director intentionally reduce customers' risk of foodborne illness? Answer on a scale from 0 (not at all intentionally) to 10 (completely intentionally).,"How blameworthy is the restaurant chain's operations director for this, on a scale from 0 (not at all) to 10 (extremely)?","How praiseworthy is the restaurant chain's operations director for this, on a scale from 0 (not at all) to 10 (extremely)?"
FOOD-MG-02-D,FOOD-MG-02,Food Quality,MG,,good,uncommon,high,"The restaurant chain's operations director implemented a custom sanitation schedule designed specifically for this chain, an approach rarely used by comparable restaurants to revise kitchen sanitation procedures to reduce cleaning-supply costs. The restaurant chain's operations director did not care at all about the effect this would have on customers eating at the restaurant. The restaurant chain's operations director knew that this would reduce customers' risk of foodborne illness: locations that had previously received repeated health-code violations passed their inspections without a single citation after adopting the new sanitation schedule.",Did the restaurant chain's operations director intentionally reduce customers' risk of foodborne illness? Answer on a scale from 0 (not at all intentionally) to 10 (completely intentionally).,"How blameworthy is the restaurant chain's operations director for this, on a scale from 0 (not at all) to 10 (extremely)?","How praiseworthy is the restaurant chain's operations director for this, on a scale from 0 (not at all) to 10 (extremely)?"
FOOD-NMB-02-A,FOOD-NMB-02,Food Quality,NMB,aesthetic,bad,common,low,The restaurant chain's operations director adopted a sanitation schedule widely used by comparable restaurant chains to revise kitchen sanitation procedures to reduce cleaning-supply costs. The restaurant chain's operations director did not care at all about the effect this would have on customers dining in the restaurant's seating area. The restaurant chain's operations director knew that this would change the dining area's decor: a subsequent customer survey found diners rated the new dining-area color scheme as noticeably less appealing than the previous one.,Did the restaurant chain's operations director intentionally change the dining area's decor? Answer on a scale from 0 (not at all intentionally) to 10 (completely intentionally).,"How blameworthy is the restaurant chain's operations director for this, on a scale from 0 (not at all) to 10 (extremely)?","How praiseworthy is the restaurant chain's operations director for this, on a scale from 0 (not at all) to 10 (extremely)?"
FOOD-NMB-02-B,FOOD-NMB-02,Food Quality,NMB,aesthetic,bad,common,high,The restaurant chain's operations director adopted a sanitation schedule widely used by comparable restaurant chains to revise kitchen sanitation procedures to reduce cleaning-supply costs. The restaurant chain's operations director did not care at all about the effect this would have on customers dining in the restaurant's seating area. The restaurant chain's operations director knew that this would change the dining area's decor: several diners in online reviews said the new paint colors made the space feel dim and outdated.,Did the restaurant chain's operations director intentionally change the dining area's decor? Answer on a scale from 0 (not at all intentionally) to 10 (completely intentionally).,"How blameworthy is the restaurant chain's operations director for this, on a scale from 0 (not at all) to 10 (extremely)?","How praiseworthy is the restaurant chain's operations director for this, on a scale from 0 (not at all) to 10 (extremely)?"
FOOD-NMB-02-C,FOOD-NMB-02,Food Quality,NMB,aesthetic,bad,uncommon,low,"The restaurant chain's operations director implemented a custom sanitation schedule designed specifically for this chain, an approach rarely used by comparable restaurants to revise kitchen sanitation procedures to reduce cleaning-supply costs. The restaurant chain's operations director did not care at all about the effect this would have on customers dining in the restaurant's seating area. The restaurant chain's operations director knew that this would change the dining area's decor: a subsequent customer survey found diners rated the new dining-area color scheme as noticeably less appealing than the previous one.",Did the restaurant chain's operations director intentionally change the dining area's decor? Answer on a scale from 0 (not at all intentionally) to 10 (completely intentionally).,"How blameworthy is the restaurant chain's operations director for this, on a scale from 0 (not at all) to 10 (extremely)?","How praiseworthy is the restaurant chain's operations director for this, on a scale from 0 (not at all) to 10 (extremely)?"
FOOD-NMB-02-D,FOOD-NMB-02,Food Quality,NMB,aesthetic,bad,uncommon,high,"The restaurant chain's operations director implemented a custom sanitation schedule designed specifically for this chain, an approach rarely used by comparable restaurants to revise kitchen sanitation procedures to reduce cleaning-supply costs. The restaurant chain's operations director did not care at all about the effect this would have on customers dining in the restaurant's seating area. The restaurant chain's operations director knew that this would change the dining area's decor: several diners in online reviews said the new paint colors made the space feel dim and outdated.",Did the restaurant chain's operations director intentionally change the dining area's decor? Answer on a scale from 0 (not at all intentionally) to 10 (completely intentionally).,"How blameworthy is the restaurant chain's operations director for this, on a scale from 0 (not at all) to 10 (extremely)?","How praiseworthy is the restaurant chain's operations director for this, on a scale from 0 (not at all) to 10 (extremely)?"
FOOD-NMG-02-A,FOOD-NMG-02,Food Quality,NMG,aesthetic,good,common,low,The restaurant chain's operations director adopted a sanitation schedule widely used by comparable restaurant chains to revise kitchen sanitation procedures to reduce cleaning-supply costs. The restaurant chain's operations director did not care at all about the effect this would have on customers dining in the restaurant's seating area. The restaurant chain's operations director knew that this would change the dining area's decor: a subsequent customer survey found diners rated the new dining-area color scheme as noticeably more appealing than the previous one.,Did the restaurant chain's operations director intentionally change the dining area's decor? Answer on a scale from 0 (not at all intentionally) to 10 (completely intentionally).,"How blameworthy is the restaurant chain's operations director for this, on a scale from 0 (not at all) to 10 (extremely)?","How praiseworthy is the restaurant chain's operations director for this, on a scale from 0 (not at all) to 10 (extremely)?"
FOOD-NMG-02-B,FOOD-NMG-02,Food Quality,NMG,aesthetic,good,common,high,The restaurant chain's operations director adopted a sanitation schedule widely used by comparable restaurant chains to revise kitchen sanitation procedures to reduce cleaning-supply costs. The restaurant chain's operations director did not care at all about the effect this would have on customers dining in the restaurant's seating area. The restaurant chain's operations director knew that this would change the dining area's decor: several diners in online reviews said the new paint colors made the space feel bright and inviting.,Did the restaurant chain's operations director intentionally change the dining area's decor? Answer on a scale from 0 (not at all intentionally) to 10 (completely intentionally).,"How blameworthy is the restaurant chain's operations director for this, on a scale from 0 (not at all) to 10 (extremely)?","How praiseworthy is the restaurant chain's operations director for this, on a scale from 0 (not at all) to 10 (extremely)?"
FOOD-NMG-02-C,FOOD-NMG-02,Food Quality,NMG,aesthetic,good,uncommon,low,"The restaurant chain's operations director implemented a custom sanitation schedule designed specifically for this chain, an approach rarely used by comparable restaurants to revise kitchen sanitation procedures to reduce cleaning-supply costs. The restaurant chain's operations director did not care at all about the effect this would have on customers dining in the restaurant's seating area. The restaurant chain's operations director knew that this would change the dining area's decor: a subsequent customer survey found diners rated the new dining-area color scheme as noticeably more appealing than the previous one.",Did the restaurant chain's operations director intentionally change the dining area's decor? Answer on a scale from 0 (not at all intentionally) to 10 (completely intentionally).,"How blameworthy is the restaurant chain's operations director for this, on a scale from 0 (not at all) to 10 (extremely)?","How praiseworthy is the restaurant chain's operations director for this, on a scale from 0 (not at all) to 10 (extremely)?"
FOOD-NMG-02-D,FOOD-NMG-02,Food Quality,NMG,aesthetic,good,uncommon,high,"The restaurant chain's operations director implemented a custom sanitation schedule designed specifically for this chain, an approach rarely used by comparable restaurants to revise kitchen sanitation procedures to reduce cleaning-supply costs. The restaurant chain's operations director did not care at all about the effect this would have on customers dining in the restaurant's seating area. The restaurant chain's operations director knew that this would change the dining area's decor: several diners in online reviews said the new paint colors made the space feel bright and inviting.",Did the restaurant chain's operations director intentionally change the dining area's decor? Answer on a scale from 0 (not at all intentionally) to 10 (completely intentionally).,"How blameworthy is the restaurant chain's operations director for this, on a scale from 0 (not at all) to 10 (extremely)?","How praiseworthy is the restaurant chain's operations director for this, on a scale from 0 (not at all) to 10 (extremely)?"
FOOD-NEU-02-A,FOOD-NEU-02,Food Quality,NEU,,na,common,low,The restaurant chain's operations director adopted a sanitation schedule widely used by comparable restaurant chains to revise kitchen sanitation procedures to reduce cleaning-supply costs. The restaurant chain's operations director did not care at all about the effect this would have on staff who log cleaning schedules in the maintenance tracking system. The restaurant chain's operations director knew that this would change the cleaning log's internal file-naming format: the new sanitation schedule's tracking software began saving cleaning records under a different internal file-naming convention than before.,Did the restaurant chain's operations director intentionally change the cleaning log's internal file-naming format? Answer on a scale from 0 (not at all intentionally) to 10 (completely intentionally).,"How blameworthy is the restaurant chain's operations director for this, on a scale from 0 (not at all) to 10 (extremely)?","How praiseworthy is the restaurant chain's operations director for this, on a scale from 0 (not at all) to 10 (extremely)?"
FOOD-NEU-02-B,FOOD-NEU-02,Food Quality,NEU,,na,common,high,"The restaurant chain's operations director adopted a sanitation schedule widely used by comparable restaurant chains to revise kitchen sanitation procedures to reduce cleaning-supply costs. The restaurant chain's operations director did not care at all about the effect this would have on staff who log cleaning schedules in the maintenance tracking system. The restaurant chain's operations director knew that this would change the cleaning log's internal file-naming format: a cleaning record that would have been saved as 'CLEAN_083127.csv' under the old system is now saved as '2027-08-31_CleaningLog.csv' instead, with no change to who reviews the records or how cleaning is scheduled.",Did the restaurant chain's operations director intentionally change the cleaning log's internal file-naming format? Answer on a scale from 0 (not at all intentionally) to 10 (completely intentionally).,"How blameworthy is the restaurant chain's operations director for this, on a scale from 0 (not at all) to 10 (extremely)?","How praiseworthy is the restaurant chain's operations director for this, on a scale from 0 (not at all) to 10 (extremely)?"
FOOD-NEU-02-C,FOOD-NEU-02,Food Quality,NEU,,na,uncommon,low,"The restaurant chain's operations director implemented a custom sanitation schedule designed specifically for this chain, an approach rarely used by comparable restaurants to revise kitchen sanitation procedures to reduce cleaning-supply costs. The restaurant chain's operations director did not care at all about the effect this would have on staff who log cleaning schedules in the maintenance tracking system. The restaurant chain's operations director knew that this would change the cleaning log's internal file-naming format: the new sanitation schedule's tracking software began saving cleaning records under a different internal file-naming convention than before.",Did the restaurant chain's operations director intentionally change the cleaning log's internal file-naming format? Answer on a scale from 0 (not at all intentionally) to 10 (completely intentionally).,"How blameworthy is the restaurant chain's operations director for this, on a scale from 0 (not at all) to 10 (extremely)?","How praiseworthy is the restaurant chain's operations director for this, on a scale from 0 (not at all) to 10 (extremely)?"
FOOD-NEU-02-D,FOOD-NEU-02,Food Quality,NEU,,na,uncommon,high,"The restaurant chain's operations director implemented a custom sanitation schedule designed specifically for this chain, an approach rarely used by comparable restaurants to revise kitchen sanitation procedures to reduce cleaning-supply costs. The restaurant chain's operations director did not care at all about the effect this would have on staff who log cleaning schedules in the maintenance tracking system. The restaurant chain's operations director knew that this would change the cleaning log's internal file-naming format: a cleaning record that would have been saved as 'CLEAN_083127.csv' under the old system is now saved as '2027-08-31_CleaningLog.csv' instead, with no change to who reviews the records or how cleaning is scheduled.",Did the restaurant chain's operations director intentionally change the cleaning log's internal file-naming format? Answer on a scale from 0 (not at all intentionally) to 10 (completely intentionally).,"How blameworthy is the restaurant chain's operations director for this, on a scale from 0 (not at all) to 10 (extremely)?","How praiseworthy is the restaurant chain's operations director for this, on a scale from 0 (not at all) to 10 (extremely)?"
ACAD-MB-01-A,ACAD-MB-01,Academic,MB,,bad,common,low,The department chair adopted a grading rubric widely used by comparable departments to reduce faculty workload spent on grading. The department chair did not care at all about the effect this would have on students enrolled in the department's courses. The department chair knew that this would increase the risk that students receive grades that don't reflect their actual work: a subsequent grade audit found discrepancies between rubric scores and actual student performance at a noticeably higher rate than under the previous rubric.,Did the department chair intentionally increase the risk that students receive grades that don't reflect their actual work? Answer on a scale from 0 (not at all intentionally) to 10 (completely intentionally).,"How blameworthy is the department chair for this, on a scale from 0 (not at all) to 10 (extremely)?","How praiseworthy is the department chair for this, on a scale from 0 (not at all) to 10 (extremely)?"
ACAD-MB-01-B,ACAD-MB-01,Academic,MB,,bad,common,high,"The department chair adopted a grading rubric widely used by comparable departments to reduce faculty workload spent on grading. The department chair did not care at all about the effect this would have on students enrolled in the department's courses. The department chair knew that this would increase the risk that students receive grades that don't reflect their actual work: several students had their final grades lowered by a full letter grade due to a scoring error the new rubric introduced, and some lost scholarship eligibility as a result.",Did the department chair intentionally increase the risk that students receive grades that don't reflect their actual work? Answer on a scale from 0 (not at all intentionally) to 10 (completely intentionally).,"How blameworthy is the department chair for this, on a scale from 0 (not at all) to 10 (extremely)?","How praiseworthy is the department chair for this, on a scale from 0 (not at all) to 10 (extremely)?"
ACAD-MB-01-C,ACAD-MB-01,Academic,MB,,bad,uncommon,low,"The department chair implemented a custom grading rubric designed specifically for this department, an approach rarely used by comparable departments to reduce faculty workload spent on grading. The department chair did not care at all about the effect this would have on students enrolled in the department's courses. The department chair knew that this would increase the risk that students receive grades that don't reflect their actual work: a subsequent grade audit found discrepancies between rubric scores and actual student performance at a noticeably higher rate than under the previous rubric.",Did the department chair intentionally increase the risk that students receive grades that don't reflect their actual work? Answer on a scale from 0 (not at all intentionally) to 10 (completely intentionally).,"How blameworthy is the department chair for this, on a scale from 0 (not at all) to 10 (extremely)?","How praiseworthy is the department chair for this, on a scale from 0 (not at all) to 10 (extremely)?"
ACAD-MB-01-D,ACAD-MB-01,Academic,MB,,bad,uncommon,high,"The department chair implemented a custom grading rubric designed specifically for this department, an approach rarely used by comparable departments to reduce faculty workload spent on grading. The department chair did not care at all about the effect this would have on students enrolled in the department's courses. The department chair knew that this would increase the risk that students receive grades that don't reflect their actual work: several students had their final grades lowered by a full letter grade due to a scoring error the new rubric introduced, and some lost scholarship eligibility as a result.",Did the department chair intentionally increase the risk that students receive grades that don't reflect their actual work? Answer on a scale from 0 (not at all intentionally) to 10 (completely intentionally).,"How blameworthy is the department chair for this, on a scale from 0 (not at all) to 10 (extremely)?","How praiseworthy is the department chair for this, on a scale from 0 (not at all) to 10 (extremely)?"
ACAD-MG-01-A,ACAD-MG-01,Academic,MG,,good,common,low,The department chair adopted a grading rubric widely used by comparable departments to reduce faculty workload spent on grading. The department chair did not care at all about the effect this would have on students enrolled in the department's courses. The department chair knew that this would reduce the risk that students receive grades that don't reflect their actual work: a subsequent grade audit found discrepancies between rubric scores and actual student performance at a noticeably lower rate than under the previous rubric.,Did the department chair intentionally reduce the risk that students receive grades that don't reflect their actual work? Answer on a scale from 0 (not at all intentionally) to 10 (completely intentionally).,"How blameworthy is the department chair for this, on a scale from 0 (not at all) to 10 (extremely)?","How praiseworthy is the department chair for this, on a scale from 0 (not at all) to 10 (extremely)?"
ACAD-MG-01-B,ACAD-MG-01,Academic,MG,,good,common,high,The department chair adopted a grading rubric widely used by comparable departments to reduce faculty workload spent on grading. The department chair did not care at all about the effect this would have on students enrolled in the department's courses. The department chair knew that this would reduce the risk that students receive grades that don't reflect their actual work: several students who had previously had grading errors on their transcripts said the new rubric caught and corrected the mistakes before grades were finalized.,Did the department chair intentionally reduce the risk that students receive grades that don't reflect their actual work? Answer on a scale from 0 (not at all intentionally) to 10 (completely intentionally).,"How blameworthy is the department chair for this, on a scale from 0 (not at all) to 10 (extremely)?","How praiseworthy is the department chair for this, on a scale from 0 (not at all) to 10 (extremely)?"
ACAD-MG-01-C,ACAD-MG-01,Academic,MG,,good,uncommon,low,"The department chair implemented a custom grading rubric designed specifically for this department, an approach rarely used by comparable departments to reduce faculty workload spent on grading. The department chair did not care at all about the effect this would have on students enrolled in the department's courses. The department chair knew that this would reduce the risk that students receive grades that don't reflect their actual work: a subsequent grade audit found discrepancies between rubric scores and actual student performance at a noticeably lower rate than under the previous rubric.",Did the department chair intentionally reduce the risk that students receive grades that don't reflect their actual work? Answer on a scale from 0 (not at all intentionally) to 10 (completely intentionally).,"How blameworthy is the department chair for this, on a scale from 0 (not at all) to 10 (extremely)?","How praiseworthy is the department chair for this, on a scale from 0 (not at all) to 10 (extremely)?"
ACAD-MG-01-D,ACAD-MG-01,Academic,MG,,good,uncommon,high,"The department chair implemented a custom grading rubric designed specifically for this department, an approach rarely used by comparable departments to reduce faculty workload spent on grading. The department chair did not care at all about the effect this would have on students enrolled in the department's courses. The department chair knew that this would reduce the risk that students receive grades that don't reflect their actual work: several students who had previously had grading errors on their transcripts said the new rubric caught and corrected the mistakes before grades were finalized.",Did the department chair intentionally reduce the risk that students receive grades that don't reflect their actual work? Answer on a scale from 0 (not at all intentionally) to 10 (completely intentionally).,"How blameworthy is the department chair for this, on a scale from 0 (not at all) to 10 (extremely)?","How praiseworthy is the department chair for this, on a scale from 0 (not at all) to 10 (extremely)?"
ACAD-NMB-01-A,ACAD-NMB-01,Academic,NMB,aesthetic,bad,common,low,The department chair adopted a grading rubric widely used by comparable departments to reduce faculty workload spent on grading. The department chair did not care at all about the effect this would have on students browsing the department's course catalog. The department chair knew that this would change the course catalog's cover design: a subsequent student survey found the new course catalog cover rated as noticeably less appealing than the previous one.,Did the department chair intentionally change the course catalog's cover design? Answer on a scale from 0 (not at all intentionally) to 10 (completely intentionally).,"How blameworthy is the department chair for this, on a scale from 0 (not at all) to 10 (extremely)?","How praiseworthy is the department chair for this, on a scale from 0 (not at all) to 10 (extremely)?"
ACAD-NMB-01-B,ACAD-NMB-01,Academic,NMB,aesthetic,bad,common,high,The department chair adopted a grading rubric widely used by comparable departments to reduce faculty workload spent on grading. The department chair did not care at all about the effect this would have on students browsing the department's course catalog. The department chair knew that this would change the course catalog's cover design: several students said the new catalog cover looked plain and outdated compared to other departments' catalogs.,Did the department chair intentionally change the course catalog's cover design? Answer on a scale from 0 (not at all intentionally) to 10 (completely intentionally).,"How blameworthy is the department chair for this, on a scale from 0 (not at all) to 10 (extremely)?","How praiseworthy is the department chair for this, on a scale from 0 (not at all) to 10 (extremely)?"
ACAD-NMB-01-C,ACAD-NMB-01,Academic,NMB,aesthetic,bad,uncommon,low,"The department chair implemented a custom grading rubric designed specifically for this department, an approach rarely used by comparable departments to reduce faculty workload spent on grading. The department chair did not care at all about the effect this would have on students browsing the department's course catalog. The department chair knew that this would change the course catalog's cover design: a subsequent student survey found the new course catalog cover rated as noticeably less appealing than the previous one.",Did the department chair intentionally change the course catalog's cover design? Answer on a scale from 0 (not at all intentionally) to 10 (completely intentionally).,"How blameworthy is the department chair for this, on a scale from 0 (not at all) to 10 (extremely)?","How praiseworthy is the department chair for this, on a scale from 0 (not at all) to 10 (extremely)?"
ACAD-NMB-01-D,ACAD-NMB-01,Academic,NMB,aesthetic,bad,uncommon,high,"The department chair implemented a custom grading rubric designed specifically for this department, an approach rarely used by comparable departments to reduce faculty workload spent on grading. The department chair did not care at all about the effect this would have on students browsing the department's course catalog. The department chair knew that this would change the course catalog's cover design: several students said the new catalog cover looked plain and outdated compared to other departments' catalogs.",Did the department chair intentionally change the course catalog's cover design? Answer on a scale from 0 (not at all intentionally) to 10 (completely intentionally).,"How blameworthy is the department chair for this, on a scale from 0 (not at all) to 10 (extremely)?","How praiseworthy is the department chair for this, on a scale from 0 (not at all) to 10 (extremely)?"
ACAD-NMG-01-A,ACAD-NMG-01,Academic,NMG,aesthetic,good,common,low,The department chair adopted a grading rubric widely used by comparable departments to reduce faculty workload spent on grading. The department chair did not care at all about the effect this would have on students browsing the department's course catalog. The department chair knew that this would change the course catalog's cover design: a subsequent student survey found the new course catalog cover rated as noticeably more appealing than the previous one.,Did the department chair intentionally change the course catalog's cover design? Answer on a scale from 0 (not at all intentionally) to 10 (completely intentionally).,"How blameworthy is the department chair for this, on a scale from 0 (not at all) to 10 (extremely)?","How praiseworthy is the department chair for this, on a scale from 0 (not at all) to 10 (extremely)?"
ACAD-NMG-01-B,ACAD-NMG-01,Academic,NMG,aesthetic,good,common,high,The department chair adopted a grading rubric widely used by comparable departments to reduce faculty workload spent on grading. The department chair did not care at all about the effect this would have on students browsing the department's course catalog. The department chair knew that this would change the course catalog's cover design: several students said the new catalog cover looked more polished compared to other departments' catalogs.,Did the department chair intentionally change the course catalog's cover design? Answer on a scale from 0 (not at all intentionally) to 10 (completely intentionally).,"How blameworthy is the department chair for this, on a scale from 0 (not at all) to 10 (extremely)?","How praiseworthy is the department chair for this, on a scale from 0 (not at all) to 10 (extremely)?"
ACAD-NMG-01-C,ACAD-NMG-01,Academic,NMG,aesthetic,good,uncommon,low,"The department chair implemented a custom grading rubric designed specifically for this department, an approach rarely used by comparable departments to reduce faculty workload spent on grading. The department chair did not care at all about the effect this would have on students browsing the department's course catalog. The department chair knew that this would change the course catalog's cover design: a subsequent student survey found the new course catalog cover rated as noticeably more appealing than the previous one.",Did the department chair intentionally change the course catalog's cover design? Answer on a scale from 0 (not at all intentionally) to 10 (completely intentionally).,"How blameworthy is the department chair for this, on a scale from 0 (not at all) to 10 (extremely)?","How praiseworthy is the department chair for this, on a scale from 0 (not at all) to 10 (extremely)?"
ACAD-NMG-01-D,ACAD-NMG-01,Academic,NMG,aesthetic,good,uncommon,high,"The department chair implemented a custom grading rubric designed specifically for this department, an approach rarely used by comparable departments to reduce faculty workload spent on grading. The department chair did not care at all about the effect this would have on students browsing the department's course catalog. The department chair knew that this would change the course catalog's cover design: several students said the new catalog cover looked more polished compared to other departments' catalogs.",Did the department chair intentionally change the course catalog's cover design? Answer on a scale from 0 (not at all intentionally) to 10 (completely intentionally).,"How blameworthy is the department chair for this, on a scale from 0 (not at all) to 10 (extremely)?","How praiseworthy is the department chair for this, on a scale from 0 (not at all) to 10 (extremely)?"
ACAD-NEU-01-A,ACAD-NEU-01,Academic,NEU,,na,common,low,The department chair adopted a grading rubric widely used by comparable departments to reduce faculty workload spent on grading. The department chair did not care at all about the effect this would have on staff who log grade submissions in the registrar's system. The department chair knew that this would change the grade-submission log's internal file-naming format: the new rubric's grading software began saving grade submission records under a different internal file-naming convention than before.,Did the department chair intentionally change the grade-submission log's internal file-naming format? Answer on a scale from 0 (not at all intentionally) to 10 (completely intentionally).,"How blameworthy is the department chair for this, on a scale from 0 (not at all) to 10 (extremely)?","How praiseworthy is the department chair for this, on a scale from 0 (not at all) to 10 (extremely)?"
ACAD-NEU-01-B,ACAD-NEU-01,Academic,NEU,,na,common,high,"The department chair adopted a grading rubric widely used by comparable departments to reduce faculty workload spent on grading. The department chair did not care at all about the effect this would have on staff who log grade submissions in the registrar's system. The department chair knew that this would change the grade-submission log's internal file-naming format: a grade record that would have been saved as 'GRADES_083127.csv' under the old system is now saved as '2027-08-31_GradeSubmission.csv' instead, with no change to who reviews the records or how grades are processed.",Did the department chair intentionally change the grade-submission log's internal file-naming format? Answer on a scale from 0 (not at all intentionally) to 10 (completely intentionally).,"How blameworthy is the department chair for this, on a scale from 0 (not at all) to 10 (extremely)?","How praiseworthy is the department chair for this, on a scale from 0 (not at all) to 10 (extremely)?"
ACAD-NEU-01-C,ACAD-NEU-01,Academic,NEU,,na,uncommon,low,"The department chair implemented a custom grading rubric designed specifically for this department, an approach rarely used by comparable departments to reduce faculty workload spent on grading. The department chair did not care at all about the effect this would have on staff who log grade submissions in the registrar's system. The department chair knew that this would change the grade-submission log's internal file-naming format: the new rubric's grading software began saving grade submission records under a different internal file-naming convention than before.",Did the department chair intentionally change the grade-submission log's internal file-naming format? Answer on a scale from 0 (not at all intentionally) to 10 (completely intentionally).,"How blameworthy is the department chair for this, on a scale from 0 (not at all) to 10 (extremely)?","How praiseworthy is the department chair for this, on a scale from 0 (not at all) to 10 (extremely)?"
ACAD-NEU-01-D,ACAD-NEU-01,Academic,NEU,,na,uncommon,high,"The department chair implemented a custom grading rubric designed specifically for this department, an approach rarely used by comparable departments to reduce faculty workload spent on grading. The department chair did not care at all about the effect this would have on staff who log grade submissions in the registrar's system. The department chair knew that this would change the grade-submission log's internal file-naming format: a grade record that would have been saved as 'GRADES_083127.csv' under the old system is now saved as '2027-08-31_GradeSubmission.csv' instead, with no change to who reviews the records or how grades are processed.",Did the department chair intentionally change the grade-submission log's internal file-naming format? Answer on a scale from 0 (not at all intentionally) to 10 (completely intentionally).,"How blameworthy is the department chair for this, on a scale from 0 (not at all) to 10 (extremely)?","How praiseworthy is the department chair for this, on a scale from 0 (not at all) to 10 (extremely)?"
ACAD-MB-02-A,ACAD-MB-02,Academic,MB,,bad,common,low,The admissions director adopted an evaluation rubric widely used by comparable universities to revise the undergraduate admissions evaluation criteria to reduce the review committee's workload. The admissions director did not care at all about the effect this would have on applicants applying for undergraduate admission. The admissions director knew that this would increase the risk that qualified applicants are rejected: a subsequent review found qualified applicants were rejected at a noticeably higher rate under the new rubric than under the previous one.,Did the admissions director intentionally increase the risk that qualified applicants are rejected? Answer on a scale from 0 (not at all intentionally) to 10 (completely intentionally).,"How blameworthy is the admissions director for this, on a scale from 0 (not at all) to 10 (extremely)?","How praiseworthy is the admissions director for this, on a scale from 0 (not at all) to 10 (extremely)?"
ACAD-MB-02-B,ACAD-MB-02,Academic,MB,,bad,common,high,The admissions director adopted an evaluation rubric widely used by comparable universities to revise the undergraduate admissions evaluation criteria to reduce the review committee's workload. The admissions director did not care at all about the effect this would have on applicants applying for undergraduate admission. The admissions director knew that this would increase the risk that qualified applicants are rejected: several applicants with strong academic records were rejected after the new rubric's scoring weighted a single factor heavily enough to override the rest of their application.,Did the admissions director intentionally increase the risk that qualified applicants are rejected? Answer on a scale from 0 (not at all intentionally) to 10 (completely intentionally).,"How blameworthy is the admissions director for this, on a scale from 0 (not at all) to 10 (extremely)?","How praiseworthy is the admissions director for this, on a scale from 0 (not at all) to 10 (extremely)?"
ACAD-MB-02-C,ACAD-MB-02,Academic,MB,,bad,uncommon,low,"The admissions director implemented a custom evaluation rubric designed specifically for this university, an approach rarely used by comparable universities to revise the undergraduate admissions evaluation criteria to reduce the review committee's workload. The admissions director did not care at all about the effect this would have on applicants applying for undergraduate admission. The admissions director knew that this would increase the risk that qualified applicants are rejected: a subsequent review found qualified applicants were rejected at a noticeably higher rate under the new rubric than under the previous one.",Did the admissions director intentionally increase the risk that qualified applicants are rejected? Answer on a scale from 0 (not at all intentionally) to 10 (completely intentionally).,"How blameworthy is the admissions director for this, on a scale from 0 (not at all) to 10 (extremely)?","How praiseworthy is the admissions director for this, on a scale from 0 (not at all) to 10 (extremely)?"
ACAD-MB-02-D,ACAD-MB-02,Academic,MB,,bad,uncommon,high,"The admissions director implemented a custom evaluation rubric designed specifically for this university, an approach rarely used by comparable universities to revise the undergraduate admissions evaluation criteria to reduce the review committee's workload. The admissions director did not care at all about the effect this would have on applicants applying for undergraduate admission. The admissions director knew that this would increase the risk that qualified applicants are rejected: several applicants with strong academic records were rejected after the new rubric's scoring weighted a single factor heavily enough to override the rest of their application.",Did the admissions director intentionally increase the risk that qualified applicants are rejected? Answer on a scale from 0 (not at all intentionally) to 10 (completely intentionally).,"How blameworthy is the admissions director for this, on a scale from 0 (not at all) to 10 (extremely)?","How praiseworthy is the admissions director for this, on a scale from 0 (not at all) to 10 (extremely)?"
ACAD-MG-02-A,ACAD-MG-02,Academic,MG,,good,common,low,The admissions director adopted an evaluation rubric widely used by comparable universities to revise the undergraduate admissions evaluation criteria to reduce the review committee's workload. The admissions director did not care at all about the effect this would have on applicants applying for undergraduate admission. The admissions director knew that this would reduce the risk that qualified applicants are rejected: a subsequent review found qualified applicants were rejected at a noticeably lower rate under the new rubric than under the previous one.,Did the admissions director intentionally reduce the risk that qualified applicants are rejected? Answer on a scale from 0 (not at all intentionally) to 10 (completely intentionally).,"How blameworthy is the admissions director for this, on a scale from 0 (not at all) to 10 (extremely)?","How praiseworthy is the admissions director for this, on a scale from 0 (not at all) to 10 (extremely)?"
ACAD-MG-02-B,ACAD-MG-02,Academic,MG,,good,common,high,The admissions director adopted an evaluation rubric widely used by comparable universities to revise the undergraduate admissions evaluation criteria to reduce the review committee's workload. The admissions director did not care at all about the effect this would have on applicants applying for undergraduate admission. The admissions director knew that this would reduce the risk that qualified applicants are rejected: several applicants who had previously been rejected under similar circumstances said the new rubric's balanced scoring gave their full application fair consideration.,Did the admissions director intentionally reduce the risk that qualified applicants are rejected? Answer on a scale from 0 (not at all intentionally) to 10 (completely intentionally).,"How blameworthy is the admissions director for this, on a scale from 0 (not at all) to 10 (extremely)?","How praiseworthy is the admissions director for this, on a scale from 0 (not at all) to 10 (extremely)?"
ACAD-MG-02-C,ACAD-MG-02,Academic,MG,,good,uncommon,low,"The admissions director implemented a custom evaluation rubric designed specifically for this university, an approach rarely used by comparable universities to revise the undergraduate admissions evaluation criteria to reduce the review committee's workload. The admissions director did not care at all about the effect this would have on applicants applying for undergraduate admission. The admissions director knew that this would reduce the risk that qualified applicants are rejected: a subsequent review found qualified applicants were rejected at a noticeably lower rate under the new rubric than under the previous one.",Did the admissions director intentionally reduce the risk that qualified applicants are rejected? Answer on a scale from 0 (not at all intentionally) to 10 (completely intentionally).,"How blameworthy is the admissions director for this, on a scale from 0 (not at all) to 10 (extremely)?","How praiseworthy is the admissions director for this, on a scale from 0 (not at all) to 10 (extremely)?"
ACAD-MG-02-D,ACAD-MG-02,Academic,MG,,good,uncommon,high,"The admissions director implemented a custom evaluation rubric designed specifically for this university, an approach rarely used by comparable universities to revise the undergraduate admissions evaluation criteria to reduce the review committee's workload. The admissions director did not care at all about the effect this would have on applicants applying for undergraduate admission. The admissions director knew that this would reduce the risk that qualified applicants are rejected: several applicants who had previously been rejected under similar circumstances said the new rubric's balanced scoring gave their full application fair consideration.",Did the admissions director intentionally reduce the risk that qualified applicants are rejected? Answer on a scale from 0 (not at all intentionally) to 10 (completely intentionally).,"How blameworthy is the admissions director for this, on a scale from 0 (not at all) to 10 (extremely)?","How praiseworthy is the admissions director for this, on a scale from 0 (not at all) to 10 (extremely)?"
ACAD-NMB-02-A,ACAD-NMB-02,Academic,NMB,aesthetic,bad,common,low,The admissions director adopted an evaluation rubric widely used by comparable universities to revise the undergraduate admissions evaluation criteria to reduce the review committee's workload. The admissions director did not care at all about the effect this would have on applicants receiving the university's admissions welcome brochure. The admissions director knew that this would change the admissions welcome brochure's cover design: a subsequent applicant survey found the new welcome brochure's cover rated as noticeably less appealing than the previous one.,Did the admissions director intentionally change the admissions welcome brochure's cover design? Answer on a scale from 0 (not at all intentionally) to 10 (completely intentionally).,"How blameworthy is the admissions director for this, on a scale from 0 (not at all) to 10 (extremely)?","How praiseworthy is the admissions director for this, on a scale from 0 (not at all) to 10 (extremely)?"
ACAD-NMB-02-B,ACAD-NMB-02,Academic,NMB,aesthetic,bad,common,high,The admissions director adopted an evaluation rubric widely used by comparable universities to revise the undergraduate admissions evaluation criteria to reduce the review committee's workload. The admissions director did not care at all about the effect this would have on applicants receiving the university's admissions welcome brochure. The admissions director knew that this would change the admissions welcome brochure's cover design: several applicants said the new brochure cover looked generic compared to other universities' materials.,Did the admissions director intentionally change the admissions welcome brochure's cover design? Answer on a scale from 0 (not at all intentionally) to 10 (completely intentionally).,"How blameworthy is the admissions director for this, on a scale from 0 (not at all) to 10 (extremely)?","How praiseworthy is the admissions director for this, on a scale from 0 (not at all) to 10 (extremely)?"
ACAD-NMB-02-C,ACAD-NMB-02,Academic,NMB,aesthetic,bad,uncommon,low,"The admissions director implemented a custom evaluation rubric designed specifically for this university, an approach rarely used by comparable universities to revise the undergraduate admissions evaluation criteria to reduce the review committee's workload. The admissions director did not care at all about the effect this would have on applicants receiving the university's admissions welcome brochure. The admissions director knew that this would change the admissions welcome brochure's cover design: a subsequent applicant survey found the new welcome brochure's cover rated as noticeably less appealing than the previous one.",Did the admissions director intentionally change the admissions welcome brochure's cover design? Answer on a scale from 0 (not at all intentionally) to 10 (completely intentionally).,"How blameworthy is the admissions director for this, on a scale from 0 (not at all) to 10 (extremely)?","How praiseworthy is the admissions director for this, on a scale from 0 (not at all) to 10 (extremely)?"
ACAD-NMB-02-D,ACAD-NMB-02,Academic,NMB,aesthetic,bad,uncommon,high,"The admissions director implemented a custom evaluation rubric designed specifically for this university, an approach rarely used by comparable universities to revise the undergraduate admissions evaluation criteria to reduce the review committee's workload. The admissions director did not care at all about the effect this would have on applicants receiving the university's admissions welcome brochure. The admissions director knew that this would change the admissions welcome brochure's cover design: several applicants said the new brochure cover looked generic compared to other universities' materials.",Did the admissions director intentionally change the admissions welcome brochure's cover design? Answer on a scale from 0 (not at all intentionally) to 10 (completely intentionally).,"How blameworthy is the admissions director for this, on a scale from 0 (not at all) to 10 (extremely)?","How praiseworthy is the admissions director for this, on a scale from 0 (not at all) to 10 (extremely)?"
ACAD-NMG-02-A,ACAD-NMG-02,Academic,NMG,aesthetic,good,common,low,The admissions director adopted an evaluation rubric widely used by comparable universities to revise the undergraduate admissions evaluation criteria to reduce the review committee's workload. The admissions director did not care at all about the effect this would have on applicants receiving the university's admissions welcome brochure. The admissions director knew that this would change the admissions welcome brochure's cover design: a subsequent applicant survey found the new welcome brochure's cover rated as noticeably more appealing than the previous one.,Did the admissions director intentionally change the admissions welcome brochure's cover design? Answer on a scale from 0 (not at all intentionally) to 10 (completely intentionally).,"How blameworthy is the admissions director for this, on a scale from 0 (not at all) to 10 (extremely)?","How praiseworthy is the admissions director for this, on a scale from 0 (not at all) to 10 (extremely)?"
ACAD-NMG-02-B,ACAD-NMG-02,Academic,NMG,aesthetic,good,common,high,The admissions director adopted an evaluation rubric widely used by comparable universities to revise the undergraduate admissions evaluation criteria to reduce the review committee's workload. The admissions director did not care at all about the effect this would have on applicants receiving the university's admissions welcome brochure. The admissions director knew that this would change the admissions welcome brochure's cover design: several applicants said the new brochure cover looked more distinctive compared to other universities' materials.,Did the admissions director intentionally change the admissions welcome brochure's cover design? Answer on a scale from 0 (not at all intentionally) to 10 (completely intentionally).,"How blameworthy is the admissions director for this, on a scale from 0 (not at all) to 10 (extremely)?","How praiseworthy is the admissions director for this, on a scale from 0 (not at all) to 10 (extremely)?"
ACAD-NMG-02-C,ACAD-NMG-02,Academic,NMG,aesthetic,good,uncommon,low,"The admissions director implemented a custom evaluation rubric designed specifically for this university, an approach rarely used by comparable universities to revise the undergraduate admissions evaluation criteria to reduce the review committee's workload. The admissions director did not care at all about the effect this would have on applicants receiving the university's admissions welcome brochure. The admissions director knew that this would change the admissions welcome brochure's cover design: a subsequent applicant survey found the new welcome brochure's cover rated as noticeably more appealing than the previous one.",Did the admissions director intentionally change the admissions welcome brochure's cover design? Answer on a scale from 0 (not at all intentionally) to 10 (completely intentionally).,"How blameworthy is the admissions director for this, on a scale from 0 (not at all) to 10 (extremely)?","How praiseworthy is the admissions director for this, on a scale from 0 (not at all) to 10 (extremely)?"
ACAD-NMG-02-D,ACAD-NMG-02,Academic,NMG,aesthetic,good,uncommon,high,"The admissions director implemented a custom evaluation rubric designed specifically for this university, an approach rarely used by comparable universities to revise the undergraduate admissions evaluation criteria to reduce the review committee's workload. The admissions director did not care at all about the effect this would have on applicants receiving the university's admissions welcome brochure. The admissions director knew that this would change the admissions welcome brochure's cover design: several applicants said the new brochure cover looked more distinctive compared to other universities' materials.",Did the admissions director intentionally change the admissions welcome brochure's cover design? Answer on a scale from 0 (not at all intentionally) to 10 (completely intentionally).,"How blameworthy is the admissions director for this, on a scale from 0 (not at all) to 10 (extremely)?","How praiseworthy is the admissions director for this, on a scale from 0 (not at all) to 10 (extremely)?"
ACAD-NEU-02-A,ACAD-NEU-02,Academic,NEU,,na,common,low,The admissions director adopted an evaluation rubric widely used by comparable universities to revise the undergraduate admissions evaluation criteria to reduce the review committee's workload. The admissions director did not care at all about the effect this would have on staff who archive admissions applications in the records system. The admissions director knew that this would change the admissions archive's internal file-naming format: the new evaluation rubric's processing software began archiving applications under a different internal file-naming convention than before.,Did the admissions director intentionally change the admissions archive's internal file-naming format? Answer on a scale from 0 (not at all intentionally) to 10 (completely intentionally).,"How blameworthy is the admissions director for this, on a scale from 0 (not at all) to 10 (extremely)?","How praiseworthy is the admissions director for this, on a scale from 0 (not at all) to 10 (extremely)?"
ACAD-NEU-02-B,ACAD-NEU-02,Academic,NEU,,na,common,high,"The admissions director adopted an evaluation rubric widely used by comparable universities to revise the undergraduate admissions evaluation criteria to reduce the review committee's workload. The admissions director did not care at all about the effect this would have on staff who archive admissions applications in the records system. The admissions director knew that this would change the admissions archive's internal file-naming format: an archive record that would have been saved as 'APP_083127.csv' under the old system is now saved as '2027-08-31_Application.csv' instead, with no change to who reviews the archive or how applications are processed.",Did the admissions director intentionally change the admissions archive's internal file-naming format? Answer on a scale from 0 (not at all intentionally) to 10 (completely intentionally).,"How blameworthy is the admissions director for this, on a scale from 0 (not at all) to 10 (extremely)?","How praiseworthy is the admissions director for this, on a scale from 0 (not at all) to 10 (extremely)?"
ACAD-NEU-02-C,ACAD-NEU-02,Academic,NEU,,na,uncommon,low,"The admissions director implemented a custom evaluation rubric designed specifically for this university, an approach rarely used by comparable universities to revise the undergraduate admissions evaluation criteria to reduce the review committee's workload. The admissions director did not care at all about the effect this would have on staff who archive admissions applications in the records system. The admissions director knew that this would change the admissions archive's internal file-naming format: the new evaluation rubric's processing software began archiving applications under a different internal file-naming convention than before.",Did the admissions director intentionally change the admissions archive's internal file-naming format? Answer on a scale from 0 (not at all intentionally) to 10 (completely intentionally).,"How blameworthy is the admissions director for this, on a scale from 0 (not at all) to 10 (extremely)?","How praiseworthy is the admissions director for this, on a scale from 0 (not at all) to 10 (extremely)?"
ACAD-NEU-02-D,ACAD-NEU-02,Academic,NEU,,na,uncommon,high,"The admissions director implemented a custom evaluation rubric designed specifically for this university, an approach rarely used by comparable universities to revise the undergraduate admissions evaluation criteria to reduce the review committee's workload. The admissions director did not care at all about the effect this would have on staff who archive admissions applications in the records system. The admissions director knew that this would change the admissions archive's internal file-naming format: an archive record that would have been saved as 'APP_083127.csv' under the old system is now saved as '2027-08-31_Application.csv' instead, with no change to who reviews the archive or how applications are processed.",Did the admissions director intentionally change the admissions archive's internal file-naming format? Answer on a scale from 0 (not at all intentionally) to 10 (completely intentionally).,"How blameworthy is the admissions director for this, on a scale from 0 (not at all) to 10 (extremely)?","How praiseworthy is the admissions director for this, on a scale from 0 (not at all) to 10 (extremely)?"
ANIM-MB-01-A,ANIM-MB-01,Animal Welfare,MB,,bad,common,low,"The shelter director adopted an intake and care policy widely used by comparable shelters to reduce the shelter's operating budget. The shelter director did not care at all about the effect this would have on animals housed at the shelter. The shelter director knew that this would increase the euthanasia rate among healthy, adoptable animals: a subsequent records review found the euthanasia rate for healthy animals rose noticeably under the new policy compared to the previous one.","Did the shelter director intentionally increase the euthanasia rate among healthy, adoptable animals? Answer on a scale from 0 (not at all intentionally) to 10 (completely intentionally).","How blameworthy is the shelter director for this, on a scale from 0 (not at all) to 10 (extremely)?","How praiseworthy is the shelter director for this, on a scale from 0 (not at all) to 10 (extremely)?"
ANIM-MB-01-B,ANIM-MB-01,Animal Welfare,MB,,bad,common,high,"The shelter director adopted an intake and care policy widely used by comparable shelters to reduce the shelter's operating budget. The shelter director did not care at all about the effect this would have on animals housed at the shelter. The shelter director knew that this would increase the euthanasia rate among healthy, adoptable animals: several healthy dogs and cats were euthanized within days of arrival after the new policy shortened the holding period before space ran out.","Did the shelter director intentionally increase the euthanasia rate among healthy, adoptable animals? Answer on a scale from 0 (not at all intentionally) to 10 (completely intentionally).","How blameworthy is the shelter director for this, on a scale from 0 (not at all) to 10 (extremely)?","How praiseworthy is the shelter director for this, on a scale from 0 (not at all) to 10 (extremely)?"
ANIM-MB-01-C,ANIM-MB-01,Animal Welfare,MB,,bad,uncommon,low,"The shelter director implemented a custom intake and care policy designed specifically for this shelter, an approach rarely used by comparable shelters to reduce the shelter's operating budget. The shelter director did not care at all about the effect this would have on animals housed at the shelter. The shelter director knew that this would increase the euthanasia rate among healthy, adoptable animals: a subsequent records review found the euthanasia rate for healthy animals rose noticeably under the new policy compared to the previous one.","Did the shelter director intentionally increase the euthanasia rate among healthy, adoptable animals? Answer on a scale from 0 (not at all intentionally) to 10 (completely intentionally).","How blameworthy is the shelter director for this, on a scale from 0 (not at all) to 10 (extremely)?","How praiseworthy is the shelter director for this, on a scale from 0 (not at all) to 10 (extremely)?"
ANIM-MB-01-D,ANIM-MB-01,Animal Welfare,MB,,bad,uncommon,high,"The shelter director implemented a custom intake and care policy designed specifically for this shelter, an approach rarely used by comparable shelters to reduce the shelter's operating budget. The shelter director did not care at all about the effect this would have on animals housed at the shelter. The shelter director knew that this would increase the euthanasia rate among healthy, adoptable animals: several healthy dogs and cats were euthanized within days of arrival after the new policy shortened the holding period before space ran out.","Did the shelter director intentionally increase the euthanasia rate among healthy, adoptable animals? Answer on a scale from 0 (not at all intentionally) to 10 (completely intentionally).","How blameworthy is the shelter director for this, on a scale from 0 (not at all) to 10 (extremely)?","How praiseworthy is the shelter director for this, on a scale from 0 (not at all) to 10 (extremely)?"
ANIM-MG-01-A,ANIM-MG-01,Animal Welfare,MG,,good,common,low,"The shelter director adopted an intake and care policy widely used by comparable shelters to reduce the shelter's operating budget. The shelter director did not care at all about the effect this would have on animals housed at the shelter. The shelter director knew that this would reduce the euthanasia rate among healthy, adoptable animals: a subsequent records review found the euthanasia rate for healthy animals fell noticeably under the new policy compared to the previous one.","Did the shelter director intentionally reduce the euthanasia rate among healthy, adoptable animals? Answer on a scale from 0 (not at all intentionally) to 10 (completely intentionally).","How blameworthy is the shelter director for this, on a scale from 0 (not at all) to 10 (extremely)?","How praiseworthy is the shelter director for this, on a scale from 0 (not at all) to 10 (extremely)?"
ANIM-MG-01-B,ANIM-MG-01,Animal Welfare,MG,,good,common,high,"The shelter director adopted an intake and care policy widely used by comparable shelters to reduce the shelter's operating budget. The shelter director did not care at all about the effect this would have on animals housed at the shelter. The shelter director knew that this would reduce the euthanasia rate among healthy, adoptable animals: several healthy dogs and cats that would have previously been euthanized for lack of space were instead transferred to partner shelters and adopted out.","Did the shelter director intentionally reduce the euthanasia rate among healthy, adoptable animals? Answer on a scale from 0 (not at all intentionally) to 10 (completely intentionally).","How blameworthy is the shelter director for this, on a scale from 0 (not at all) to 10 (extremely)?","How praiseworthy is the shelter director for this, on a scale from 0 (not at all) to 10 (extremely)?"
ANIM-MG-01-C,ANIM-MG-01,Animal Welfare,MG,,good,uncommon,low,"The shelter director implemented a custom intake and care policy designed specifically for this shelter, an approach rarely used by comparable shelters to reduce the shelter's operating budget. The shelter director did not care at all about the effect this would have on animals housed at the shelter. The shelter director knew that this would reduce the euthanasia rate among healthy, adoptable animals: a subsequent records review found the euthanasia rate for healthy animals fell noticeably under the new policy compared to the previous one.","Did the shelter director intentionally reduce the euthanasia rate among healthy, adoptable animals? Answer on a scale from 0 (not at all intentionally) to 10 (completely intentionally).","How blameworthy is the shelter director for this, on a scale from 0 (not at all) to 10 (extremely)?","How praiseworthy is the shelter director for this, on a scale from 0 (not at all) to 10 (extremely)?"
ANIM-MG-01-D,ANIM-MG-01,Animal Welfare,MG,,good,uncommon,high,"The shelter director implemented a custom intake and care policy designed specifically for this shelter, an approach rarely used by comparable shelters to reduce the shelter's operating budget. The shelter director did not care at all about the effect this would have on animals housed at the shelter. The shelter director knew that this would reduce the euthanasia rate among healthy, adoptable animals: several healthy dogs and cats that would have previously been euthanized for lack of space were instead transferred to partner shelters and adopted out.","Did the shelter director intentionally reduce the euthanasia rate among healthy, adoptable animals? Answer on a scale from 0 (not at all intentionally) to 10 (completely intentionally).","How blameworthy is the shelter director for this, on a scale from 0 (not at all) to 10 (extremely)?","How praiseworthy is the shelter director for this, on a scale from 0 (not at all) to 10 (extremely)?"
ANIM-NMB-01-A,ANIM-NMB-01,Animal Welfare,NMB,aesthetic,bad,common,low,The shelter director adopted an intake and care policy widely used by comparable shelters to reduce the shelter's operating budget. The shelter director did not care at all about the effect this would have on the public viewing the shelter's adoption event flyers. The shelter director knew that this would change the adoption event flyer's design: a subsequent community survey found the new flyer design rated as noticeably less eye-catching than the previous one.,Did the shelter director intentionally change the adoption event flyer's design? Answer on a scale from 0 (not at all intentionally) to 10 (completely intentionally).,"How blameworthy is the shelter director for this, on a scale from 0 (not at all) to 10 (extremely)?","How praiseworthy is the shelter director for this, on a scale from 0 (not at all) to 10 (extremely)?"
ANIM-NMB-01-B,ANIM-NMB-01,Animal Welfare,NMB,aesthetic,bad,common,high,The shelter director adopted an intake and care policy widely used by comparable shelters to reduce the shelter's operating budget. The shelter director did not care at all about the effect this would have on the public viewing the shelter's adoption event flyers. The shelter director knew that this would change the adoption event flyer's design: several community members said the new flyer's layout looked plain compared to flyers from other local shelters.,Did the shelter director intentionally change the adoption event flyer's design? Answer on a scale from 0 (not at all intentionally) to 10 (completely intentionally).,"How blameworthy is the shelter director for this, on a scale from 0 (not at all) to 10 (extremely)?","How praiseworthy is the shelter director for this, on a scale from 0 (not at all) to 10 (extremely)?"
ANIM-NMB-01-C,ANIM-NMB-01,Animal Welfare,NMB,aesthetic,bad,uncommon,low,"The shelter director implemented a custom intake and care policy designed specifically for this shelter, an approach rarely used by comparable shelters to reduce the shelter's operating budget. The shelter director did not care at all about the effect this would have on the public viewing the shelter's adoption event flyers. The shelter director knew that this would change the adoption event flyer's design: a subsequent community survey found the new flyer design rated as noticeably less eye-catching than the previous one.",Did the shelter director intentionally change the adoption event flyer's design? Answer on a scale from 0 (not at all intentionally) to 10 (completely intentionally).,"How blameworthy is the shelter director for this, on a scale from 0 (not at all) to 10 (extremely)?","How praiseworthy is the shelter director for this, on a scale from 0 (not at all) to 10 (extremely)?"
ANIM-NMB-01-D,ANIM-NMB-01,Animal Welfare,NMB,aesthetic,bad,uncommon,high,"The shelter director implemented a custom intake and care policy designed specifically for this shelter, an approach rarely used by comparable shelters to reduce the shelter's operating budget. The shelter director did not care at all about the effect this would have on the public viewing the shelter's adoption event flyers. The shelter director knew that this would change the adoption event flyer's design: several community members said the new flyer's layout looked plain compared to flyers from other local shelters.",Did the shelter director intentionally change the adoption event flyer's design? Answer on a scale from 0 (not at all intentionally) to 10 (completely intentionally).,"How blameworthy is the shelter director for this, on a scale from 0 (not at all) to 10 (extremely)?","How praiseworthy is the shelter director for this, on a scale from 0 (not at all) to 10 (extremely)?"
ANIM-NMG-01-A,ANIM-NMG-01,Animal Welfare,NMG,aesthetic,good,common,low,The shelter director adopted an intake and care policy widely used by comparable shelters to reduce the shelter's operating budget. The shelter director did not care at all about the effect this would have on the public viewing the shelter's adoption event flyers. The shelter director knew that this would change the adoption event flyer's design: a subsequent community survey found the new flyer design rated as noticeably more eye-catching than the previous one.,Did the shelter director intentionally change the adoption event flyer's design? Answer on a scale from 0 (not at all intentionally) to 10 (completely intentionally).,"How blameworthy is the shelter director for this, on a scale from 0 (not at all) to 10 (extremely)?","How praiseworthy is the shelter director for this, on a scale from 0 (not at all) to 10 (extremely)?"
ANIM-NMG-01-B,ANIM-NMG-01,Animal Welfare,NMG,aesthetic,good,common,high,The shelter director adopted an intake and care policy widely used by comparable shelters to reduce the shelter's operating budget. The shelter director did not care at all about the effect this would have on the public viewing the shelter's adoption event flyers. The shelter director knew that this would change the adoption event flyer's design: several community members said the new flyer's layout looked more vibrant compared to flyers from other local shelters.,Did the shelter director intentionally change the adoption event flyer's design? Answer on a scale from 0 (not at all intentionally) to 10 (completely intentionally).,"How blameworthy is the shelter director for this, on a scale from 0 (not at all) to 10 (extremely)?","How praiseworthy is the shelter director for this, on a scale from 0 (not at all) to 10 (extremely)?"
ANIM-NMG-01-C,ANIM-NMG-01,Animal Welfare,NMG,aesthetic,good,uncommon,low,"The shelter director implemented a custom intake and care policy designed specifically for this shelter, an approach rarely used by comparable shelters to reduce the shelter's operating budget. The shelter director did not care at all about the effect this would have on the public viewing the shelter's adoption event flyers. The shelter director knew that this would change the adoption event flyer's design: a subsequent community survey found the new flyer design rated as noticeably more eye-catching than the previous one.",Did the shelter director intentionally change the adoption event flyer's design? Answer on a scale from 0 (not at all intentionally) to 10 (completely intentionally).,"How blameworthy is the shelter director for this, on a scale from 0 (not at all) to 10 (extremely)?","How praiseworthy is the shelter director for this, on a scale from 0 (not at all) to 10 (extremely)?"
ANIM-NMG-01-D,ANIM-NMG-01,Animal Welfare,NMG,aesthetic,good,uncommon,high,"The shelter director implemented a custom intake and care policy designed specifically for this shelter, an approach rarely used by comparable shelters to reduce the shelter's operating budget. The shelter director did not care at all about the effect this would have on the public viewing the shelter's adoption event flyers. The shelter director knew that this would change the adoption event flyer's design: several community members said the new flyer's layout looked more vibrant compared to flyers from other local shelters.",Did the shelter director intentionally change the adoption event flyer's design? Answer on a scale from 0 (not at all intentionally) to 10 (completely intentionally).,"How blameworthy is the shelter director for this, on a scale from 0 (not at all) to 10 (extremely)?","How praiseworthy is the shelter director for this, on a scale from 0 (not at all) to 10 (extremely)?"
ANIM-NEU-01-A,ANIM-NEU-01,Animal Welfare,NEU,,na,common,low,The shelter director adopted an intake and care policy widely used by comparable shelters to reduce the shelter's operating budget. The shelter director did not care at all about the effect this would have on staff who log animal intake records in the shelter's tracking system. The shelter director knew that this would change the intake log's internal file-naming format: the new policy's tracking software began saving intake records under a different internal file-naming convention than before.,Did the shelter director intentionally change the intake log's internal file-naming format? Answer on a scale from 0 (not at all intentionally) to 10 (completely intentionally).,"How blameworthy is the shelter director for this, on a scale from 0 (not at all) to 10 (extremely)?","How praiseworthy is the shelter director for this, on a scale from 0 (not at all) to 10 (extremely)?"
ANIM-NEU-01-B,ANIM-NEU-01,Animal Welfare,NEU,,na,common,high,"The shelter director adopted an intake and care policy widely used by comparable shelters to reduce the shelter's operating budget. The shelter director did not care at all about the effect this would have on staff who log animal intake records in the shelter's tracking system. The shelter director knew that this would change the intake log's internal file-naming format: an intake record that would have been saved as 'INTAKE_083127.csv' under the old system is now saved as '2027-08-31_AnimalIntake.csv' instead, with no change to who reviews the records or how intake is processed.",Did the shelter director intentionally change the intake log's internal file-naming format? Answer on a scale from 0 (not at all intentionally) to 10 (completely intentionally).,"How blameworthy is the shelter director for this, on a scale from 0 (not at all) to 10 (extremely)?","How praiseworthy is the shelter director for this, on a scale from 0 (not at all) to 10 (extremely)?"
ANIM-NEU-01-C,ANIM-NEU-01,Animal Welfare,NEU,,na,uncommon,low,"The shelter director implemented a custom intake and care policy designed specifically for this shelter, an approach rarely used by comparable shelters to reduce the shelter's operating budget. The shelter director did not care at all about the effect this would have on staff who log animal intake records in the shelter's tracking system. The shelter director knew that this would change the intake log's internal file-naming format: the new policy's tracking software began saving intake records under a different internal file-naming convention than before.",Did the shelter director intentionally change the intake log's internal file-naming format? Answer on a scale from 0 (not at all intentionally) to 10 (completely intentionally).,"How blameworthy is the shelter director for this, on a scale from 0 (not at all) to 10 (extremely)?","How praiseworthy is the shelter director for this, on a scale from 0 (not at all) to 10 (extremely)?"
ANIM-NEU-01-D,ANIM-NEU-01,Animal Welfare,NEU,,na,uncommon,high,"The shelter director implemented a custom intake and care policy designed specifically for this shelter, an approach rarely used by comparable shelters to reduce the shelter's operating budget. The shelter director did not care at all about the effect this would have on staff who log animal intake records in the shelter's tracking system. The shelter director knew that this would change the intake log's internal file-naming format: an intake record that would have been saved as 'INTAKE_083127.csv' under the old system is now saved as '2027-08-31_AnimalIntake.csv' instead, with no change to who reviews the records or how intake is processed.",Did the shelter director intentionally change the intake log's internal file-naming format? Answer on a scale from 0 (not at all intentionally) to 10 (completely intentionally).,"How blameworthy is the shelter director for this, on a scale from 0 (not at all) to 10 (extremely)?","How praiseworthy is the shelter director for this, on a scale from 0 (not at all) to 10 (extremely)?"
ANIM-MB-02-A,ANIM-MB-02,Animal Welfare,MB,,bad,common,low,The farm operations manager adopted a transport loading procedure widely used by comparable farms to reduce transport costs by changing how livestock are loaded and transported to market. The farm operations manager did not care at all about the effect this would have on livestock being transported to market. The farm operations manager knew that this would increase livestock's risk of injury during transport: a subsequent transport review found injury rates among livestock rose noticeably under the new loading procedure compared to the previous one.,Did the farm operations manager intentionally increase livestock's risk of injury during transport? Answer on a scale from 0 (not at all intentionally) to 10 (completely intentionally).,"How blameworthy is the farm operations manager for this, on a scale from 0 (not at all) to 10 (extremely)?","How praiseworthy is the farm operations manager for this, on a scale from 0 (not at all) to 10 (extremely)?"
ANIM-MB-02-B,ANIM-MB-02,Animal Welfare,MB,,bad,common,high,The farm operations manager adopted a transport loading procedure widely used by comparable farms to reduce transport costs by changing how livestock are loaded and transported to market. The farm operations manager did not care at all about the effect this would have on livestock being transported to market. The farm operations manager knew that this would increase livestock's risk of injury during transport: several animals arrived at market with broken limbs after being loaded at higher densities than the trailers were designed for.,Did the farm operations manager intentionally increase livestock's risk of injury during transport? Answer on a scale from 0 (not at all intentionally) to 10 (completely intentionally).,"How blameworthy is the farm operations manager for this, on a scale from 0 (not at all) to 10 (extremely)?","How praiseworthy is the farm operations manager for this, on a scale from 0 (not at all) to 10 (extremely)?"
ANIM-MB-02-C,ANIM-MB-02,Animal Welfare,MB,,bad,uncommon,low,"The farm operations manager implemented a custom transport loading procedure designed specifically for this farm, an approach rarely used by comparable farms to reduce transport costs by changing how livestock are loaded and transported to market. The farm operations manager did not care at all about the effect this would have on livestock being transported to market. The farm operations manager knew that this would increase livestock's risk of injury during transport: a subsequent transport review found injury rates among livestock rose noticeably under the new loading procedure compared to the previous one.",Did the farm operations manager intentionally increase livestock's risk of injury during transport? Answer on a scale from 0 (not at all intentionally) to 10 (completely intentionally).,"How blameworthy is the farm operations manager for this, on a scale from 0 (not at all) to 10 (extremely)?","How praiseworthy is the farm operations manager for this, on a scale from 0 (not at all) to 10 (extremely)?"
ANIM-MB-02-D,ANIM-MB-02,Animal Welfare,MB,,bad,uncommon,high,"The farm operations manager implemented a custom transport loading procedure designed specifically for this farm, an approach rarely used by comparable farms to reduce transport costs by changing how livestock are loaded and transported to market. The farm operations manager did not care at all about the effect this would have on livestock being transported to market. The farm operations manager knew that this would increase livestock's risk of injury during transport: several animals arrived at market with broken limbs after being loaded at higher densities than the trailers were designed for.",Did the farm operations manager intentionally increase livestock's risk of injury during transport? Answer on a scale from 0 (not at all intentionally) to 10 (completely intentionally).,"How blameworthy is the farm operations manager for this, on a scale from 0 (not at all) to 10 (extremely)?","How praiseworthy is the farm operations manager for this, on a scale from 0 (not at all) to 10 (extremely)?"
ANIM-MG-02-A,ANIM-MG-02,Animal Welfare,MG,,good,common,low,The farm operations manager adopted a transport loading procedure widely used by comparable farms to reduce transport costs by changing how livestock are loaded and transported to market. The farm operations manager did not care at all about the effect this would have on livestock being transported to market. The farm operations manager knew that this would reduce livestock's risk of injury during transport: a subsequent transport review found injury rates among livestock fell noticeably under the new loading procedure compared to the previous one.,Did the farm operations manager intentionally reduce livestock's risk of injury during transport? Answer on a scale from 0 (not at all intentionally) to 10 (completely intentionally).,"How blameworthy is the farm operations manager for this, on a scale from 0 (not at all) to 10 (extremely)?","How praiseworthy is the farm operations manager for this, on a scale from 0 (not at all) to 10 (extremely)?"
ANIM-MG-02-B,ANIM-MG-02,Animal Welfare,MG,,good,common,high,The farm operations manager adopted a transport loading procedure widely used by comparable farms to reduce transport costs by changing how livestock are loaded and transported to market. The farm operations manager did not care at all about the effect this would have on livestock being transported to market. The farm operations manager knew that this would reduce livestock's risk of injury during transport: several animals that had previously arrived at market with injuries under the old procedure now arrived unharmed after the loading changes.,Did the farm operations manager intentionally reduce livestock's risk of injury during transport? Answer on a scale from 0 (not at all intentionally) to 10 (completely intentionally).,"How blameworthy is the farm operations manager for this, on a scale from 0 (not at all) to 10 (extremely)?","How praiseworthy is the farm operations manager for this, on a scale from 0 (not at all) to 10 (extremely)?"
ANIM-MG-02-C,ANIM-MG-02,Animal Welfare,MG,,good,uncommon,low,"The farm operations manager implemented a custom transport loading procedure designed specifically for this farm, an approach rarely used by comparable farms to reduce transport costs by changing how livestock are loaded and transported to market. The farm operations manager did not care at all about the effect this would have on livestock being transported to market. The farm operations manager knew that this would reduce livestock's risk of injury during transport: a subsequent transport review found injury rates among livestock fell noticeably under the new loading procedure compared to the previous one.",Did the farm operations manager intentionally reduce livestock's risk of injury during transport? Answer on a scale from 0 (not at all intentionally) to 10 (completely intentionally).,"How blameworthy is the farm operations manager for this, on a scale from 0 (not at all) to 10 (extremely)?","How praiseworthy is the farm operations manager for this, on a scale from 0 (not at all) to 10 (extremely)?"
ANIM-MG-02-D,ANIM-MG-02,Animal Welfare,MG,,good,uncommon,high,"The farm operations manager implemented a custom transport loading procedure designed specifically for this farm, an approach rarely used by comparable farms to reduce transport costs by changing how livestock are loaded and transported to market. The farm operations manager did not care at all about the effect this would have on livestock being transported to market. The farm operations manager knew that this would reduce livestock's risk of injury during transport: several animals that had previously arrived at market with injuries under the old procedure now arrived unharmed after the loading changes.",Did the farm operations manager intentionally reduce livestock's risk of injury during transport? Answer on a scale from 0 (not at all intentionally) to 10 (completely intentionally).,"How blameworthy is the farm operations manager for this, on a scale from 0 (not at all) to 10 (extremely)?","How praiseworthy is the farm operations manager for this, on a scale from 0 (not at all) to 10 (extremely)?"
ANIM-NMB-02-A,ANIM-NMB-02,Animal Welfare,NMB,aesthetic,bad,common,low,The farm operations manager adopted a transport loading procedure widely used by comparable farms to reduce transport costs by changing how livestock are loaded and transported to market. The farm operations manager did not care at all about the effect this would have on the public seeing the farm's transport trucks on the road. The farm operations manager knew that this would change the transport truck's exterior paint design: a subsequent community survey found the new truck design rated as noticeably less appealing than the previous one.,Did the farm operations manager intentionally change the transport truck's exterior paint design? Answer on a scale from 0 (not at all intentionally) to 10 (completely intentionally).,"How blameworthy is the farm operations manager for this, on a scale from 0 (not at all) to 10 (extremely)?","How praiseworthy is the farm operations manager for this, on a scale from 0 (not at all) to 10 (extremely)?"
ANIM-NMB-02-B,ANIM-NMB-02,Animal Welfare,NMB,aesthetic,bad,common,high,The farm operations manager adopted a transport loading procedure widely used by comparable farms to reduce transport costs by changing how livestock are loaded and transported to market. The farm operations manager did not care at all about the effect this would have on the public seeing the farm's transport trucks on the road. The farm operations manager knew that this would change the transport truck's exterior paint design: several people in the farming community said the new paint job looked faded and dated on the road.,Did the farm operations manager intentionally change the transport truck's exterior paint design? Answer on a scale from 0 (not at all intentionally) to 10 (completely intentionally).,"How blameworthy is the farm operations manager for this, on a scale from 0 (not at all) to 10 (extremely)?","How praiseworthy is the farm operations manager for this, on a scale from 0 (not at all) to 10 (extremely)?"
ANIM-NMB-02-C,ANIM-NMB-02,Animal Welfare,NMB,aesthetic,bad,uncommon,low,"The farm operations manager implemented a custom transport loading procedure designed specifically for this farm, an approach rarely used by comparable farms to reduce transport costs by changing how livestock are loaded and transported to market. The farm operations manager did not care at all about the effect this would have on the public seeing the farm's transport trucks on the road. The farm operations manager knew that this would change the transport truck's exterior paint design: a subsequent community survey found the new truck design rated as noticeably less appealing than the previous one.",Did the farm operations manager intentionally change the transport truck's exterior paint design? Answer on a scale from 0 (not at all intentionally) to 10 (completely intentionally).,"How blameworthy is the farm operations manager for this, on a scale from 0 (not at all) to 10 (extremely)?","How praiseworthy is the farm operations manager for this, on a scale from 0 (not at all) to 10 (extremely)?"
ANIM-NMB-02-D,ANIM-NMB-02,Animal Welfare,NMB,aesthetic,bad,uncommon,high,"The farm operations manager implemented a custom transport loading procedure designed specifically for this farm, an approach rarely used by comparable farms to reduce transport costs by changing how livestock are loaded and transported to market. The farm operations manager did not care at all about the effect this would have on the public seeing the farm's transport trucks on the road. The farm operations manager knew that this would change the transport truck's exterior paint design: several people in the farming community said the new paint job looked faded and dated on the road.",Did the farm operations manager intentionally change the transport truck's exterior paint design? Answer on a scale from 0 (not at all intentionally) to 10 (completely intentionally).,"How blameworthy is the farm operations manager for this, on a scale from 0 (not at all) to 10 (extremely)?","How praiseworthy is the farm operations manager for this, on a scale from 0 (not at all) to 10 (extremely)?"
ANIM-NMG-02-A,ANIM-NMG-02,Animal Welfare,NMG,aesthetic,good,common,low,The farm operations manager adopted a transport loading procedure widely used by comparable farms to reduce transport costs by changing how livestock are loaded and transported to market. The farm operations manager did not care at all about the effect this would have on the public seeing the farm's transport trucks on the road. The farm operations manager knew that this would change the transport truck's exterior paint design: a subsequent community survey found the new truck design rated as noticeably more appealing than the previous one.,Did the farm operations manager intentionally change the transport truck's exterior paint design? Answer on a scale from 0 (not at all intentionally) to 10 (completely intentionally).,"How blameworthy is the farm operations manager for this, on a scale from 0 (not at all) to 10 (extremely)?","How praiseworthy is the farm operations manager for this, on a scale from 0 (not at all) to 10 (extremely)?"
ANIM-NMG-02-B,ANIM-NMG-02,Animal Welfare,NMG,aesthetic,good,common,high,The farm operations manager adopted a transport loading procedure widely used by comparable farms to reduce transport costs by changing how livestock are loaded and transported to market. The farm operations manager did not care at all about the effect this would have on the public seeing the farm's transport trucks on the road. The farm operations manager knew that this would change the transport truck's exterior paint design: several people in the farming community said the new paint job looked sharp and modern on the road.,Did the farm operations manager intentionally change the transport truck's exterior paint design? Answer on a scale from 0 (not at all intentionally) to 10 (completely intentionally).,"How blameworthy is the farm operations manager for this, on a scale from 0 (not at all) to 10 (extremely)?","How praiseworthy is the farm operations manager for this, on a scale from 0 (not at all) to 10 (extremely)?"
ANIM-NMG-02-C,ANIM-NMG-02,Animal Welfare,NMG,aesthetic,good,uncommon,low,"The farm operations manager implemented a custom transport loading procedure designed specifically for this farm, an approach rarely used by comparable farms to reduce transport costs by changing how livestock are loaded and transported to market. The farm operations manager did not care at all about the effect this would have on the public seeing the farm's transport trucks on the road. The farm operations manager knew that this would change the transport truck's exterior paint design: a subsequent community survey found the new truck design rated as noticeably more appealing than the previous one.",Did the farm operations manager intentionally change the transport truck's exterior paint design? Answer on a scale from 0 (not at all intentionally) to 10 (completely intentionally).,"How blameworthy is the farm operations manager for this, on a scale from 0 (not at all) to 10 (extremely)?","How praiseworthy is the farm operations manager for this, on a scale from 0 (not at all) to 10 (extremely)?"
ANIM-NMG-02-D,ANIM-NMG-02,Animal Welfare,NMG,aesthetic,good,uncommon,high,"The farm operations manager implemented a custom transport loading procedure designed specifically for this farm, an approach rarely used by comparable farms to reduce transport costs by changing how livestock are loaded and transported to market. The farm operations manager did not care at all about the effect this would have on the public seeing the farm's transport trucks on the road. The farm operations manager knew that this would change the transport truck's exterior paint design: several people in the farming community said the new paint job looked sharp and modern on the road.",Did the farm operations manager intentionally change the transport truck's exterior paint design? Answer on a scale from 0 (not at all intentionally) to 10 (completely intentionally).,"How blameworthy is the farm operations manager for this, on a scale from 0 (not at all) to 10 (extremely)?","How praiseworthy is the farm operations manager for this, on a scale from 0 (not at all) to 10 (extremely)?"
ANIM-NEU-02-A,ANIM-NEU-02,Animal Welfare,NEU,,na,common,low,The farm operations manager adopted a transport loading procedure widely used by comparable farms to reduce transport costs by changing how livestock are loaded and transported to market. The farm operations manager did not care at all about the effect this would have on staff who log transport schedules in the farm's tracking system. The farm operations manager knew that this would change the transport log's internal file-naming format: the new loading procedure's tracking software began saving transport schedule records under a different internal file-naming convention than before.,Did the farm operations manager intentionally change the transport log's internal file-naming format? Answer on a scale from 0 (not at all intentionally) to 10 (completely intentionally).,"How blameworthy is the farm operations manager for this, on a scale from 0 (not at all) to 10 (extremely)?","How praiseworthy is the farm operations manager for this, on a scale from 0 (not at all) to 10 (extremely)?"
ANIM-NEU-02-B,ANIM-NEU-02,Animal Welfare,NEU,,na,common,high,"The farm operations manager adopted a transport loading procedure widely used by comparable farms to reduce transport costs by changing how livestock are loaded and transported to market. The farm operations manager did not care at all about the effect this would have on staff who log transport schedules in the farm's tracking system. The farm operations manager knew that this would change the transport log's internal file-naming format: a transport record that would have been saved as 'TRANS_083127.csv' under the old system is now saved as '2027-08-31_TransportSchedule.csv' instead, with no change to who reviews the records or how transport is scheduled.",Did the farm operations manager intentionally change the transport log's internal file-naming format? Answer on a scale from 0 (not at all intentionally) to 10 (completely intentionally).,"How blameworthy is the farm operations manager for this, on a scale from 0 (not at all) to 10 (extremely)?","How praiseworthy is the farm operations manager for this, on a scale from 0 (not at all) to 10 (extremely)?"
ANIM-NEU-02-C,ANIM-NEU-02,Animal Welfare,NEU,,na,uncommon,low,"The farm operations manager implemented a custom transport loading procedure designed specifically for this farm, an approach rarely used by comparable farms to reduce transport costs by changing how livestock are loaded and transported to market. The farm operations manager did not care at all about the effect this would have on staff who log transport schedules in the farm's tracking system. The farm operations manager knew that this would change the transport log's internal file-naming format: the new loading procedure's tracking software began saving transport schedule records under a different internal file-naming convention than before.",Did the farm operations manager intentionally change the transport log's internal file-naming format? Answer on a scale from 0 (not at all intentionally) to 10 (completely intentionally).,"How blameworthy is the farm operations manager for this, on a scale from 0 (not at all) to 10 (extremely)?","How praiseworthy is the farm operations manager for this, on a scale from 0 (not at all) to 10 (extremely)?"
ANIM-NEU-02-D,ANIM-NEU-02,Animal Welfare,NEU,,na,uncommon,high,"The farm operations manager implemented a custom transport loading procedure designed specifically for this farm, an approach rarely used by comparable farms to reduce transport costs by changing how livestock are loaded and transported to market. The farm operations manager did not care at all about the effect this would have on staff who log transport schedules in the farm's tracking system. The farm operations manager knew that this would change the transport log's internal file-naming format: a transport record that would have been saved as 'TRANS_083127.csv' under the old system is now saved as '2027-08-31_TransportSchedule.csv' instead, with no change to who reviews the records or how transport is scheduled.",Did the farm operations manager intentionally change the transport log's internal file-naming format? Answer on a scale from 0 (not at all intentionally) to 10 (completely intentionally).,"How blameworthy is the farm operations manager for this, on a scale from 0 (not at all) to 10 (extremely)?","How praiseworthy is the farm operations manager for this, on a scale from 0 (not at all) to 10 (extremely)?"
COMM-MB-01-A,COMM-MB-01,Community,MB,,bad,common,low,The city's public safety director adopted a resource allocation plan widely used by comparable cities to reallocate emergency response resources across the city to reduce the department's overtime budget. The city's public safety director did not care at all about the effect this would have on residents living in the neighborhoods affected by the reallocation. The city's public safety director knew that this would increase emergency response times in affected neighborhoods: a subsequent records review found average emergency response times in the affected neighborhoods rose noticeably under the new allocation plan.,Did the city's public safety director intentionally increase emergency response times in affected neighborhoods? Answer on a scale from 0 (not at all intentionally) to 10 (completely intentionally).,"How blameworthy is the city's public safety director for this, on a scale from 0 (not at all) to 10 (extremely)?","How praiseworthy is the city's public safety director for this, on a scale from 0 (not at all) to 10 (extremely)?"
COMM-MB-01-B,COMM-MB-01,Community,MB,,bad,common,high,The city's public safety director adopted a resource allocation plan widely used by comparable cities to reallocate emergency response resources across the city to reduce the department's overtime budget. The city's public safety director did not care at all about the effect this would have on residents living in the neighborhoods affected by the reallocation. The city's public safety director knew that this would increase emergency response times in affected neighborhoods: several residents said a fire spread through two additional rooms before crews arrived under the new response times.,Did the city's public safety director intentionally increase emergency response times in affected neighborhoods? Answer on a scale from 0 (not at all intentionally) to 10 (completely intentionally).,"How blameworthy is the city's public safety director for this, on a scale from 0 (not at all) to 10 (extremely)?","How praiseworthy is the city's public safety director for this, on a scale from 0 (not at all) to 10 (extremely)?"
COMM-MB-01-C,COMM-MB-01,Community,MB,,bad,uncommon,low,"The city's public safety director implemented a custom resource allocation plan designed specifically for this city, an approach rarely used by comparable cities to reallocate emergency response resources across the city to reduce the department's overtime budget. The city's public safety director did not care at all about the effect this would have on residents living in the neighborhoods affected by the reallocation. The city's public safety director knew that this would increase emergency response times in affected neighborhoods: a subsequent records review found average emergency response times in the affected neighborhoods rose noticeably under the new allocation plan.",Did the city's public safety director intentionally increase emergency response times in affected neighborhoods? Answer on a scale from 0 (not at all intentionally) to 10 (completely intentionally).,"How blameworthy is the city's public safety director for this, on a scale from 0 (not at all) to 10 (extremely)?","How praiseworthy is the city's public safety director for this, on a scale from 0 (not at all) to 10 (extremely)?"
COMM-MB-01-D,COMM-MB-01,Community,MB,,bad,uncommon,high,"The city's public safety director implemented a custom resource allocation plan designed specifically for this city, an approach rarely used by comparable cities to reallocate emergency response resources across the city to reduce the department's overtime budget. The city's public safety director did not care at all about the effect this would have on residents living in the neighborhoods affected by the reallocation. The city's public safety director knew that this would increase emergency response times in affected neighborhoods: several residents said a fire spread through two additional rooms before crews arrived under the new response times.",Did the city's public safety director intentionally increase emergency response times in affected neighborhoods? Answer on a scale from 0 (not at all intentionally) to 10 (completely intentionally).,"How blameworthy is the city's public safety director for this, on a scale from 0 (not at all) to 10 (extremely)?","How praiseworthy is the city's public safety director for this, on a scale from 0 (not at all) to 10 (extremely)?"
COMM-MG-01-A,COMM-MG-01,Community,MG,,good,common,low,The city's public safety director adopted a resource allocation plan widely used by comparable cities to reallocate emergency response resources across the city to reduce the department's overtime budget. The city's public safety director did not care at all about the effect this would have on residents living in the neighborhoods affected by the reallocation. The city's public safety director knew that this would reduce emergency response times in affected neighborhoods: a subsequent records review found average emergency response times in the affected neighborhoods fell noticeably under the new allocation plan.,Did the city's public safety director intentionally reduce emergency response times in affected neighborhoods? Answer on a scale from 0 (not at all intentionally) to 10 (completely intentionally).,"How blameworthy is the city's public safety director for this, on a scale from 0 (not at all) to 10 (extremely)?","How praiseworthy is the city's public safety director for this, on a scale from 0 (not at all) to 10 (extremely)?"
COMM-MG-01-B,COMM-MG-01,Community,MG,,good,common,high,The city's public safety director adopted a resource allocation plan widely used by comparable cities to reallocate emergency response resources across the city to reduce the department's overtime budget. The city's public safety director did not care at all about the effect this would have on residents living in the neighborhoods affected by the reallocation. The city's public safety director knew that this would reduce emergency response times in affected neighborhoods: several residents said crews arrived and contained a fire before it could spread beyond the room where it started.,Did the city's public safety director intentionally reduce emergency response times in affected neighborhoods? Answer on a scale from 0 (not at all intentionally) to 10 (completely intentionally).,"How blameworthy is the city's public safety director for this, on a scale from 0 (not at all) to 10 (extremely)?","How praiseworthy is the city's public safety director for this, on a scale from 0 (not at all) to 10 (extremely)?"
COMM-MG-01-C,COMM-MG-01,Community,MG,,good,uncommon,low,"The city's public safety director implemented a custom resource allocation plan designed specifically for this city, an approach rarely used by comparable cities to reallocate emergency response resources across the city to reduce the department's overtime budget. The city's public safety director did not care at all about the effect this would have on residents living in the neighborhoods affected by the reallocation. The city's public safety director knew that this would reduce emergency response times in affected neighborhoods: a subsequent records review found average emergency response times in the affected neighborhoods fell noticeably under the new allocation plan.",Did the city's public safety director intentionally reduce emergency response times in affected neighborhoods? Answer on a scale from 0 (not at all intentionally) to 10 (completely intentionally).,"How blameworthy is the city's public safety director for this, on a scale from 0 (not at all) to 10 (extremely)?","How praiseworthy is the city's public safety director for this, on a scale from 0 (not at all) to 10 (extremely)?"
COMM-MG-01-D,COMM-MG-01,Community,MG,,good,uncommon,high,"The city's public safety director implemented a custom resource allocation plan designed specifically for this city, an approach rarely used by comparable cities to reallocate emergency response resources across the city to reduce the department's overtime budget. The city's public safety director did not care at all about the effect this would have on residents living in the neighborhoods affected by the reallocation. The city's public safety director knew that this would reduce emergency response times in affected neighborhoods: several residents said crews arrived and contained a fire before it could spread beyond the room where it started.",Did the city's public safety director intentionally reduce emergency response times in affected neighborhoods? Answer on a scale from 0 (not at all intentionally) to 10 (completely intentionally).,"How blameworthy is the city's public safety director for this, on a scale from 0 (not at all) to 10 (extremely)?","How praiseworthy is the city's public safety director for this, on a scale from 0 (not at all) to 10 (extremely)?"
COMM-NMB-01-A,COMM-NMB-01,Community,NMB,aesthetic,bad,common,low,The city's public safety director adopted a resource allocation plan widely used by comparable cities to reallocate emergency response resources across the city to reduce the department's overtime budget. The city's public safety director did not care at all about the effect this would have on residents seeing the fire station's exterior signage. The city's public safety director knew that this would change the fire station's exterior sign design: a subsequent community survey found the new station sign design rated as noticeably less appealing than the previous one.,Did the city's public safety director intentionally change the fire station's exterior sign design? Answer on a scale from 0 (not at all intentionally) to 10 (completely intentionally).,"How blameworthy is the city's public safety director for this, on a scale from 0 (not at all) to 10 (extremely)?","How praiseworthy is the city's public safety director for this, on a scale from 0 (not at all) to 10 (extremely)?"
COMM-NMB-01-B,COMM-NMB-01,Community,NMB,aesthetic,bad,common,high,The city's public safety director adopted a resource allocation plan widely used by comparable cities to reallocate emergency response resources across the city to reduce the department's overtime budget. The city's public safety director did not care at all about the effect this would have on residents seeing the fire station's exterior signage. The city's public safety director knew that this would change the fire station's exterior sign design: several residents said the new sign's lettering looked plain compared to the station's old sign.,Did the city's public safety director intentionally change the fire station's exterior sign design? Answer on a scale from 0 (not at all intentionally) to 10 (completely intentionally).,"How blameworthy is the city's public safety director for this, on a scale from 0 (not at all) to 10 (extremely)?","How praiseworthy is the city's public safety director for this, on a scale from 0 (not at all) to 10 (extremely)?"
COMM-NMB-01-C,COMM-NMB-01,Community,NMB,aesthetic,bad,uncommon,low,"The city's public safety director implemented a custom resource allocation plan designed specifically for this city, an approach rarely used by comparable cities to reallocate emergency response resources across the city to reduce the department's overtime budget. The city's public safety director did not care at all about the effect this would have on residents seeing the fire station's exterior signage. The city's public safety director knew that this would change the fire station's exterior sign design: a subsequent community survey found the new station sign design rated as noticeably less appealing than the previous one.",Did the city's public safety director intentionally change the fire station's exterior sign design? Answer on a scale from 0 (not at all intentionally) to 10 (completely intentionally).,"How blameworthy is the city's public safety director for this, on a scale from 0 (not at all) to 10 (extremely)?","How praiseworthy is the city's public safety director for this, on a scale from 0 (not at all) to 10 (extremely)?"
COMM-NMB-01-D,COMM-NMB-01,Community,NMB,aesthetic,bad,uncommon,high,"The city's public safety director implemented a custom resource allocation plan designed specifically for this city, an approach rarely used by comparable cities to reallocate emergency response resources across the city to reduce the department's overtime budget. The city's public safety director did not care at all about the effect this would have on residents seeing the fire station's exterior signage. The city's public safety director knew that this would change the fire station's exterior sign design: several residents said the new sign's lettering looked plain compared to the station's old sign.",Did the city's public safety director intentionally change the fire station's exterior sign design? Answer on a scale from 0 (not at all intentionally) to 10 (completely intentionally).,"How blameworthy is the city's public safety director for this, on a scale from 0 (not at all) to 10 (extremely)?","How praiseworthy is the city's public safety director for this, on a scale from 0 (not at all) to 10 (extremely)?"
COMM-NMG-01-A,COMM-NMG-01,Community,NMG,aesthetic,good,common,low,The city's public safety director adopted a resource allocation plan widely used by comparable cities to reallocate emergency response resources across the city to reduce the department's overtime budget. The city's public safety director did not care at all about the effect this would have on residents seeing the fire station's exterior signage. The city's public safety director knew that this would change the fire station's exterior sign design: a subsequent community survey found the new station sign design rated as noticeably more appealing than the previous one.,Did the city's public safety director intentionally change the fire station's exterior sign design? Answer on a scale from 0 (not at all intentionally) to 10 (completely intentionally).,"How blameworthy is the city's public safety director for this, on a scale from 0 (not at all) to 10 (extremely)?","How praiseworthy is the city's public safety director for this, on a scale from 0 (not at all) to 10 (extremely)?"
COMM-NMG-01-B,COMM-NMG-01,Community,NMG,aesthetic,good,common,high,The city's public safety director adopted a resource allocation plan widely used by comparable cities to reallocate emergency response resources across the city to reduce the department's overtime budget. The city's public safety director did not care at all about the effect this would have on residents seeing the fire station's exterior signage. The city's public safety director knew that this would change the fire station's exterior sign design: several residents said the new sign's lettering looked sharper compared to the station's old sign.,Did the city's public safety director intentionally change the fire station's exterior sign design? Answer on a scale from 0 (not at all intentionally) to 10 (completely intentionally).,"How blameworthy is the city's public safety director for this, on a scale from 0 (not at all) to 10 (extremely)?","How praiseworthy is the city's public safety director for this, on a scale from 0 (not at all) to 10 (extremely)?"
COMM-NMG-01-C,COMM-NMG-01,Community,NMG,aesthetic,good,uncommon,low,"The city's public safety director implemented a custom resource allocation plan designed specifically for this city, an approach rarely used by comparable cities to reallocate emergency response resources across the city to reduce the department's overtime budget. The city's public safety director did not care at all about the effect this would have on residents seeing the fire station's exterior signage. The city's public safety director knew that this would change the fire station's exterior sign design: a subsequent community survey found the new station sign design rated as noticeably more appealing than the previous one.",Did the city's public safety director intentionally change the fire station's exterior sign design? Answer on a scale from 0 (not at all intentionally) to 10 (completely intentionally).,"How blameworthy is the city's public safety director for this, on a scale from 0 (not at all) to 10 (extremely)?","How praiseworthy is the city's public safety director for this, on a scale from 0 (not at all) to 10 (extremely)?"
COMM-NMG-01-D,COMM-NMG-01,Community,NMG,aesthetic,good,uncommon,high,"The city's public safety director implemented a custom resource allocation plan designed specifically for this city, an approach rarely used by comparable cities to reallocate emergency response resources across the city to reduce the department's overtime budget. The city's public safety director did not care at all about the effect this would have on residents seeing the fire station's exterior signage. The city's public safety director knew that this would change the fire station's exterior sign design: several residents said the new sign's lettering looked sharper compared to the station's old sign.",Did the city's public safety director intentionally change the fire station's exterior sign design? Answer on a scale from 0 (not at all intentionally) to 10 (completely intentionally).,"How blameworthy is the city's public safety director for this, on a scale from 0 (not at all) to 10 (extremely)?","How praiseworthy is the city's public safety director for this, on a scale from 0 (not at all) to 10 (extremely)?"
COMM-NEU-01-A,COMM-NEU-01,Community,NEU,,na,common,low,The city's public safety director adopted a resource allocation plan widely used by comparable cities to reallocate emergency response resources across the city to reduce the department's overtime budget. The city's public safety director did not care at all about the effect this would have on staff who log dispatch records in the department's tracking system. The city's public safety director knew that this would change the dispatch log's internal file-naming format: the new allocation plan's dispatch software began saving dispatch records under a different internal file-naming convention than before.,Did the city's public safety director intentionally change the dispatch log's internal file-naming format? Answer on a scale from 0 (not at all intentionally) to 10 (completely intentionally).,"How blameworthy is the city's public safety director for this, on a scale from 0 (not at all) to 10 (extremely)?","How praiseworthy is the city's public safety director for this, on a scale from 0 (not at all) to 10 (extremely)?"
COMM-NEU-01-B,COMM-NEU-01,Community,NEU,,na,common,high,"The city's public safety director adopted a resource allocation plan widely used by comparable cities to reallocate emergency response resources across the city to reduce the department's overtime budget. The city's public safety director did not care at all about the effect this would have on staff who log dispatch records in the department's tracking system. The city's public safety director knew that this would change the dispatch log's internal file-naming format: a dispatch record that would have been saved as 'DISPATCH_083127.csv' under the old system is now saved as '2027-08-31_DispatchLog.csv' instead, with no change to who reviews the records or how dispatch is scheduled.",Did the city's public safety director intentionally change the dispatch log's internal file-naming format? Answer on a scale from 0 (not at all intentionally) to 10 (completely intentionally).,"How blameworthy is the city's public safety director for this, on a scale from 0 (not at all) to 10 (extremely)?","How praiseworthy is the city's public safety director for this, on a scale from 0 (not at all) to 10 (extremely)?"
COMM-NEU-01-C,COMM-NEU-01,Community,NEU,,na,uncommon,low,"The city's public safety director implemented a custom resource allocation plan designed specifically for this city, an approach rarely used by comparable cities to reallocate emergency response resources across the city to reduce the department's overtime budget. The city's public safety director did not care at all about the effect this would have on staff who log dispatch records in the department's tracking system. The city's public safety director knew that this would change the dispatch log's internal file-naming format: the new allocation plan's dispatch software began saving dispatch records under a different internal file-naming convention than before.",Did the city's public safety director intentionally change the dispatch log's internal file-naming format? Answer on a scale from 0 (not at all intentionally) to 10 (completely intentionally).,"How blameworthy is the city's public safety director for this, on a scale from 0 (not at all) to 10 (extremely)?","How praiseworthy is the city's public safety director for this, on a scale from 0 (not at all) to 10 (extremely)?"
COMM-NEU-01-D,COMM-NEU-01,Community,NEU,,na,uncommon,high,"The city's public safety director implemented a custom resource allocation plan designed specifically for this city, an approach rarely used by comparable cities to reallocate emergency response resources across the city to reduce the department's overtime budget. The city's public safety director did not care at all about the effect this would have on staff who log dispatch records in the department's tracking system. The city's public safety director knew that this would change the dispatch log's internal file-naming format: a dispatch record that would have been saved as 'DISPATCH_083127.csv' under the old system is now saved as '2027-08-31_DispatchLog.csv' instead, with no change to who reviews the records or how dispatch is scheduled.",Did the city's public safety director intentionally change the dispatch log's internal file-naming format? Answer on a scale from 0 (not at all intentionally) to 10 (completely intentionally).,"How blameworthy is the city's public safety director for this, on a scale from 0 (not at all) to 10 (extremely)?","How praiseworthy is the city's public safety director for this, on a scale from 0 (not at all) to 10 (extremely)?"
COMM-MB-02-A,COMM-MB-02,Community,MB,,bad,common,low,The transit authority director adopted a route restructuring plan widely used by comparable transit agencies to restructure bus routes to reduce the agency's operating costs. The transit authority director did not care at all about the effect this would have on residents who rely on the bus routes for transportation. The transit authority director knew that this would reduce residents' access to reliable transportation to work and essential services: a subsequent ridership review found residents along the affected routes experienced noticeably longer average commute times under the new schedule.,Did the transit authority director intentionally reduce residents' access to reliable transportation to work and essential services? Answer on a scale from 0 (not at all intentionally) to 10 (completely intentionally).,"How blameworthy is the transit authority director for this, on a scale from 0 (not at all) to 10 (extremely)?","How praiseworthy is the transit authority director for this, on a scale from 0 (not at all) to 10 (extremely)?"
COMM-MB-02-B,COMM-MB-02,Community,MB,,bad,common,high,The transit authority director adopted a route restructuring plan widely used by comparable transit agencies to restructure bus routes to reduce the agency's operating costs. The transit authority director did not care at all about the effect this would have on residents who rely on the bus routes for transportation. The transit authority director knew that this would reduce residents' access to reliable transportation to work and essential services: several residents said they lost their jobs after repeatedly arriving late to work once their route's bus stopped running early enough to get them there on time.,Did the transit authority director intentionally reduce residents' access to reliable transportation to work and essential services? Answer on a scale from 0 (not at all intentionally) to 10 (completely intentionally).,"How blameworthy is the transit authority director for this, on a scale from 0 (not at all) to 10 (extremely)?","How praiseworthy is the transit authority director for this, on a scale from 0 (not at all) to 10 (extremely)?"
COMM-MB-02-C,COMM-MB-02,Community,MB,,bad,uncommon,low,"The transit authority director implemented a custom route restructuring plan designed specifically for this agency, an approach rarely used by comparable agencies to restructure bus routes to reduce the agency's operating costs. The transit authority director did not care at all about the effect this would have on residents who rely on the bus routes for transportation. The transit authority director knew that this would reduce residents' access to reliable transportation to work and essential services: a subsequent ridership review found residents along the affected routes experienced noticeably longer average commute times under the new schedule.",Did the transit authority director intentionally reduce residents' access to reliable transportation to work and essential services? Answer on a scale from 0 (not at all intentionally) to 10 (completely intentionally).,"How blameworthy is the transit authority director for this, on a scale from 0 (not at all) to 10 (extremely)?","How praiseworthy is the transit authority director for this, on a scale from 0 (not at all) to 10 (extremely)?"
COMM-MB-02-D,COMM-MB-02,Community,MB,,bad,uncommon,high,"The transit authority director implemented a custom route restructuring plan designed specifically for this agency, an approach rarely used by comparable agencies to restructure bus routes to reduce the agency's operating costs. The transit authority director did not care at all about the effect this would have on residents who rely on the bus routes for transportation. The transit authority director knew that this would reduce residents' access to reliable transportation to work and essential services: several residents said they lost their jobs after repeatedly arriving late to work once their route's bus stopped running early enough to get them there on time.",Did the transit authority director intentionally reduce residents' access to reliable transportation to work and essential services? Answer on a scale from 0 (not at all intentionally) to 10 (completely intentionally).,"How blameworthy is the transit authority director for this, on a scale from 0 (not at all) to 10 (extremely)?","How praiseworthy is the transit authority director for this, on a scale from 0 (not at all) to 10 (extremely)?"
COMM-MG-02-A,COMM-MG-02,Community,MG,,good,common,low,The transit authority director adopted a route restructuring plan widely used by comparable transit agencies to restructure bus routes to reduce the agency's operating costs. The transit authority director did not care at all about the effect this would have on residents who rely on the bus routes for transportation. The transit authority director knew that this would improve residents' access to reliable transportation to work and essential services: a subsequent ridership review found residents along the affected routes experienced noticeably shorter average commute times under the new schedule.,Did the transit authority director intentionally improve residents' access to reliable transportation to work and essential services? Answer on a scale from 0 (not at all intentionally) to 10 (completely intentionally).,"How blameworthy is the transit authority director for this, on a scale from 0 (not at all) to 10 (extremely)?","How praiseworthy is the transit authority director for this, on a scale from 0 (not at all) to 10 (extremely)?"
COMM-MG-02-B,COMM-MG-02,Community,MG,,good,common,high,The transit authority director adopted a route restructuring plan widely used by comparable transit agencies to restructure bus routes to reduce the agency's operating costs. The transit authority director did not care at all about the effect this would have on residents who rely on the bus routes for transportation. The transit authority director knew that this would improve residents' access to reliable transportation to work and essential services: several residents who had previously struggled to arrive at work on time said the new schedule let them get to their shifts with time to spare.,Did the transit authority director intentionally improve residents' access to reliable transportation to work and essential services? Answer on a scale from 0 (not at all intentionally) to 10 (completely intentionally).,"How blameworthy is the transit authority director for this, on a scale from 0 (not at all) to 10 (extremely)?","How praiseworthy is the transit authority director for this, on a scale from 0 (not at all) to 10 (extremely)?"
COMM-MG-02-C,COMM-MG-02,Community,MG,,good,uncommon,low,"The transit authority director implemented a custom route restructuring plan designed specifically for this agency, an approach rarely used by comparable agencies to restructure bus routes to reduce the agency's operating costs. The transit authority director did not care at all about the effect this would have on residents who rely on the bus routes for transportation. The transit authority director knew that this would improve residents' access to reliable transportation to work and essential services: a subsequent ridership review found residents along the affected routes experienced noticeably shorter average commute times under the new schedule.",Did the transit authority director intentionally improve residents' access to reliable transportation to work and essential services? Answer on a scale from 0 (not at all intentionally) to 10 (completely intentionally).,"How blameworthy is the transit authority director for this, on a scale from 0 (not at all) to 10 (extremely)?","How praiseworthy is the transit authority director for this, on a scale from 0 (not at all) to 10 (extremely)?"
COMM-MG-02-D,COMM-MG-02,Community,MG,,good,uncommon,high,"The transit authority director implemented a custom route restructuring plan designed specifically for this agency, an approach rarely used by comparable agencies to restructure bus routes to reduce the agency's operating costs. The transit authority director did not care at all about the effect this would have on residents who rely on the bus routes for transportation. The transit authority director knew that this would improve residents' access to reliable transportation to work and essential services: several residents who had previously struggled to arrive at work on time said the new schedule let them get to their shifts with time to spare.",Did the transit authority director intentionally improve residents' access to reliable transportation to work and essential services? Answer on a scale from 0 (not at all intentionally) to 10 (completely intentionally).,"How blameworthy is the transit authority director for this, on a scale from 0 (not at all) to 10 (extremely)?","How praiseworthy is the transit authority director for this, on a scale from 0 (not at all) to 10 (extremely)?"
COMM-NMB-02-A,COMM-NMB-02,Community,NMB,aesthetic,bad,common,low,The transit authority director adopted a route restructuring plan widely used by comparable transit agencies to restructure bus routes to reduce the agency's operating costs. The transit authority director did not care at all about the effect this would have on the public seeing the buses around town. The transit authority director knew that this would change the bus fleet's exterior livery design: a subsequent community survey found the new livery design rated as noticeably less appealing than the previous one.,Did the transit authority director intentionally change the bus fleet's exterior livery design? Answer on a scale from 0 (not at all intentionally) to 10 (completely intentionally).,"How blameworthy is the transit authority director for this, on a scale from 0 (not at all) to 10 (extremely)?","How praiseworthy is the transit authority director for this, on a scale from 0 (not at all) to 10 (extremely)?"
COMM-NMB-02-B,COMM-NMB-02,Community,NMB,aesthetic,bad,common,high,The transit authority director adopted a route restructuring plan widely used by comparable transit agencies to restructure bus routes to reduce the agency's operating costs. The transit authority director did not care at all about the effect this would have on the public seeing the buses around town. The transit authority director knew that this would change the bus fleet's exterior livery design: several residents said the new bus color scheme looked dull compared to the old livery.,Did the transit authority director intentionally change the bus fleet's exterior livery design? Answer on a scale from 0 (not at all intentionally) to 10 (completely intentionally).,"How blameworthy is the transit authority director for this, on a scale from 0 (not at all) to 10 (extremely)?","How praiseworthy is the transit authority director for this, on a scale from 0 (not at all) to 10 (extremely)?"
COMM-NMB-02-C,COMM-NMB-02,Community,NMB,aesthetic,bad,uncommon,low,"The transit authority director implemented a custom route restructuring plan designed specifically for this agency, an approach rarely used by comparable agencies to restructure bus routes to reduce the agency's operating costs. The transit authority director did not care at all about the effect this would have on the public seeing the buses around town. The transit authority director knew that this would change the bus fleet's exterior livery design: a subsequent community survey found the new livery design rated as noticeably less appealing than the previous one.",Did the transit authority director intentionally change the bus fleet's exterior livery design? Answer on a scale from 0 (not at all intentionally) to 10 (completely intentionally).,"How blameworthy is the transit authority director for this, on a scale from 0 (not at all) to 10 (extremely)?","How praiseworthy is the transit authority director for this, on a scale from 0 (not at all) to 10 (extremely)?"
COMM-NMB-02-D,COMM-NMB-02,Community,NMB,aesthetic,bad,uncommon,high,"The transit authority director implemented a custom route restructuring plan designed specifically for this agency, an approach rarely used by comparable agencies to restructure bus routes to reduce the agency's operating costs. The transit authority director did not care at all about the effect this would have on the public seeing the buses around town. The transit authority director knew that this would change the bus fleet's exterior livery design: several residents said the new bus color scheme looked dull compared to the old livery.",Did the transit authority director intentionally change the bus fleet's exterior livery design? Answer on a scale from 0 (not at all intentionally) to 10 (completely intentionally).,"How blameworthy is the transit authority director for this, on a scale from 0 (not at all) to 10 (extremely)?","How praiseworthy is the transit authority director for this, on a scale from 0 (not at all) to 10 (extremely)?"
COMM-NMG-02-A,COMM-NMG-02,Community,NMG,aesthetic,good,common,low,The transit authority director adopted a route restructuring plan widely used by comparable transit agencies to restructure bus routes to reduce the agency's operating costs. The transit authority director did not care at all about the effect this would have on the public seeing the buses around town. The transit authority director knew that this would change the bus fleet's exterior livery design: a subsequent community survey found the new livery design rated as noticeably more appealing than the previous one.,Did the transit authority director intentionally change the bus fleet's exterior livery design? Answer on a scale from 0 (not at all intentionally) to 10 (completely intentionally).,"How blameworthy is the transit authority director for this, on a scale from 0 (not at all) to 10 (extremely)?","How praiseworthy is the transit authority director for this, on a scale from 0 (not at all) to 10 (extremely)?"
COMM-NMG-02-B,COMM-NMG-02,Community,NMG,aesthetic,good,common,high,The transit authority director adopted a route restructuring plan widely used by comparable transit agencies to restructure bus routes to reduce the agency's operating costs. The transit authority director did not care at all about the effect this would have on the public seeing the buses around town. The transit authority director knew that this would change the bus fleet's exterior livery design: several residents said the new bus color scheme looked vibrant compared to the old livery.,Did the transit authority director intentionally change the bus fleet's exterior livery design? Answer on a scale from 0 (not at all intentionally) to 10 (completely intentionally).,"How blameworthy is the transit authority director for this, on a scale from 0 (not at all) to 10 (extremely)?","How praiseworthy is the transit authority director for this, on a scale from 0 (not at all) to 10 (extremely)?"
COMM-NMG-02-C,COMM-NMG-02,Community,NMG,aesthetic,good,uncommon,low,"The transit authority director implemented a custom route restructuring plan designed specifically for this agency, an approach rarely used by comparable agencies to restructure bus routes to reduce the agency's operating costs. The transit authority director did not care at all about the effect this would have on the public seeing the buses around town. The transit authority director knew that this would change the bus fleet's exterior livery design: a subsequent community survey found the new livery design rated as noticeably more appealing than the previous one.",Did the transit authority director intentionally change the bus fleet's exterior livery design? Answer on a scale from 0 (not at all intentionally) to 10 (completely intentionally).,"How blameworthy is the transit authority director for this, on a scale from 0 (not at all) to 10 (extremely)?","How praiseworthy is the transit authority director for this, on a scale from 0 (not at all) to 10 (extremely)?"
COMM-NMG-02-D,COMM-NMG-02,Community,NMG,aesthetic,good,uncommon,high,"The transit authority director implemented a custom route restructuring plan designed specifically for this agency, an approach rarely used by comparable agencies to restructure bus routes to reduce the agency's operating costs. The transit authority director did not care at all about the effect this would have on the public seeing the buses around town. The transit authority director knew that this would change the bus fleet's exterior livery design: several residents said the new bus color scheme looked vibrant compared to the old livery.",Did the transit authority director intentionally change the bus fleet's exterior livery design? Answer on a scale from 0 (not at all intentionally) to 10 (completely intentionally).,"How blameworthy is the transit authority director for this, on a scale from 0 (not at all) to 10 (extremely)?","How praiseworthy is the transit authority director for this, on a scale from 0 (not at all) to 10 (extremely)?"
COMM-NEU-02-A,COMM-NEU-02,Community,NEU,,na,common,low,The transit authority director adopted a route restructuring plan widely used by comparable transit agencies to restructure bus routes to reduce the agency's operating costs. The transit authority director did not care at all about the effect this would have on staff who log route schedules in the agency's tracking system. The transit authority director knew that this would change the route-schedule log's internal file-naming format: the new restructuring plan's scheduling software began saving route schedule records under a different internal file-naming convention than before.,Did the transit authority director intentionally change the route-schedule log's internal file-naming format? Answer on a scale from 0 (not at all intentionally) to 10 (completely intentionally).,"How blameworthy is the transit authority director for this, on a scale from 0 (not at all) to 10 (extremely)?","How praiseworthy is the transit authority director for this, on a scale from 0 (not at all) to 10 (extremely)?"
COMM-NEU-02-B,COMM-NEU-02,Community,NEU,,na,common,high,"The transit authority director adopted a route restructuring plan widely used by comparable transit agencies to restructure bus routes to reduce the agency's operating costs. The transit authority director did not care at all about the effect this would have on staff who log route schedules in the agency's tracking system. The transit authority director knew that this would change the route-schedule log's internal file-naming format: a schedule record that would have been saved as 'ROUTE_083127.csv' under the old system is now saved as '2027-08-31_RouteSchedule.csv' instead, with no change to who reviews the records or how routes are tracked.",Did the transit authority director intentionally change the route-schedule log's internal file-naming format? Answer on a scale from 0 (not at all intentionally) to 10 (completely intentionally).,"How blameworthy is the transit authority director for this, on a scale from 0 (not at all) to 10 (extremely)?","How praiseworthy is the transit authority director for this, on a scale from 0 (not at all) to 10 (extremely)?"
COMM-NEU-02-C,COMM-NEU-02,Community,NEU,,na,uncommon,low,"The transit authority director implemented a custom route restructuring plan designed specifically for this agency, an approach rarely used by comparable agencies to restructure bus routes to reduce the agency's operating costs. The transit authority director did not care at all about the effect this would have on staff who log route schedules in the agency's tracking system. The transit authority director knew that this would change the route-schedule log's internal file-naming format: the new restructuring plan's scheduling software began saving route schedule records under a different internal file-naming convention than before.",Did the transit authority director intentionally change the route-schedule log's internal file-naming format? Answer on a scale from 0 (not at all intentionally) to 10 (completely intentionally).,"How blameworthy is the transit authority director for this, on a scale from 0 (not at all) to 10 (extremely)?","How praiseworthy is the transit authority director for this, on a scale from 0 (not at all) to 10 (extremely)?"
COMM-NEU-02-D,COMM-NEU-02,Community,NEU,,na,uncommon,high,"The transit authority director implemented a custom route restructuring plan designed specifically for this agency, an approach rarely used by comparable agencies to restructure bus routes to reduce the agency's operating costs. The transit authority director did not care at all about the effect this would have on staff who log route schedules in the agency's tracking system. The transit authority director knew that this would change the route-schedule log's internal file-naming format: a schedule record that would have been saved as 'ROUTE_083127.csv' under the old system is now saved as '2027-08-31_RouteSchedule.csv' instead, with no change to who reviews the records or how routes are tracked.",Did the transit authority director intentionally change the route-schedule log's internal file-naming format? Answer on a scale from 0 (not at all intentionally) to 10 (completely intentionally).,"How blameworthy is the transit authority director for this, on a scale from 0 (not at all) to 10 (extremely)?","How praiseworthy is the transit authority director for this, on a scale from 0 (not at all) to 10 (extremely)?"
